person_id,age,occupation,month,income,expense_category,expense_amount,total_expense,savings,savings_rate
1,50,Freelancer,2024-01,3362.14,Rent,990.43,2305.4,1056.75,31.43
1,50,Freelancer,2024-01,3362.14,Groceries,353.02,2305.4,1056.75,31.43
1,50,Freelancer,2024-01,3362.14,Transport,245.31,2305.4,1056.75,31.43
1,50,Freelancer,2024-01,3362.14,Entertainment,156.96,2305.4,1056.75,31.43
1,50,Freelancer,2024-01,3362.14,Utilities,148.9,2305.4,1056.75,31.43
1,50,Freelancer,2024-01,3362.14,Healthcare,154.78,2305.4,1056.75,31.43
1,50,Freelancer,2024-01,3362.14,Education,9.48,2305.4,1056.75,31.43
1,50,Freelancer,2024-01,3362.14,Shopping,246.51,2305.4,1056.75,31.43
1,50,Freelancer,2024-02,3507.49,Rent,877.14,2393.89,1113.59,31.75
1,50,Freelancer,2024-02,3507.49,Groceries,524.76,2393.89,1113.59,31.75
1,50,Freelancer,2024-02,3507.49,Transport,283.66,2393.89,1113.59,31.75
1,50,Freelancer,2024-02,3507.49,Entertainment,212.49,2393.89,1113.59,31.75
1,50,Freelancer,2024-02,3507.49,Utilities,141.04,2393.89,1113.59,31.75
1,50,Freelancer,2024-02,3507.49,Healthcare,73.39,2393.89,1113.59,31.75
1,50,Freelancer,2024-02,3507.49,Education,92.03,2393.89,1113.59,31.75
1,50,Freelancer,2024-02,3507.49,Shopping,189.37,2393.89,1113.59,31.75
1,50,Freelancer,2024-03,3128.13,Rent,1086.63,2471.85,656.28,20.98
1,50,Freelancer,2024-03,3128.13,Groceries,349.22,2471.85,656.28,20.98
1,50,Freelancer,2024-03,3128.13,Transport,170.58,2471.85,656.28,20.98
1,50,Freelancer,2024-03,3128.13,Entertainment,190.56,2471.85,656.28,20.98
1,50,Freelancer,2024-03,3128.13,Utilities,161.02,2471.85,656.28,20.98
1,50,Freelancer,2024-03,3128.13,Healthcare,185.59,2471.85,656.28,20.98
1,50,Freelancer,2024-03,3128.13,Education,73.0,2471.85,656.28,20.98
1,50,Freelancer,2024-03,3128.13,Shopping,255.24,2471.85,656.28,20.98
1,50,Freelancer,2024-04,3397.64,Rent,1002.47,2307.66,1089.98,32.08
1,50,Freelancer,2024-04,3397.64,Groceries,342.02,2307.66,1089.98,32.08
1,50,Freelancer,2024-04,3397.64,Transport,329.95,2307.66,1089.98,32.08
1,50,Freelancer,2024-04,3397.64,Entertainment,197.62,2307.66,1089.98,32.08
1,50,Freelancer,2024-04,3397.64,Utilities,175.19,2307.66,1089.98,32.08
1,50,Freelancer,2024-04,3397.64,Healthcare,70.12,2307.66,1089.98,32.08
1,50,Freelancer,2024-04,3397.64,Education,39.22,2307.66,1089.98,32.08
1,50,Freelancer,2024-04,3397.64,Shopping,151.06,2307.66,1089.98,32.08
1,50,Freelancer,2024-05,3398.9,Rent,1057.06,2448.22,950.68,27.97
1,50,Freelancer,2024-05,3398.9,Groceries,481.49,2448.22,950.68,27.97
1,50,Freelancer,2024-05,3398.9,Transport,199.41,2448.22,950.68,27.97
1,50,Freelancer,2024-05,3398.9,Entertainment,168.43,2448.22,950.68,27.97
1,50,Freelancer,2024-05,3398.9,Utilities,154.54,2448.22,950.68,27.97
1,50,Freelancer,2024-05,3398.9,Healthcare,170.67,2448.22,950.68,27.97
1,50,Freelancer,2024-05,3398.9,Education,72.25,2448.22,950.68,27.97
1,50,Freelancer,2024-05,3398.9,Shopping,144.37,2448.22,950.68,27.97
1,50,Freelancer,2024-06,3349.75,Rent,847.93,2394.85,954.89,28.51
1,50,Freelancer,2024-06,3349.75,Groceries,476.05,2394.85,954.89,28.51
1,50,Freelancer,2024-06,3349.75,Transport,242.82,2394.85,954.89,28.51
1,50,Freelancer,2024-06,3349.75,Entertainment,166.68,2394.85,954.89,28.51
1,50,Freelancer,2024-06,3349.75,Utilities,227.11,2394.85,954.89,28.51
1,50,Freelancer,2024-06,3349.75,Healthcare,164.44,2394.85,954.89,28.51
1,50,Freelancer,2024-06,3349.75,Education,54.69,2394.85,954.89,28.51
1,50,Freelancer,2024-06,3349.75,Shopping,215.14,2394.85,954.89,28.51
1,50,Freelancer,2024-07,3329.81,Rent,1152.5,2749.82,579.99,17.42
1,50,Freelancer,2024-07,3329.81,Groceries,473.59,2749.82,579.99,17.42
1,50,Freelancer,2024-07,3329.81,Transport,290.91,2749.82,579.99,17.42
1,50,Freelancer,2024-07,3329.81,Entertainment,189.75,2749.82,579.99,17.42
1,50,Freelancer,2024-07,3329.81,Utilities,191.81,2749.82,579.99,17.42
1,50,Freelancer,2024-07,3329.81,Healthcare,195.16,2749.82,579.99,17.42
1,50,Freelancer,2024-07,3329.81,Education,101.07,2749.82,579.99,17.42
1,50,Freelancer,2024-07,3329.81,Shopping,155.04,2749.82,579.99,17.42
1,50,Freelancer,2024-08,3234.3,Rent,862.03,2070.64,1163.66,35.98
1,50,Freelancer,2024-08,3234.3,Groceries,325.96,2070.64,1163.66,35.98
1,50,Freelancer,2024-08,3234.3,Transport,230.19,2070.64,1163.66,35.98
1,50,Freelancer,2024-08,3234.3,Entertainment,160.89,2070.64,1163.66,35.98
1,50,Freelancer,2024-08,3234.3,Utilities,157.85,2070.64,1163.66,35.98
1,50,Freelancer,2024-08,3234.3,Healthcare,66.51,2070.64,1163.66,35.98
1,50,Freelancer,2024-08,3234.3,Education,32.16,2070.64,1163.66,35.98
1,50,Freelancer,2024-08,3234.3,Shopping,235.07,2070.64,1163.66,35.98
1,50,Freelancer,2024-09,3444.37,Rent,1069.81,2671.84,772.53,22.43
1,50,Freelancer,2024-09,3444.37,Groceries,503.96,2671.84,772.53,22.43
1,50,Freelancer,2024-09,3444.37,Transport,284.35,2671.84,772.53,22.43
1,50,Freelancer,2024-09,3444.37,Entertainment,260.9,2671.84,772.53,22.43
1,50,Freelancer,2024-09,3444.37,Utilities,225.61,2671.84,772.53,22.43
1,50,Freelancer,2024-09,3444.37,Healthcare,130.81,2671.84,772.53,22.43
1,50,Freelancer,2024-09,3444.37,Education,16.43,2671.84,772.53,22.43
1,50,Freelancer,2024-09,3444.37,Shopping,179.97,2671.84,772.53,22.43
1,50,Freelancer,2024-10,3392.77,Rent,1074.12,2694.06,698.7,20.59
1,50,Freelancer,2024-10,3392.77,Groceries,439.58,2694.06,698.7,20.59
1,50,Freelancer,2024-10,3392.77,Transport,216.24,2694.06,698.7,20.59
1,50,Freelancer,2024-10,3392.77,Entertainment,196.99,2694.06,698.7,20.59
1,50,Freelancer,2024-10,3392.77,Utilities,174.69,2694.06,698.7,20.59
1,50,Freelancer,2024-10,3392.77,Healthcare,199.73,2694.06,698.7,20.59
1,50,Freelancer,2024-10,3392.77,Education,144.01,2694.06,698.7,20.59
1,50,Freelancer,2024-10,3392.77,Shopping,248.7,2694.06,698.7,20.59
1,50,Freelancer,2024-11,3208.65,Rent,884.33,2192.36,1016.29,31.67
1,50,Freelancer,2024-11,3208.65,Groceries,327.35,2192.36,1016.29,31.67
1,50,Freelancer,2024-11,3208.65,Transport,274.45,2192.36,1016.29,31.67
1,50,Freelancer,2024-11,3208.65,Entertainment,114.05,2192.36,1016.29,31.67
1,50,Freelancer,2024-11,3208.65,Utilities,170.64,2192.36,1016.29,31.67
1,50,Freelancer,2024-11,3208.65,Healthcare,90.06,2192.36,1016.29,31.67
1,50,Freelancer,2024-11,3208.65,Education,143.71,2192.36,1016.29,31.67
1,50,Freelancer,2024-11,3208.65,Shopping,187.78,2192.36,1016.29,31.67
1,50,Freelancer,2024-12,3347.86,Rent,1069.82,2575.07,772.8,23.08
1,50,Freelancer,2024-12,3347.86,Groceries,358.11,2575.07,772.8,23.08
1,50,Freelancer,2024-12,3347.86,Transport,268.57,2575.07,772.8,23.08
1,50,Freelancer,2024-12,3347.86,Entertainment,190.8,2575.07,772.8,23.08
1,50,Freelancer,2024-12,3347.86,Utilities,154.31,2575.07,772.8,23.08
1,50,Freelancer,2024-12,3347.86,Healthcare,193.22,2575.07,772.8,23.08
1,50,Freelancer,2024-12,3347.86,Education,100.25,2575.07,772.8,23.08
1,50,Freelancer,2024-12,3347.86,Shopping,240.0,2575.07,772.8,23.08
1,50,Freelancer,2025-01,3482.78,Rent,1088.14,2480.29,1002.49,28.78
1,50,Freelancer,2025-01,3482.78,Groceries,399.76,2480.29,1002.49,28.78
1,50,Freelancer,2025-01,3482.78,Transport,192.51,2480.29,1002.49,28.78
1,50,Freelancer,2025-01,3482.78,Entertainment,183.98,2480.29,1002.49,28.78
1,50,Freelancer,2025-01,3482.78,Utilities,162.13,2480.29,1002.49,28.78
1,50,Freelancer,2025-01,3482.78,Healthcare,127.68,2480.29,1002.49,28.78
1,50,Freelancer,2025-01,3482.78,Education,153.81,2480.29,1002.49,28.78
1,50,Freelancer,2025-01,3482.78,Shopping,172.26,2480.29,1002.49,28.78
1,50,Freelancer,2025-02,3160.21,Rent,902.65,2168.53,991.68,31.38
1,50,Freelancer,2025-02,3160.21,Groceries,459.31,2168.53,991.68,31.38
1,50,Freelancer,2025-02,3160.21,Transport,201.01,2168.53,991.68,31.38
1,50,Freelancer,2025-02,3160.21,Entertainment,197.15,2168.53,991.68,31.38
1,50,Freelancer,2025-02,3160.21,Utilities,126.46,2168.53,991.68,31.38
1,50,Freelancer,2025-02,3160.21,Healthcare,107.77,2168.53,991.68,31.38
1,50,Freelancer,2025-02,3160.21,Education,48.16,2168.53,991.68,31.38
1,50,Freelancer,2025-02,3160.21,Shopping,126.03,2168.53,991.68,31.38
1,50,Freelancer,2025-03,3335.45,Rent,995.57,2317.19,1018.26,30.53
1,50,Freelancer,2025-03,3335.45,Groceries,449.02,2317.19,1018.26,30.53
1,50,Freelancer,2025-03,3335.45,Transport,211.7,2317.19,1018.26,30.53
1,50,Freelancer,2025-03,3335.45,Entertainment,140.78,2317.19,1018.26,30.53
1,50,Freelancer,2025-03,3335.45,Utilities,150.26,2317.19,1018.26,30.53
1,50,Freelancer,2025-03,3335.45,Healthcare,95.9,2317.19,1018.26,30.53
1,50,Freelancer,2025-03,3335.45,Education,93.08,2317.19,1018.26,30.53
1,50,Freelancer,2025-03,3335.45,Shopping,180.88,2317.19,1018.26,30.53
1,50,Freelancer,2025-04,3135.88,Rent,863.59,2334.51,801.37,25.55
1,50,Freelancer,2025-04,3135.88,Groceries,352.3,2334.51,801.37,25.55
1,50,Freelancer,2025-04,3135.88,Transport,265.97,2334.51,801.37,25.55
1,50,Freelancer,2025-04,3135.88,Entertainment,205.76,2334.51,801.37,25.55
1,50,Freelancer,2025-04,3135.88,Utilities,139.37,2334.51,801.37,25.55
1,50,Freelancer,2025-04,3135.88,Healthcare,187.87,2334.51,801.37,25.55
1,50,Freelancer,2025-04,3135.88,Education,41.83,2334.51,801.37,25.55
1,50,Freelancer,2025-04,3135.88,Shopping,277.83,2334.51,801.37,25.55
1,50,Freelancer,2025-05,3283.11,Rent,831.63,2309.2,973.91,29.66
1,50,Freelancer,2025-05,3283.11,Groceries,384.96,2309.2,973.91,29.66
1,50,Freelancer,2025-05,3283.11,Transport,268.29,2309.2,973.91,29.66
1,50,Freelancer,2025-05,3283.11,Entertainment,210.23,2309.2,973.91,29.66
1,50,Freelancer,2025-05,3283.11,Utilities,183.62,2309.2,973.91,29.66
1,50,Freelancer,2025-05,3283.11,Healthcare,124.47,2309.2,973.91,29.66
1,50,Freelancer,2025-05,3283.11,Education,90.76,2309.2,973.91,29.66
1,50,Freelancer,2025-05,3283.11,Shopping,215.25,2309.2,973.91,29.66
1,50,Freelancer,2025-06,3142.67,Rent,901.84,2410.19,732.48,23.31
1,50,Freelancer,2025-06,3142.67,Groceries,352.32,2410.19,732.48,23.31
1,50,Freelancer,2025-06,3142.67,Transport,283.33,2410.19,732.48,23.31
1,50,Freelancer,2025-06,3142.67,Entertainment,168.18,2410.19,732.48,23.31
1,50,Freelancer,2025-06,3142.67,Utilities,218.42,2410.19,732.48,23.31
1,50,Freelancer,2025-06,3142.67,Healthcare,112.99,2410.19,732.48,23.31
1,50,Freelancer,2025-06,3142.67,Education,128.29,2410.19,732.48,23.31
1,50,Freelancer,2025-06,3142.67,Shopping,244.82,2410.19,732.48,23.31
1,50,Freelancer,2025-07,3172.38,Rent,954.32,2415.06,757.33,23.87
1,50,Freelancer,2025-07,3172.38,Groceries,427.61,2415.06,757.33,23.87
1,50,Freelancer,2025-07,3172.38,Transport,294.77,2415.06,757.33,23.87
1,50,Freelancer,2025-07,3172.38,Entertainment,146.87,2415.06,757.33,23.87
1,50,Freelancer,2025-07,3172.38,Utilities,147.86,2415.06,757.33,23.87
1,50,Freelancer,2025-07,3172.38,Healthcare,153.69,2415.06,757.33,23.87
1,50,Freelancer,2025-07,3172.38,Education,128.4,2415.06,757.33,23.87
1,50,Freelancer,2025-07,3172.38,Shopping,161.54,2415.06,757.33,23.87
1,50,Freelancer,2025-08,3149.19,Rent,1083.48,2501.47,647.71,20.57
1,50,Freelancer,2025-08,3149.19,Groceries,377.52,2501.47,647.71,20.57
1,50,Freelancer,2025-08,3149.19,Transport,238.98,2501.47,647.71,20.57
1,50,Freelancer,2025-08,3149.19,Entertainment,226.38,2501.47,647.71,20.57
1,50,Freelancer,2025-08,3149.19,Utilities,189.8,2501.47,647.71,20.57
1,50,Freelancer,2025-08,3149.19,Healthcare,155.6,2501.47,647.71,20.57
1,50,Freelancer,2025-08,3149.19,Education,32.92,2501.47,647.71,20.57
1,50,Freelancer,2025-08,3149.19,Shopping,196.78,2501.47,647.71,20.57
1,50,Freelancer,2025-09,3404.23,Rent,928.86,2573.55,830.68,24.4
1,50,Freelancer,2025-09,3404.23,Groceries,370.2,2573.55,830.68,24.4
1,50,Freelancer,2025-09,3404.23,Transport,337.39,2573.55,830.68,24.4
1,50,Freelancer,2025-09,3404.23,Entertainment,190.06,2573.55,830.68,24.4
1,50,Freelancer,2025-09,3404.23,Utilities,162.81,2573.55,830.68,24.4
1,50,Freelancer,2025-09,3404.23,Healthcare,203.74,2573.55,830.68,24.4
1,50,Freelancer,2025-09,3404.23,Education,164.33,2573.55,830.68,24.4
1,50,Freelancer,2025-09,3404.23,Shopping,216.16,2573.55,830.68,24.4
1,50,Freelancer,2025-10,3483.7,Rent,936.67,2673.67,810.03,23.25
1,50,Freelancer,2025-10,3483.7,Groceries,396.95,2673.67,810.03,23.25
1,50,Freelancer,2025-10,3483.7,Transport,296.18,2673.67,810.03,23.25
1,50,Freelancer,2025-10,3483.7,Entertainment,251.99,2673.67,810.03,23.25
1,50,Freelancer,2025-10,3483.7,Utilities,228.84,2673.67,810.03,23.25
1,50,Freelancer,2025-10,3483.7,Healthcare,126.04,2673.67,810.03,23.25
1,50,Freelancer,2025-10,3483.7,Education,154.64,2673.67,810.03,23.25
1,50,Freelancer,2025-10,3483.7,Shopping,282.37,2673.67,810.03,23.25
1,50,Freelancer,2025-11,3506.24,Rent,1151.92,2732.42,773.83,22.07
1,50,Freelancer,2025-11,3506.24,Groceries,467.91,2732.42,773.83,22.07
1,50,Freelancer,2025-11,3506.24,Transport,277.11,2732.42,773.83,22.07
1,50,Freelancer,2025-11,3506.24,Entertainment,170.45,2732.42,773.83,22.07
1,50,Freelancer,2025-11,3506.24,Utilities,239.14,2732.42,773.83,22.07
1,50,Freelancer,2025-11,3506.24,Healthcare,206.68,2732.42,773.83,22.07
1,50,Freelancer,2025-11,3506.24,Education,49.77,2732.42,773.83,22.07
1,50,Freelancer,2025-11,3506.24,Shopping,169.43,2732.42,773.83,22.07
1,50,Freelancer,2025-12,3314.83,Rent,977.35,2350.91,963.92,29.08
1,50,Freelancer,2025-12,3314.83,Groceries,496.31,2350.91,963.92,29.08
1,50,Freelancer,2025-12,3314.83,Transport,194.9,2350.91,963.92,29.08
1,50,Freelancer,2025-12,3314.83,Entertainment,102.44,2350.91,963.92,29.08
1,50,Freelancer,2025-12,3314.83,Utilities,181.71,2350.91,963.92,29.08
1,50,Freelancer,2025-12,3314.83,Healthcare,90.01,2350.91,963.92,29.08
1,50,Freelancer,2025-12,3314.83,Education,60.74,2350.91,963.92,29.08
1,50,Freelancer,2025-12,3314.83,Shopping,247.45,2350.91,963.92,29.08
2,38,Doctor,2024-01,5635.63,Rent,1714.66,4393.48,1242.15,22.04
2,38,Doctor,2024-01,5635.63,Groceries,706.94,4393.48,1242.15,22.04
2,38,Doctor,2024-01,5635.63,Transport,461.09,4393.48,1242.15,22.04
2,38,Doctor,2024-01,5635.63,Entertainment,239.64,4393.48,1242.15,22.04
2,38,Doctor,2024-01,5635.63,Utilities,325.15,4393.48,1242.15,22.04
2,38,Doctor,2024-01,5635.63,Healthcare,333.38,4393.48,1242.15,22.04
2,38,Doctor,2024-01,5635.63,Education,137.16,4393.48,1242.15,22.04
2,38,Doctor,2024-01,5635.63,Shopping,475.46,4393.48,1242.15,22.04
2,38,Doctor,2024-02,5729.12,Rent,1632.84,4385.67,1343.45,23.45
2,38,Doctor,2024-02,5729.12,Groceries,757.71,4385.67,1343.45,23.45
2,38,Doctor,2024-02,5729.12,Transport,478.07,4385.67,1343.45,23.45
2,38,Doctor,2024-02,5729.12,Entertainment,419.42,4385.67,1343.45,23.45
2,38,Doctor,2024-02,5729.12,Utilities,268.73,4385.67,1343.45,23.45
2,38,Doctor,2024-02,5729.12,Healthcare,228.98,4385.67,1343.45,23.45
2,38,Doctor,2024-02,5729.12,Education,163.85,4385.67,1343.45,23.45
2,38,Doctor,2024-02,5729.12,Shopping,436.06,4385.67,1343.45,23.45
2,38,Doctor,2024-03,5439.94,Rent,1901.01,4413.76,1026.17,18.86
2,38,Doctor,2024-03,5439.94,Groceries,671.82,4413.76,1026.17,18.86
2,38,Doctor,2024-03,5439.94,Transport,348.04,4413.76,1026.17,18.86
2,38,Doctor,2024-03,5439.94,Entertainment,403.51,4413.76,1026.17,18.86
2,38,Doctor,2024-03,5439.94,Utilities,339.62,4413.76,1026.17,18.86
2,38,Doctor,2024-03,5439.94,Healthcare,316.18,4413.76,1026.17,18.86
2,38,Doctor,2024-03,5439.94,Education,89.96,4413.76,1026.17,18.86
2,38,Doctor,2024-03,5439.94,Shopping,343.62,4413.76,1026.17,18.86
2,38,Doctor,2024-04,5831.17,Rent,2029.44,4177.52,1653.65,28.36
2,38,Doctor,2024-04,5831.17,Groceries,605.08,4177.52,1653.65,28.36
2,38,Doctor,2024-04,5831.17,Transport,380.69,4177.52,1653.65,28.36
2,38,Doctor,2024-04,5831.17,Entertainment,230.6,4177.52,1653.65,28.36
2,38,Doctor,2024-04,5831.17,Utilities,280.21,4177.52,1653.65,28.36
2,38,Doctor,2024-04,5831.17,Healthcare,229.81,4177.52,1653.65,28.36
2,38,Doctor,2024-04,5831.17,Education,108.66,4177.52,1653.65,28.36
2,38,Doctor,2024-04,5831.17,Shopping,313.03,4177.52,1653.65,28.36
2,38,Doctor,2024-05,6032.39,Rent,2069.12,4316.59,1715.8,28.44
2,38,Doctor,2024-05,6032.39,Groceries,624.48,4316.59,1715.8,28.44
2,38,Doctor,2024-05,6032.39,Transport,364.63,4316.59,1715.8,28.44
2,38,Doctor,2024-05,6032.39,Entertainment,383.4,4316.59,1715.8,28.44
2,38,Doctor,2024-05,6032.39,Utilities,306.2,4316.59,1715.8,28.44
2,38,Doctor,2024-05,6032.39,Healthcare,181.98,4316.59,1715.8,28.44
2,38,Doctor,2024-05,6032.39,Education,89.07,4316.59,1715.8,28.44
2,38,Doctor,2024-05,6032.39,Shopping,297.72,4316.59,1715.8,28.44
2,38,Doctor,2024-06,6035.68,Rent,1591.38,4043.23,1992.46,33.01
2,38,Doctor,2024-06,6035.68,Groceries,817.51,4043.23,1992.46,33.01
2,38,Doctor,2024-06,6035.68,Transport,468.62,4043.23,1992.46,33.01
2,38,Doctor,2024-06,6035.68,Entertainment,270.55,4043.23,1992.46,33.01
2,38,Doctor,2024-06,6035.68,Utilities,317.44,4043.23,1992.46,33.01
2,38,Doctor,2024-06,6035.68,Healthcare,182.57,4043.23,1992.46,33.01
2,38,Doctor,2024-06,6035.68,Education,184.55,4043.23,1992.46,33.01
2,38,Doctor,2024-06,6035.68,Shopping,210.62,4043.23,1992.46,33.01
2,38,Doctor,2024-07,5411.51,Rent,1692.66,3728.47,1683.03,31.1
2,38,Doctor,2024-07,5411.51,Groceries,593.72,3728.47,1683.03,31.1
2,38,Doctor,2024-07,5411.51,Transport,289.77,3728.47,1683.03,31.1
2,38,Doctor,2024-07,5411.51,Entertainment,269.71,3728.47,1683.03,31.1
2,38,Doctor,2024-07,5411.51,Utilities,224.7,3728.47,1683.03,31.1
2,38,Doctor,2024-07,5411.51,Healthcare,300.15,3728.47,1683.03,31.1
2,38,Doctor,2024-07,5411.51,Education,7.47,3728.47,1683.03,31.1
2,38,Doctor,2024-07,5411.51,Shopping,350.3,3728.47,1683.03,31.1
2,38,Doctor,2024-08,5732.14,Rent,1818.25,4212.44,1519.7,26.51
2,38,Doctor,2024-08,5732.14,Groceries,667.26,4212.44,1519.7,26.51
2,38,Doctor,2024-08,5732.14,Transport,331.04,4212.44,1519.7,26.51
2,38,Doctor,2024-08,5732.14,Entertainment,453.37,4212.44,1519.7,26.51
2,38,Doctor,2024-08,5732.14,Utilities,373.55,4212.44,1519.7,26.51
2,38,Doctor,2024-08,5732.14,Healthcare,311.92,4212.44,1519.7,26.51
2,38,Doctor,2024-08,5732.14,Education,71.72,4212.44,1519.7,26.51
2,38,Doctor,2024-08,5732.14,Shopping,185.32,4212.44,1519.7,26.51
2,38,Doctor,2024-09,5632.09,Rent,1710.51,4201.67,1430.42,25.4
2,38,Doctor,2024-09,5632.09,Groceries,655.2,4201.67,1430.42,25.4
2,38,Doctor,2024-09,5632.09,Transport,514.74,4201.67,1430.42,25.4
2,38,Doctor,2024-09,5632.09,Entertainment,245.43,4201.67,1430.42,25.4
2,38,Doctor,2024-09,5632.09,Utilities,388.37,4201.67,1430.42,25.4
2,38,Doctor,2024-09,5632.09,Healthcare,215.66,4201.67,1430.42,25.4
2,38,Doctor,2024-09,5632.09,Education,237.12,4201.67,1430.42,25.4
2,38,Doctor,2024-09,5632.09,Shopping,234.65,4201.67,1430.42,25.4
2,38,Doctor,2024-10,5712.07,Rent,1827.58,4118.49,1593.58,27.9
2,38,Doctor,2024-10,5712.07,Groceries,610.72,4118.49,1593.58,27.9
2,38,Doctor,2024-10,5712.07,Transport,323.52,4118.49,1593.58,27.9
2,38,Doctor,2024-10,5712.07,Entertainment,448.27,4118.49,1593.58,27.9
2,38,Doctor,2024-10,5712.07,Utilities,350.94,4118.49,1593.58,27.9
2,38,Doctor,2024-10,5712.07,Healthcare,123.62,4118.49,1593.58,27.9
2,38,Doctor,2024-10,5712.07,Education,113.9,4118.49,1593.58,27.9
2,38,Doctor,2024-10,5712.07,Shopping,319.94,4118.49,1593.58,27.9
2,38,Doctor,2024-11,5958.26,Rent,1639.03,4022.1,1936.16,32.5
2,38,Doctor,2024-11,5958.26,Groceries,650.74,4022.1,1936.16,32.5
2,38,Doctor,2024-11,5958.26,Transport,322.01,4022.1,1936.16,32.5
2,38,Doctor,2024-11,5958.26,Entertainment,306.35,4022.1,1936.16,32.5
2,38,Doctor,2024-11,5958.26,Utilities,361.4,4022.1,1936.16,32.5
2,38,Doctor,2024-11,5958.26,Healthcare,133.03,4022.1,1936.16,32.5
2,38,Doctor,2024-11,5958.26,Education,272.65,4022.1,1936.16,32.5
2,38,Doctor,2024-11,5958.26,Shopping,336.89,4022.1,1936.16,32.5
2,38,Doctor,2024-12,5585.11,Rent,1448.71,4046.67,1538.44,27.55
2,38,Doctor,2024-12,5585.11,Groceries,609.58,4046.67,1538.44,27.55
2,38,Doctor,2024-12,5585.11,Transport,540.25,4046.67,1538.44,27.55
2,38,Doctor,2024-12,5585.11,Entertainment,345.79,4046.67,1538.44,27.55
2,38,Doctor,2024-12,5585.11,Utilities,309.98,4046.67,1538.44,27.55
2,38,Doctor,2024-12,5585.11,Healthcare,258.5,4046.67,1538.44,27.55
2,38,Doctor,2024-12,5585.11,Education,121.66,4046.67,1538.44,27.55
2,38,Doctor,2024-12,5585.11,Shopping,412.19,4046.67,1538.44,27.55
2,38,Doctor,2025-01,5442.98,Rent,1668.84,3747.49,1695.49,31.15
2,38,Doctor,2025-01,5442.98,Groceries,587.47,3747.49,1695.49,31.15
2,38,Doctor,2025-01,5442.98,Transport,304.85,3747.49,1695.49,31.15
2,38,Doctor,2025-01,5442.98,Entertainment,256.33,3747.49,1695.49,31.15
2,38,Doctor,2025-01,5442.98,Utilities,232.71,3747.49,1695.49,31.15
2,38,Doctor,2025-01,5442.98,Healthcare,129.36,3747.49,1695.49,31.15
2,38,Doctor,2025-01,5442.98,Education,84.75,3747.49,1695.49,31.15
2,38,Doctor,2025-01,5442.98,Shopping,483.18,3747.49,1695.49,31.15
2,38,Doctor,2025-02,5537.41,Rent,1393.86,3969.37,1568.04,28.32
2,38,Doctor,2025-02,5537.41,Groceries,765.09,3969.37,1568.04,28.32
2,38,Doctor,2025-02,5537.41,Transport,500.28,3969.37,1568.04,28.32
2,38,Doctor,2025-02,5537.41,Entertainment,262.0,3969.37,1568.04,28.32
2,38,Doctor,2025-02,5537.41,Utilities,298.69,3969.37,1568.04,28.32
2,38,Doctor,2025-02,5537.41,Healthcare,254.67,3969.37,1568.04,28.32
2,38,Doctor,2025-02,5537.41,Education,13.31,3969.37,1568.04,28.32
2,38,Doctor,2025-02,5537.41,Shopping,481.47,3969.37,1568.04,28.32
2,38,Doctor,2025-03,6063.81,Rent,1674.15,4545.1,1518.72,25.05
2,38,Doctor,2025-03,6063.81,Groceries,611.02,4545.1,1518.72,25.05
2,38,Doctor,2025-03,6063.81,Transport,586.2,4545.1,1518.72,25.05
2,38,Doctor,2025-03,6063.81,Entertainment,333.82,4545.1,1518.72,25.05
2,38,Doctor,2025-03,6063.81,Utilities,340.67,4545.1,1518.72,25.05
2,38,Doctor,2025-03,6063.81,Healthcare,287.17,4545.1,1518.72,25.05
2,38,Doctor,2025-03,6063.81,Education,186.72,4545.1,1518.72,25.05
2,38,Doctor,2025-03,6063.81,Shopping,525.33,4545.1,1518.72,25.05
2,38,Doctor,2025-04,6106.41,Rent,2056.15,5035.26,1071.15,17.54
2,38,Doctor,2025-04,6106.41,Groceries,804.95,5035.26,1071.15,17.54
2,38,Doctor,2025-04,6106.41,Transport,549.87,5035.26,1071.15,17.54
2,38,Doctor,2025-04,6106.41,Entertainment,389.95,5035.26,1071.15,17.54
2,38,Doctor,2025-04,6106.41,Utilities,349.29,5035.26,1071.15,17.54
2,38,Doctor,2025-04,6106.41,Healthcare,153.52,5035.26,1071.15,17.54
2,38,Doctor,2025-04,6106.41,Education,247.68,5035.26,1071.15,17.54
2,38,Doctor,2025-04,6106.41,Shopping,483.86,5035.26,1071.15,17.54
2,38,Doctor,2025-05,5870.86,Rent,1949.38,4222.45,1648.42,28.08
2,38,Doctor,2025-05,5870.86,Groceries,778.33,4222.45,1648.42,28.08
2,38,Doctor,2025-05,5870.86,Transport,354.21,4222.45,1648.42,28.08
2,38,Doctor,2025-05,5870.86,Entertainment,256.55,4222.45,1648.42,28.08
2,38,Doctor,2025-05,5870.86,Utilities,272.63,4222.45,1648.42,28.08
2,38,Doctor,2025-05,5870.86,Healthcare,206.01,4222.45,1648.42,28.08
2,38,Doctor,2025-05,5870.86,Education,11.44,4222.45,1648.42,28.08
2,38,Doctor,2025-05,5870.86,Shopping,393.91,4222.45,1648.42,28.08
2,38,Doctor,2025-06,5656.72,Rent,1785.1,4181.23,1475.49,26.08
2,38,Doctor,2025-06,5656.72,Groceries,674.68,4181.23,1475.49,26.08
2,38,Doctor,2025-06,5656.72,Transport,475.62,4181.23,1475.49,26.08
2,38,Doctor,2025-06,5656.72,Entertainment,266.04,4181.23,1475.49,26.08
2,38,Doctor,2025-06,5656.72,Utilities,270.51,4181.23,1475.49,26.08
2,38,Doctor,2025-06,5656.72,Healthcare,225.37,4181.23,1475.49,26.08
2,38,Doctor,2025-06,5656.72,Education,195.97,4181.23,1475.49,26.08
2,38,Doctor,2025-06,5656.72,Shopping,287.93,4181.23,1475.49,26.08
2,38,Doctor,2025-07,6100.79,Rent,1549.1,4445.85,1654.94,27.13
2,38,Doctor,2025-07,6100.79,Groceries,737.57,4445.85,1654.94,27.13
2,38,Doctor,2025-07,6100.79,Transport,600.19,4445.85,1654.94,27.13
2,38,Doctor,2025-07,6100.79,Entertainment,350.18,4445.85,1654.94,27.13
2,38,Doctor,2025-07,6100.79,Utilities,321.54,4445.85,1654.94,27.13
2,38,Doctor,2025-07,6100.79,Healthcare,260.75,4445.85,1654.94,27.13
2,38,Doctor,2025-07,6100.79,Education,175.68,4445.85,1654.94,27.13
2,38,Doctor,2025-07,6100.79,Shopping,450.84,4445.85,1654.94,27.13
2,38,Doctor,2025-08,5502.16,Rent,1513.1,4022.74,1479.42,26.89
2,38,Doctor,2025-08,5502.16,Groceries,709.93,4022.74,1479.42,26.89
2,38,Doctor,2025-08,5502.16,Transport,513.66,4022.74,1479.42,26.89
2,38,Doctor,2025-08,5502.16,Entertainment,319.64,4022.74,1479.42,26.89
2,38,Doctor,2025-08,5502.16,Utilities,259.47,4022.74,1479.42,26.89
2,38,Doctor,2025-08,5502.16,Healthcare,259.67,4022.74,1479.42,26.89
2,38,Doctor,2025-08,5502.16,Education,203.55,4022.74,1479.42,26.89
2,38,Doctor,2025-08,5502.16,Shopping,243.71,4022.74,1479.42,26.89
2,38,Doctor,2025-09,5687.19,Rent,1725.68,4188.72,1498.47,26.35
2,38,Doctor,2025-09,5687.19,Groceries,709.92,4188.72,1498.47,26.35
2,38,Doctor,2025-09,5687.19,Transport,395.15,4188.72,1498.47,26.35
2,38,Doctor,2025-09,5687.19,Entertainment,255.25,4188.72,1498.47,26.35
2,38,Doctor,2025-09,5687.19,Utilities,244.55,4188.72,1498.47,26.35
2,38,Doctor,2025-09,5687.19,Healthcare,125.91,4188.72,1498.47,26.35
2,38,Doctor,2025-09,5687.19,Education,272.57,4188.72,1498.47,26.35
2,38,Doctor,2025-09,5687.19,Shopping,459.69,4188.72,1498.47,26.35
2,38,Doctor,2025-10,5670.3,Rent,1960.11,4353.69,1316.6,23.22
2,38,Doctor,2025-10,5670.3,Groceries,758.9,4353.69,1316.6,23.22
2,38,Doctor,2025-10,5670.3,Transport,420.32,4353.69,1316.6,23.22
2,38,Doctor,2025-10,5670.3,Entertainment,309.89,4353.69,1316.6,23.22
2,38,Doctor,2025-10,5670.3,Utilities,240.98,4353.69,1316.6,23.22
2,38,Doctor,2025-10,5670.3,Healthcare,134.21,4353.69,1316.6,23.22
2,38,Doctor,2025-10,5670.3,Education,170.8,4353.69,1316.6,23.22
2,38,Doctor,2025-10,5670.3,Shopping,358.49,4353.69,1316.6,23.22
2,38,Doctor,2025-11,5565.09,Rent,1917.84,4574.42,990.67,17.8
2,38,Doctor,2025-11,5565.09,Groceries,773.91,4574.42,990.67,17.8
2,38,Doctor,2025-11,5565.09,Transport,309.83,4574.42,990.67,17.8
2,38,Doctor,2025-11,5565.09,Entertainment,425.99,4574.42,990.67,17.8
2,38,Doctor,2025-11,5565.09,Utilities,385.26,4574.42,990.67,17.8
2,38,Doctor,2025-11,5565.09,Healthcare,333.0,4574.42,990.67,17.8
2,38,Doctor,2025-11,5565.09,Education,15.55,4574.42,990.67,17.8
2,38,Doctor,2025-11,5565.09,Shopping,413.05,4574.42,990.67,17.8
2,38,Doctor,2025-12,5811.65,Rent,1863.12,4704.35,1107.29,19.05
2,38,Doctor,2025-12,5811.65,Groceries,862.64,4704.35,1107.29,19.05
2,38,Doctor,2025-12,5811.65,Transport,490.51,4704.35,1107.29,19.05
2,38,Doctor,2025-12,5811.65,Entertainment,417.56,4704.35,1107.29,19.05
2,38,Doctor,2025-12,5811.65,Utilities,383.6,4704.35,1107.29,19.05
2,38,Doctor,2025-12,5811.65,Healthcare,311.15,4704.35,1107.29,19.05
2,38,Doctor,2025-12,5811.65,Education,123.81,4704.35,1107.29,19.05
2,38,Doctor,2025-12,5811.65,Shopping,251.96,4704.35,1107.29,19.05
3,48,Engineer,2024-01,4098.29,Rent,1428.93,3379.66,718.63,17.53
3,48,Engineer,2024-01,4098.29,Groceries,486.52,3379.66,718.63,17.53
3,48,Engineer,2024-01,4098.29,Transport,280.86,3379.66,718.63,17.53
3,48,Engineer,2024-01,4098.29,Entertainment,289.5,3379.66,718.63,17.53
3,48,Engineer,2024-01,4098.29,Utilities,280.39,3379.66,718.63,17.53
3,48,Engineer,2024-01,4098.29,Healthcare,243.6,3379.66,718.63,17.53
3,48,Engineer,2024-01,4098.29,Education,154.38,3379.66,718.63,17.53
3,48,Engineer,2024-01,4098.29,Shopping,215.47,3379.66,718.63,17.53
3,48,Engineer,2024-02,4097.55,Rent,1342.83,3048.13,1049.41,25.61
3,48,Engineer,2024-02,4097.55,Groceries,524.16,3048.13,1049.41,25.61
3,48,Engineer,2024-02,4097.55,Transport,291.79,3048.13,1049.41,25.61
3,48,Engineer,2024-02,4097.55,Entertainment,308.62,3048.13,1049.41,25.61
3,48,Engineer,2024-02,4097.55,Utilities,177.57,3048.13,1049.41,25.61
3,48,Engineer,2024-02,4097.55,Healthcare,162.69,3048.13,1049.41,25.61
3,48,Engineer,2024-02,4097.55,Education,2.33,3048.13,1049.41,25.61
3,48,Engineer,2024-02,4097.55,Shopping,238.15,3048.13,1049.41,25.61
3,48,Engineer,2024-03,4082.47,Rent,1069.12,2855.26,1227.21,30.06
3,48,Engineer,2024-03,4082.47,Groceries,432.24,2855.26,1227.21,30.06
3,48,Engineer,2024-03,4082.47,Transport,336.64,2855.26,1227.21,30.06
3,48,Engineer,2024-03,4082.47,Entertainment,274.76,2855.26,1227.21,30.06
3,48,Engineer,2024-03,4082.47,Utilities,234.75,2855.26,1227.21,30.06
3,48,Engineer,2024-03,4082.47,Healthcare,238.77,2855.26,1227.21,30.06
3,48,Engineer,2024-03,4082.47,Education,76.52,2855.26,1227.21,30.06
3,48,Engineer,2024-03,4082.47,Shopping,192.46,2855.26,1227.21,30.06
3,48,Engineer,2024-04,4532.79,Rent,1234.55,3456.37,1076.42,23.75
3,48,Engineer,2024-04,4532.79,Groceries,671.58,3456.37,1076.42,23.75
3,48,Engineer,2024-04,4532.79,Transport,229.39,3456.37,1076.42,23.75
3,48,Engineer,2024-04,4532.79,Entertainment,355.8,3456.37,1076.42,23.75
3,48,Engineer,2024-04,4532.79,Utilities,187.18,3456.37,1076.42,23.75
3,48,Engineer,2024-04,4532.79,Healthcare,252.23,3456.37,1076.42,23.75
3,48,Engineer,2024-04,4532.79,Education,119.6,3456.37,1076.42,23.75
3,48,Engineer,2024-04,4532.79,Shopping,406.04,3456.37,1076.42,23.75
3,48,Engineer,2024-05,4092.17,Rent,1249.69,3220.4,871.77,21.3
3,48,Engineer,2024-05,4092.17,Groceries,607.54,3220.4,871.77,21.3
3,48,Engineer,2024-05,4092.17,Transport,311.64,3220.4,871.77,21.3
3,48,Engineer,2024-05,4092.17,Entertainment,251.55,3220.4,871.77,21.3
3,48,Engineer,2024-05,4092.17,Utilities,249.1,3220.4,871.77,21.3
3,48,Engineer,2024-05,4092.17,Healthcare,156.25,3220.4,871.77,21.3
3,48,Engineer,2024-05,4092.17,Education,128.4,3220.4,871.77,21.3
3,48,Engineer,2024-05,4092.17,Shopping,266.23,3220.4,871.77,21.3
3,48,Engineer,2024-06,4550.84,Rent,1158.39,3159.46,1391.38,30.57
3,48,Engineer,2024-06,4550.84,Groceries,519.02,3159.46,1391.38,30.57
3,48,Engineer,2024-06,4550.84,Transport,443.8,3159.46,1391.38,30.57
3,48,Engineer,2024-06,4550.84,Entertainment,339.1,3159.46,1391.38,30.57
3,48,Engineer,2024-06,4550.84,Utilities,244.24,3159.46,1391.38,30.57
3,48,Engineer,2024-06,4550.84,Healthcare,203.9,3159.46,1391.38,30.57
3,48,Engineer,2024-06,4550.84,Education,63.12,3159.46,1391.38,30.57
3,48,Engineer,2024-06,4550.84,Shopping,187.89,3159.46,1391.38,30.57
3,48,Engineer,2024-07,4308.32,Rent,1229.32,3188.22,1120.1,26.0
3,48,Engineer,2024-07,4308.32,Groceries,556.56,3188.22,1120.1,26.0
3,48,Engineer,2024-07,4308.32,Transport,232.16,3188.22,1120.1,26.0
3,48,Engineer,2024-07,4308.32,Entertainment,339.15,3188.22,1120.1,26.0
3,48,Engineer,2024-07,4308.32,Utilities,299.8,3188.22,1120.1,26.0
3,48,Engineer,2024-07,4308.32,Healthcare,206.48,3188.22,1120.1,26.0
3,48,Engineer,2024-07,4308.32,Education,115.48,3188.22,1120.1,26.0
3,48,Engineer,2024-07,4308.32,Shopping,209.26,3188.22,1120.1,26.0
3,48,Engineer,2024-08,4502.41,Rent,1433.9,3586.46,915.95,20.34
3,48,Engineer,2024-08,4502.41,Groceries,486.85,3586.46,915.95,20.34
3,48,Engineer,2024-08,4502.41,Transport,430.19,3586.46,915.95,20.34
3,48,Engineer,2024-08,4502.41,Entertainment,320.24,3586.46,915.95,20.34
3,48,Engineer,2024-08,4502.41,Utilities,308.39,3586.46,915.95,20.34
3,48,Engineer,2024-08,4502.41,Healthcare,220.75,3586.46,915.95,20.34
3,48,Engineer,2024-08,4502.41,Education,138.09,3586.46,915.95,20.34
3,48,Engineer,2024-08,4502.41,Shopping,248.06,3586.46,915.95,20.34
3,48,Engineer,2024-09,4568.35,Rent,1537.73,3362.23,1206.11,26.4
3,48,Engineer,2024-09,4568.35,Groceries,467.16,3362.23,1206.11,26.4
3,48,Engineer,2024-09,4568.35,Transport,234.44,3362.23,1206.11,26.4
3,48,Engineer,2024-09,4568.35,Entertainment,223.04,3362.23,1206.11,26.4
3,48,Engineer,2024-09,4568.35,Utilities,293.82,3362.23,1206.11,26.4
3,48,Engineer,2024-09,4568.35,Healthcare,271.78,3362.23,1206.11,26.4
3,48,Engineer,2024-09,4568.35,Education,34.36,3362.23,1206.11,26.4
3,48,Engineer,2024-09,4568.35,Shopping,299.9,3362.23,1206.11,26.4
3,48,Engineer,2024-10,4262.42,Rent,1479.02,3420.72,841.69,19.75
3,48,Engineer,2024-10,4262.42,Groceries,605.71,3420.72,841.69,19.75
3,48,Engineer,2024-10,4262.42,Transport,391.79,3420.72,841.69,19.75
3,48,Engineer,2024-10,4262.42,Entertainment,227.76,3420.72,841.69,19.75
3,48,Engineer,2024-10,4262.42,Utilities,223.54,3420.72,841.69,19.75
3,48,Engineer,2024-10,4262.42,Healthcare,131.86,3420.72,841.69,19.75
3,48,Engineer,2024-10,4262.42,Education,12.01,3420.72,841.69,19.75
3,48,Engineer,2024-10,4262.42,Shopping,349.02,3420.72,841.69,19.75
3,48,Engineer,2024-11,4501.91,Rent,1575.54,3771.49,730.42,16.22
3,48,Engineer,2024-11,4501.91,Groceries,674.53,3771.49,730.42,16.22
3,48,Engineer,2024-11,4501.91,Transport,350.12,3771.49,730.42,16.22
3,48,Engineer,2024-11,4501.91,Entertainment,308.15,3771.49,730.42,16.22
3,48,Engineer,2024-11,4501.91,Utilities,307.67,3771.49,730.42,16.22
3,48,Engineer,2024-11,4501.91,Healthcare,243.04,3771.49,730.42,16.22
3,48,Engineer,2024-11,4501.91,Education,55.68,3771.49,730.42,16.22
3,48,Engineer,2024-11,4501.91,Shopping,256.76,3771.49,730.42,16.22
3,48,Engineer,2024-12,4122.86,Rent,1424.06,3172.84,950.02,23.04
3,48,Engineer,2024-12,4122.86,Groceries,537.24,3172.84,950.02,23.04
3,48,Engineer,2024-12,4122.86,Transport,253.28,3172.84,950.02,23.04
3,48,Engineer,2024-12,4122.86,Entertainment,262.15,3172.84,950.02,23.04
3,48,Engineer,2024-12,4122.86,Utilities,241.37,3172.84,950.02,23.04
3,48,Engineer,2024-12,4122.86,Healthcare,141.52,3172.84,950.02,23.04
3,48,Engineer,2024-12,4122.86,Education,23.41,3172.84,950.02,23.04
3,48,Engineer,2024-12,4122.86,Shopping,289.81,3172.84,950.02,23.04
3,48,Engineer,2025-01,4339.71,Rent,1420.09,3357.0,982.71,22.64
3,48,Engineer,2025-01,4339.71,Groceries,546.84,3357.0,982.71,22.64
3,48,Engineer,2025-01,4339.71,Transport,401.9,3357.0,982.71,22.64
3,48,Engineer,2025-01,4339.71,Entertainment,249.95,3357.0,982.71,22.64
3,48,Engineer,2025-01,4339.71,Utilities,246.62,3357.0,982.71,22.64
3,48,Engineer,2025-01,4339.71,Healthcare,238.97,3357.0,982.71,22.64
3,48,Engineer,2025-01,4339.71,Education,87.55,3357.0,982.71,22.64
3,48,Engineer,2025-01,4339.71,Shopping,165.09,3357.0,982.71,22.64
3,48,Engineer,2025-02,4067.21,Rent,1323.93,2968.98,1098.23,27.0
3,48,Engineer,2025-02,4067.21,Groceries,532.87,2968.98,1098.23,27.0
3,48,Engineer,2025-02,4067.21,Transport,346.54,2968.98,1098.23,27.0
3,48,Engineer,2025-02,4067.21,Entertainment,165.32,2968.98,1098.23,27.0
3,48,Engineer,2025-02,4067.21,Utilities,179.33,2968.98,1098.23,27.0
3,48,Engineer,2025-02,4067.21,Healthcare,83.71,2968.98,1098.23,27.0
3,48,Engineer,2025-02,4067.21,Education,71.3,2968.98,1098.23,27.0
3,48,Engineer,2025-02,4067.21,Shopping,265.98,2968.98,1098.23,27.0
3,48,Engineer,2025-03,4268.71,Rent,1253.92,3305.2,963.51,22.57
3,48,Engineer,2025-03,4268.71,Groceries,619.85,3305.2,963.51,22.57
3,48,Engineer,2025-03,4268.71,Transport,287.77,3305.2,963.51,22.57
3,48,Engineer,2025-03,4268.71,Entertainment,237.76,3305.2,963.51,22.57
3,48,Engineer,2025-03,4268.71,Utilities,271.1,3305.2,963.51,22.57
3,48,Engineer,2025-03,4268.71,Healthcare,153.08,3305.2,963.51,22.57
3,48,Engineer,2025-03,4268.71,Education,132.78,3305.2,963.51,22.57
3,48,Engineer,2025-03,4268.71,Shopping,348.93,3305.2,963.51,22.57
3,48,Engineer,2025-04,4577.65,Rent,1211.74,3277.08,1300.58,28.41
3,48,Engineer,2025-04,4577.65,Groceries,669.85,3277.08,1300.58,28.41
3,48,Engineer,2025-04,4577.65,Transport,341.52,3277.08,1300.58,28.41
3,48,Engineer,2025-04,4577.65,Entertainment,196.44,3277.08,1300.58,28.41
3,48,Engineer,2025-04,4577.65,Utilities,246.16,3277.08,1300.58,28.41
3,48,Engineer,2025-04,4577.65,Healthcare,271.0,3277.08,1300.58,28.41
3,48,Engineer,2025-04,4577.65,Education,112.75,3277.08,1300.58,28.41
3,48,Engineer,2025-04,4577.65,Shopping,227.62,3277.08,1300.58,28.41
3,48,Engineer,2025-05,4402.4,Rent,1206.32,2701.85,1700.56,38.63
3,48,Engineer,2025-05,4402.4,Groceries,456.94,2701.85,1700.56,38.63
3,48,Engineer,2025-05,4402.4,Transport,248.49,2701.85,1700.56,38.63
3,48,Engineer,2025-05,4402.4,Entertainment,160.26,2701.85,1700.56,38.63
3,48,Engineer,2025-05,4402.4,Utilities,196.16,2701.85,1700.56,38.63
3,48,Engineer,2025-05,4402.4,Healthcare,112.49,2701.85,1700.56,38.63
3,48,Engineer,2025-05,4402.4,Education,141.07,2701.85,1700.56,38.63
3,48,Engineer,2025-05,4402.4,Shopping,180.11,2701.85,1700.56,38.63
3,48,Engineer,2025-06,4242.89,Rent,1441.22,3003.7,1239.19,29.21
3,48,Engineer,2025-06,4242.89,Groceries,524.84,3003.7,1239.19,29.21
3,48,Engineer,2025-06,4242.89,Transport,353.76,3003.7,1239.19,29.21
3,48,Engineer,2025-06,4242.89,Entertainment,163.84,3003.7,1239.19,29.21
3,48,Engineer,2025-06,4242.89,Utilities,194.19,3003.7,1239.19,29.21
3,48,Engineer,2025-06,4242.89,Healthcare,91.79,3003.7,1239.19,29.21
3,48,Engineer,2025-06,4242.89,Education,35.84,3003.7,1239.19,29.21
3,48,Engineer,2025-06,4242.89,Shopping,198.21,3003.7,1239.19,29.21
3,48,Engineer,2025-07,4149.39,Rent,1074.15,2639.84,1509.54,36.38
3,48,Engineer,2025-07,4149.39,Groceries,439.97,2639.84,1509.54,36.38
3,48,Engineer,2025-07,4149.39,Transport,303.07,2639.84,1509.54,36.38
3,48,Engineer,2025-07,4149.39,Entertainment,167.29,2639.84,1509.54,36.38
3,48,Engineer,2025-07,4149.39,Utilities,211.32,2639.84,1509.54,36.38
3,48,Engineer,2025-07,4149.39,Healthcare,166.54,2639.84,1509.54,36.38
3,48,Engineer,2025-07,4149.39,Education,143.24,2639.84,1509.54,36.38
3,48,Engineer,2025-07,4149.39,Shopping,134.27,2639.84,1509.54,36.38
3,48,Engineer,2025-08,4494.44,Rent,1405.81,3481.9,1012.54,22.53
3,48,Engineer,2025-08,4494.44,Groceries,467.82,3481.9,1012.54,22.53
3,48,Engineer,2025-08,4494.44,Transport,421.03,3481.9,1012.54,22.53
3,48,Engineer,2025-08,4494.44,Entertainment,341.77,3481.9,1012.54,22.53
3,48,Engineer,2025-08,4494.44,Utilities,188.01,3481.9,1012.54,22.53
3,48,Engineer,2025-08,4494.44,Healthcare,139.67,3481.9,1012.54,22.53
3,48,Engineer,2025-08,4494.44,Education,181.17,3481.9,1012.54,22.53
3,48,Engineer,2025-08,4494.44,Shopping,336.61,3481.9,1012.54,22.53
3,48,Engineer,2025-09,4153.55,Rent,1125.34,2839.95,1313.6,31.63
3,48,Engineer,2025-09,4153.55,Groceries,492.29,2839.95,1313.6,31.63
3,48,Engineer,2025-09,4153.55,Transport,308.3,2839.95,1313.6,31.63
3,48,Engineer,2025-09,4153.55,Entertainment,253.0,2839.95,1313.6,31.63
3,48,Engineer,2025-09,4153.55,Utilities,212.11,2839.95,1313.6,31.63
3,48,Engineer,2025-09,4153.55,Healthcare,159.92,2839.95,1313.6,31.63
3,48,Engineer,2025-09,4153.55,Education,155.23,2839.95,1313.6,31.63
3,48,Engineer,2025-09,4153.55,Shopping,133.75,2839.95,1313.6,31.63
3,48,Engineer,2025-10,4191.2,Rent,1346.78,3145.82,1045.39,24.94
3,48,Engineer,2025-10,4191.2,Groceries,606.72,3145.82,1045.39,24.94
3,48,Engineer,2025-10,4191.2,Transport,316.79,3145.82,1045.39,24.94
3,48,Engineer,2025-10,4191.2,Entertainment,237.25,3145.82,1045.39,24.94
3,48,Engineer,2025-10,4191.2,Utilities,181.12,3145.82,1045.39,24.94
3,48,Engineer,2025-10,4191.2,Healthcare,158.83,3145.82,1045.39,24.94
3,48,Engineer,2025-10,4191.2,Education,111.62,3145.82,1045.39,24.94
3,48,Engineer,2025-10,4191.2,Shopping,186.71,3145.82,1045.39,24.94
3,48,Engineer,2025-11,4200.52,Rent,1208.61,2857.05,1343.47,31.98
3,48,Engineer,2025-11,4200.52,Groceries,424.27,2857.05,1343.47,31.98
3,48,Engineer,2025-11,4200.52,Transport,277.67,2857.05,1343.47,31.98
3,48,Engineer,2025-11,4200.52,Entertainment,170.43,2857.05,1343.47,31.98
3,48,Engineer,2025-11,4200.52,Utilities,209.29,2857.05,1343.47,31.98
3,48,Engineer,2025-11,4200.52,Healthcare,104.13,2857.05,1343.47,31.98
3,48,Engineer,2025-11,4200.52,Education,187.03,2857.05,1343.47,31.98
3,48,Engineer,2025-11,4200.52,Shopping,275.62,2857.05,1343.47,31.98
3,48,Engineer,2025-12,4427.74,Rent,1456.36,3239.78,1187.96,26.83
3,48,Engineer,2025-12,4427.74,Groceries,553.12,3239.78,1187.96,26.83
3,48,Engineer,2025-12,4427.74,Transport,240.63,3239.78,1187.96,26.83
3,48,Engineer,2025-12,4427.74,Entertainment,251.74,3239.78,1187.96,26.83
3,48,Engineer,2025-12,4427.74,Utilities,255.06,3239.78,1187.96,26.83
3,48,Engineer,2025-12,4427.74,Healthcare,220.58,3239.78,1187.96,26.83
3,48,Engineer,2025-12,4427.74,Education,95.56,3239.78,1187.96,26.83
3,48,Engineer,2025-12,4427.74,Shopping,166.73,3239.78,1187.96,26.83
4,58,Engineer,2024-01,4603.1,Rent,1448.1,3324.29,1278.81,27.78
4,58,Engineer,2024-01,4603.1,Groceries,591.68,3324.29,1278.81,27.78
4,58,Engineer,2024-01,4603.1,Transport,312.11,3324.29,1278.81,27.78
4,58,Engineer,2024-01,4603.1,Entertainment,365.14,3324.29,1278.81,27.78
4,58,Engineer,2024-01,4603.1,Utilities,267.78,3324.29,1278.81,27.78
4,58,Engineer,2024-01,4603.1,Healthcare,135.74,3324.29,1278.81,27.78
4,58,Engineer,2024-01,4603.1,Education,23.43,3324.29,1278.81,27.78
4,58,Engineer,2024-01,4603.1,Shopping,180.31,3324.29,1278.81,27.78
4,58,Engineer,2024-02,4532.82,Rent,1206.04,2943.08,1589.74,35.07
4,58,Engineer,2024-02,4532.82,Groceries,495.57,2943.08,1589.74,35.07
4,58,Engineer,2024-02,4532.82,Transport,291.26,2943.08,1589.74,35.07
4,58,Engineer,2024-02,4532.82,Entertainment,175.28,2943.08,1589.74,35.07
4,58,Engineer,2024-02,4532.82,Utilities,303.26,2943.08,1589.74,35.07
4,58,Engineer,2024-02,4532.82,Healthcare,105.2,2943.08,1589.74,35.07
4,58,Engineer,2024-02,4532.82,Education,118.88,2943.08,1589.74,35.07
4,58,Engineer,2024-02,4532.82,Shopping,247.6,2943.08,1589.74,35.07
4,58,Engineer,2024-03,4974.73,Rent,1299.42,3613.33,1361.4,27.37
4,58,Engineer,2024-03,4974.73,Groceries,596.43,3613.33,1361.4,27.37
4,58,Engineer,2024-03,4974.73,Transport,489.88,3613.33,1361.4,27.37
4,58,Engineer,2024-03,4974.73,Entertainment,364.53,3613.33,1361.4,27.37
4,58,Engineer,2024-03,4974.73,Utilities,320.93,3613.33,1361.4,27.37
4,58,Engineer,2024-03,4974.73,Healthcare,150.81,3613.33,1361.4,27.37
4,58,Engineer,2024-03,4974.73,Education,42.51,3613.33,1361.4,27.37
4,58,Engineer,2024-03,4974.73,Shopping,348.82,3613.33,1361.4,27.37
4,58,Engineer,2024-04,4942.93,Rent,1510.94,3593.59,1349.33,27.3
4,58,Engineer,2024-04,4942.93,Groceries,635.56,3593.59,1349.33,27.3
4,58,Engineer,2024-04,4942.93,Transport,316.34,3593.59,1349.33,27.3
4,58,Engineer,2024-04,4942.93,Entertainment,338.47,3593.59,1349.33,27.3
4,58,Engineer,2024-04,4942.93,Utilities,225.45,3593.59,1349.33,27.3
4,58,Engineer,2024-04,4942.93,Healthcare,162.86,3593.59,1349.33,27.3
4,58,Engineer,2024-04,4942.93,Education,105.15,3593.59,1349.33,27.3
4,58,Engineer,2024-04,4942.93,Shopping,298.83,3593.59,1349.33,27.3
4,58,Engineer,2024-05,4530.69,Rent,1184.7,2986.28,1544.41,34.09
4,58,Engineer,2024-05,4530.69,Groceries,591.4,2986.28,1544.41,34.09
4,58,Engineer,2024-05,4530.69,Transport,291.92,2986.28,1544.41,34.09
4,58,Engineer,2024-05,4530.69,Entertainment,267.59,2986.28,1544.41,34.09
4,58,Engineer,2024-05,4530.69,Utilities,202.21,2986.28,1544.41,34.09
4,58,Engineer,2024-05,4530.69,Healthcare,177.81,2986.28,1544.41,34.09
4,58,Engineer,2024-05,4530.69,Education,120.65,2986.28,1544.41,34.09
4,58,Engineer,2024-05,4530.69,Shopping,150.01,2986.28,1544.41,34.09
4,58,Engineer,2024-06,4587.21,Rent,1208.46,3286.26,1300.95,28.36
4,58,Engineer,2024-06,4587.21,Groceries,473.26,3286.26,1300.95,28.36
4,58,Engineer,2024-06,4587.21,Transport,456.42,3286.26,1300.95,28.36
4,58,Engineer,2024-06,4587.21,Entertainment,211.55,3286.26,1300.95,28.36
4,58,Engineer,2024-06,4587.21,Utilities,294.94,3286.26,1300.95,28.36
4,58,Engineer,2024-06,4587.21,Healthcare,138.47,3286.26,1300.95,28.36
4,58,Engineer,2024-06,4587.21,Education,156.31,3286.26,1300.95,28.36
4,58,Engineer,2024-06,4587.21,Shopping,346.86,3286.26,1300.95,28.36
4,58,Engineer,2024-07,4742.66,Rent,1409.32,3629.35,1113.31,23.47
4,58,Engineer,2024-07,4742.66,Groceries,571.93,3629.35,1113.31,23.47
4,58,Engineer,2024-07,4742.66,Transport,319.86,3629.35,1113.31,23.47
4,58,Engineer,2024-07,4742.66,Entertainment,362.7,3629.35,1113.31,23.47
4,58,Engineer,2024-07,4742.66,Utilities,307.89,3629.35,1113.31,23.47
4,58,Engineer,2024-07,4742.66,Healthcare,277.92,3629.35,1113.31,23.47
4,58,Engineer,2024-07,4742.66,Education,29.47,3629.35,1113.31,23.47
4,58,Engineer,2024-07,4742.66,Shopping,350.25,3629.35,1113.31,23.47
4,58,Engineer,2024-08,4948.31,Rent,1326.76,3414.01,1534.3,31.01
4,58,Engineer,2024-08,4948.31,Groceries,511.28,3414.01,1534.3,31.01
4,58,Engineer,2024-08,4948.31,Transport,430.78,3414.01,1534.3,31.01
4,58,Engineer,2024-08,4948.31,Entertainment,290.58,3414.01,1534.3,31.01
4,58,Engineer,2024-08,4948.31,Utilities,322.9,3414.01,1534.3,31.01
4,58,Engineer,2024-08,4948.31,Healthcare,126.63,3414.01,1534.3,31.01
4,58,Engineer,2024-08,4948.31,Education,196.76,3414.01,1534.3,31.01
4,58,Engineer,2024-08,4948.31,Shopping,208.31,3414.01,1534.3,31.01
4,58,Engineer,2024-09,4483.43,Rent,1194.51,3367.23,1116.2,24.9
4,58,Engineer,2024-09,4483.43,Groceries,630.95,3367.23,1116.2,24.9
4,58,Engineer,2024-09,4483.43,Transport,373.29,3367.23,1116.2,24.9
4,58,Engineer,2024-09,4483.43,Entertainment,251.76,3367.23,1116.2,24.9
4,58,Engineer,2024-09,4483.43,Utilities,227.6,3367.23,1116.2,24.9
4,58,Engineer,2024-09,4483.43,Healthcare,246.98,3367.23,1116.2,24.9
4,58,Engineer,2024-09,4483.43,Education,87.98,3367.23,1116.2,24.9
4,58,Engineer,2024-09,4483.43,Shopping,354.17,3367.23,1116.2,24.9
4,58,Engineer,2024-10,4648.74,Rent,1337.42,3373.41,1275.34,27.43
4,58,Engineer,2024-10,4648.74,Groceries,572.42,3373.41,1275.34,27.43
4,58,Engineer,2024-10,4648.74,Transport,302.49,3373.41,1275.34,27.43
4,58,Engineer,2024-10,4648.74,Entertainment,313.23,3373.41,1275.34,27.43
4,58,Engineer,2024-10,4648.74,Utilities,256.06,3373.41,1275.34,27.43
4,58,Engineer,2024-10,4648.74,Healthcare,136.15,3373.41,1275.34,27.43
4,58,Engineer,2024-10,4648.74,Education,209.09,3373.41,1275.34,27.43
4,58,Engineer,2024-10,4648.74,Shopping,246.54,3373.41,1275.34,27.43
4,58,Engineer,2024-11,4711.4,Rent,1604.93,3682.09,1029.31,21.85
4,58,Engineer,2024-11,4711.4,Groceries,618.19,3682.09,1029.31,21.85
4,58,Engineer,2024-11,4711.4,Transport,263.11,3682.09,1029.31,21.85
4,58,Engineer,2024-11,4711.4,Entertainment,362.74,3682.09,1029.31,21.85
4,58,Engineer,2024-11,4711.4,Utilities,277.18,3682.09,1029.31,21.85
4,58,Engineer,2024-11,4711.4,Healthcare,157.34,3682.09,1029.31,21.85
4,58,Engineer,2024-11,4711.4,Education,32.81,3682.09,1029.31,21.85
4,58,Engineer,2024-11,4711.4,Shopping,365.8,3682.09,1029.31,21.85
4,58,Engineer,2024-12,4757.32,Rent,1443.11,3442.18,1315.14,27.64
4,58,Engineer,2024-12,4757.32,Groceries,688.36,3442.18,1315.14,27.64
4,58,Engineer,2024-12,4757.32,Transport,425.45,3442.18,1315.14,27.64
4,58,Engineer,2024-12,4757.32,Entertainment,178.8,3442.18,1315.14,27.64
4,58,Engineer,2024-12,4757.32,Utilities,234.78,3442.18,1315.14,27.64
4,58,Engineer,2024-12,4757.32,Healthcare,142.43,3442.18,1315.14,27.64
4,58,Engineer,2024-12,4757.32,Education,176.96,3442.18,1315.14,27.64
4,58,Engineer,2024-12,4757.32,Shopping,152.29,3442.18,1315.14,27.64
4,58,Engineer,2025-01,4727.2,Rent,1542.23,3619.34,1107.87,23.44
4,58,Engineer,2025-01,4727.2,Groceries,679.95,3619.34,1107.87,23.44
4,58,Engineer,2025-01,4727.2,Transport,317.21,3619.34,1107.87,23.44
4,58,Engineer,2025-01,4727.2,Entertainment,335.93,3619.34,1107.87,23.44
4,58,Engineer,2025-01,4727.2,Utilities,204.78,3619.34,1107.87,23.44
4,58,Engineer,2025-01,4727.2,Healthcare,254.6,3619.34,1107.87,23.44
4,58,Engineer,2025-01,4727.2,Education,30.13,3619.34,1107.87,23.44
4,58,Engineer,2025-01,4727.2,Shopping,254.5,3619.34,1107.87,23.44
4,58,Engineer,2025-02,4863.67,Rent,1288.83,3442.53,1421.14,29.22
4,58,Engineer,2025-02,4863.67,Groceries,542.12,3442.53,1421.14,29.22
4,58,Engineer,2025-02,4863.67,Transport,418.82,3442.53,1421.14,29.22
4,58,Engineer,2025-02,4863.67,Entertainment,321.01,3442.53,1421.14,29.22
4,58,Engineer,2025-02,4863.67,Utilities,288.1,3442.53,1421.14,29.22
4,58,Engineer,2025-02,4863.67,Healthcare,232.28,3442.53,1421.14,29.22
4,58,Engineer,2025-02,4863.67,Education,131.98,3442.53,1421.14,29.22
4,58,Engineer,2025-02,4863.67,Shopping,219.39,3442.53,1421.14,29.22
4,58,Engineer,2025-03,4592.67,Rent,1231.57,3340.65,1252.02,27.26
4,58,Engineer,2025-03,4592.67,Groceries,667.88,3340.65,1252.02,27.26
4,58,Engineer,2025-03,4592.67,Transport,363.6,3340.65,1252.02,27.26
4,58,Engineer,2025-03,4592.67,Entertainment,229.83,3340.65,1252.02,27.26
4,58,Engineer,2025-03,4592.67,Utilities,247.36,3340.65,1252.02,27.26
4,58,Engineer,2025-03,4592.67,Healthcare,265.88,3340.65,1252.02,27.26
4,58,Engineer,2025-03,4592.67,Education,35.21,3340.65,1252.02,27.26
4,58,Engineer,2025-03,4592.67,Shopping,299.32,3340.65,1252.02,27.26
4,58,Engineer,2025-04,4688.8,Rent,1458.9,3777.5,911.3,19.44
4,58,Engineer,2025-04,4688.8,Groceries,473.13,3777.5,911.3,19.44
4,58,Engineer,2025-04,4688.8,Transport,438.9,3777.5,911.3,19.44
4,58,Engineer,2025-04,4688.8,Entertainment,359.19,3777.5,911.3,19.44
4,58,Engineer,2025-04,4688.8,Utilities,267.05,3777.5,911.3,19.44
4,58,Engineer,2025-04,4688.8,Healthcare,224.43,3777.5,911.3,19.44
4,58,Engineer,2025-04,4688.8,Education,216.27,3777.5,911.3,19.44
4,58,Engineer,2025-04,4688.8,Shopping,339.63,3777.5,911.3,19.44
4,58,Engineer,2025-05,4476.76,Rent,1377.18,3404.05,1072.71,23.96
4,58,Engineer,2025-05,4476.76,Groceries,583.48,3404.05,1072.71,23.96
4,58,Engineer,2025-05,4476.76,Transport,318.77,3404.05,1072.71,23.96
4,58,Engineer,2025-05,4476.76,Entertainment,299.15,3404.05,1072.71,23.96
4,58,Engineer,2025-05,4476.76,Utilities,304.56,3404.05,1072.71,23.96
4,58,Engineer,2025-05,4476.76,Healthcare,255.28,3404.05,1072.71,23.96
4,58,Engineer,2025-05,4476.76,Education,100.91,3404.05,1072.71,23.96
4,58,Engineer,2025-05,4476.76,Shopping,164.72,3404.05,1072.71,23.96
4,58,Engineer,2025-06,4976.21,Rent,1661.51,3792.43,1183.78,23.79
4,58,Engineer,2025-06,4976.21,Groceries,528.64,3792.43,1183.78,23.79
4,58,Engineer,2025-06,4976.21,Transport,477.93,3792.43,1183.78,23.79
4,58,Engineer,2025-06,4976.21,Entertainment,365.73,3792.43,1183.78,23.79
4,58,Engineer,2025-06,4976.21,Utilities,276.5,3792.43,1183.78,23.79
4,58,Engineer,2025-06,4976.21,Healthcare,217.22,3792.43,1183.78,23.79
4,58,Engineer,2025-06,4976.21,Education,99.28,3792.43,1183.78,23.79
4,58,Engineer,2025-06,4976.21,Shopping,165.64,3792.43,1183.78,23.79
4,58,Engineer,2025-07,4586.37,Rent,1514.81,3339.57,1246.8,27.18
4,58,Engineer,2025-07,4586.37,Groceries,459.7,3339.57,1246.8,27.18
4,58,Engineer,2025-07,4586.37,Transport,305.8,3339.57,1246.8,27.18
4,58,Engineer,2025-07,4586.37,Entertainment,228.9,3339.57,1246.8,27.18
4,58,Engineer,2025-07,4586.37,Utilities,257.4,3339.57,1246.8,27.18
4,58,Engineer,2025-07,4586.37,Healthcare,260.48,3339.57,1246.8,27.18
4,58,Engineer,2025-07,4586.37,Education,79.42,3339.57,1246.8,27.18
4,58,Engineer,2025-07,4586.37,Shopping,233.07,3339.57,1246.8,27.18
4,58,Engineer,2025-08,4827.79,Rent,1425.27,3414.11,1413.67,29.28
4,58,Engineer,2025-08,4827.79,Groceries,537.0,3414.11,1413.67,29.28
4,58,Engineer,2025-08,4827.79,Transport,350.6,3414.11,1413.67,29.28
4,58,Engineer,2025-08,4827.79,Entertainment,178.83,3414.11,1413.67,29.28
4,58,Engineer,2025-08,4827.79,Utilities,218.66,3414.11,1413.67,29.28
4,58,Engineer,2025-08,4827.79,Healthcare,192.8,3414.11,1413.67,29.28
4,58,Engineer,2025-08,4827.79,Education,101.12,3414.11,1413.67,29.28
4,58,Engineer,2025-08,4827.79,Shopping,409.83,3414.11,1413.67,29.28
4,58,Engineer,2025-09,4602.69,Rent,1417.9,3312.09,1290.6,28.04
4,58,Engineer,2025-09,4602.69,Groceries,605.77,3312.09,1290.6,28.04
4,58,Engineer,2025-09,4602.69,Transport,233.15,3312.09,1290.6,28.04
4,58,Engineer,2025-09,4602.69,Entertainment,290.78,3312.09,1290.6,28.04
4,58,Engineer,2025-09,4602.69,Utilities,208.69,3312.09,1290.6,28.04
4,58,Engineer,2025-09,4602.69,Healthcare,268.99,3312.09,1290.6,28.04
4,58,Engineer,2025-09,4602.69,Education,34.21,3312.09,1290.6,28.04
4,58,Engineer,2025-09,4602.69,Shopping,252.58,3312.09,1290.6,28.04
4,58,Engineer,2025-10,4436.44,Rent,1551.37,3398.43,1038.01,23.4
4,58,Engineer,2025-10,4436.44,Groceries,555.04,3398.43,1038.01,23.4
4,58,Engineer,2025-10,4436.44,Transport,353.89,3398.43,1038.01,23.4
4,58,Engineer,2025-10,4436.44,Entertainment,147.97,3398.43,1038.01,23.4
4,58,Engineer,2025-10,4436.44,Utilities,277.27,3398.43,1038.01,23.4
4,58,Engineer,2025-10,4436.44,Healthcare,125.98,3398.43,1038.01,23.4
4,58,Engineer,2025-10,4436.44,Education,199.21,3398.43,1038.01,23.4
4,58,Engineer,2025-10,4436.44,Shopping,187.7,3398.43,1038.01,23.4
4,58,Engineer,2025-11,4499.65,Rent,1141.36,3027.58,1472.07,32.72
4,58,Engineer,2025-11,4499.65,Groceries,556.17,3027.58,1472.07,32.72
4,58,Engineer,2025-11,4499.65,Transport,352.06,3027.58,1472.07,32.72
4,58,Engineer,2025-11,4499.65,Entertainment,149.77,3027.58,1472.07,32.72
4,58,Engineer,2025-11,4499.65,Utilities,284.67,3027.58,1472.07,32.72
4,58,Engineer,2025-11,4499.65,Healthcare,171.58,3027.58,1472.07,32.72
4,58,Engineer,2025-11,4499.65,Education,117.98,3027.58,1472.07,32.72
4,58,Engineer,2025-11,4499.65,Shopping,253.99,3027.58,1472.07,32.72
4,58,Engineer,2025-12,4625.71,Rent,1415.3,3383.27,1242.44,26.86
4,58,Engineer,2025-12,4625.71,Groceries,498.48,3383.27,1242.44,26.86
4,58,Engineer,2025-12,4625.71,Transport,273.36,3383.27,1242.44,26.86
4,58,Engineer,2025-12,4625.71,Entertainment,338.09,3383.27,1242.44,26.86
4,58,Engineer,2025-12,4625.71,Utilities,316.32,3383.27,1242.44,26.86
4,58,Engineer,2025-12,4625.71,Healthcare,161.59,3383.27,1242.44,26.86
4,58,Engineer,2025-12,4625.71,Education,62.62,3383.27,1242.44,26.86
4,58,Engineer,2025-12,4625.71,Shopping,317.51,3383.27,1242.44,26.86
5,54,Designer,2024-01,3783.42,Rent,1029.84,2540.73,1242.69,32.85
5,54,Designer,2024-01,3783.42,Groceries,422.06,2540.73,1242.69,32.85
5,54,Designer,2024-01,3783.42,Transport,316.27,2540.73,1242.69,32.85
5,54,Designer,2024-01,3783.42,Entertainment,117.23,2540.73,1242.69,32.85
5,54,Designer,2024-01,3783.42,Utilities,163.15,2540.73,1242.69,32.85
5,54,Designer,2024-01,3783.42,Healthcare,196.73,2540.73,1242.69,32.85
5,54,Designer,2024-01,3783.42,Education,33.78,2540.73,1242.69,32.85
5,54,Designer,2024-01,3783.42,Shopping,261.68,2540.73,1242.69,32.85
5,54,Designer,2024-02,3892.31,Rent,1011.78,2753.8,1138.51,29.25
5,54,Designer,2024-02,3892.31,Groceries,436.56,2753.8,1138.51,29.25
5,54,Designer,2024-02,3892.31,Transport,335.18,2753.8,1138.51,29.25
5,54,Designer,2024-02,3892.31,Entertainment,283.3,2753.8,1138.51,29.25
5,54,Designer,2024-02,3892.31,Utilities,252.64,2753.8,1138.51,29.25
5,54,Designer,2024-02,3892.31,Healthcare,139.68,2753.8,1138.51,29.25
5,54,Designer,2024-02,3892.31,Education,130.02,2753.8,1138.51,29.25
5,54,Designer,2024-02,3892.31,Shopping,164.64,2753.8,1138.51,29.25
5,54,Designer,2024-03,3920.66,Rent,1331.59,2695.23,1225.42,31.26
5,54,Designer,2024-03,3920.66,Groceries,394.61,2695.23,1225.42,31.26
5,54,Designer,2024-03,3920.66,Transport,212.8,2695.23,1225.42,31.26
5,54,Designer,2024-03,3920.66,Entertainment,158.37,2695.23,1225.42,31.26
5,54,Designer,2024-03,3920.66,Utilities,159.95,2695.23,1225.42,31.26
5,54,Designer,2024-03,3920.66,Healthcare,106.87,2695.23,1225.42,31.26
5,54,Designer,2024-03,3920.66,Education,114.3,2695.23,1225.42,31.26
5,54,Designer,2024-03,3920.66,Shopping,216.76,2695.23,1225.42,31.26
5,54,Designer,2024-04,4229.9,Rent,1403.25,3108.96,1120.95,26.5
5,54,Designer,2024-04,4229.9,Groceries,495.28,3108.96,1120.95,26.5
5,54,Designer,2024-04,4229.9,Transport,266.36,3108.96,1120.95,26.5
5,54,Designer,2024-04,4229.9,Entertainment,207.2,3108.96,1120.95,26.5
5,54,Designer,2024-04,4229.9,Utilities,244.1,3108.96,1120.95,26.5
5,54,Designer,2024-04,4229.9,Healthcare,129.95,3108.96,1120.95,26.5
5,54,Designer,2024-04,4229.9,Education,132.0,3108.96,1120.95,26.5
5,54,Designer,2024-04,4229.9,Shopping,230.8,3108.96,1120.95,26.5
5,54,Designer,2024-05,4054.2,Rent,1190.37,3166.03,888.17,21.91
5,54,Designer,2024-05,4054.2,Groceries,465.11,3166.03,888.17,21.91
5,54,Designer,2024-05,4054.2,Transport,394.97,3166.03,888.17,21.91
5,54,Designer,2024-05,4054.2,Entertainment,276.42,3166.03,888.17,21.91
5,54,Designer,2024-05,4054.2,Utilities,179.21,3166.03,888.17,21.91
5,54,Designer,2024-05,4054.2,Healthcare,221.92,3166.03,888.17,21.91
5,54,Designer,2024-05,4054.2,Education,98.81,3166.03,888.17,21.91
5,54,Designer,2024-05,4054.2,Shopping,339.23,3166.03,888.17,21.91
5,54,Designer,2024-06,4182.03,Rent,1223.33,2887.87,1294.15,30.95
5,54,Designer,2024-06,4182.03,Groceries,422.9,2887.87,1294.15,30.95
5,54,Designer,2024-06,4182.03,Transport,265.28,2887.87,1294.15,30.95
5,54,Designer,2024-06,4182.03,Entertainment,238.72,2887.87,1294.15,30.95
5,54,Designer,2024-06,4182.03,Utilities,246.76,2887.87,1294.15,30.95
5,54,Designer,2024-06,4182.03,Healthcare,126.78,2887.87,1294.15,30.95
5,54,Designer,2024-06,4182.03,Education,29.14,2887.87,1294.15,30.95
5,54,Designer,2024-06,4182.03,Shopping,334.96,2887.87,1294.15,30.95
5,54,Designer,2024-07,4277.22,Rent,1294.15,2878.98,1398.24,32.69
5,54,Designer,2024-07,4277.22,Groceries,464.44,2878.98,1398.24,32.69
5,54,Designer,2024-07,4277.22,Transport,272.1,2878.98,1398.24,32.69
5,54,Designer,2024-07,4277.22,Entertainment,132.25,2878.98,1398.24,32.69
5,54,Designer,2024-07,4277.22,Utilities,288.41,2878.98,1398.24,32.69
5,54,Designer,2024-07,4277.22,Healthcare,105.69,2878.98,1398.24,32.69
5,54,Designer,2024-07,4277.22,Education,123.29,2878.98,1398.24,32.69
5,54,Designer,2024-07,4277.22,Shopping,198.65,2878.98,1398.24,32.69
5,54,Designer,2024-08,4055.3,Rent,1278.0,3070.46,984.84,24.29
5,54,Designer,2024-08,4055.3,Groceries,573.77,3070.46,984.84,24.29
5,54,Designer,2024-08,4055.3,Transport,244.62,3070.46,984.84,24.29
5,54,Designer,2024-08,4055.3,Entertainment,123.89,3070.46,984.84,24.29
5,54,Designer,2024-08,4055.3,Utilities,178.87,3070.46,984.84,24.29
5,54,Designer,2024-08,4055.3,Healthcare,227.1,3070.46,984.84,24.29
5,54,Designer,2024-08,4055.3,Education,177.19,3070.46,984.84,24.29
5,54,Designer,2024-08,4055.3,Shopping,267.02,3070.46,984.84,24.29
5,54,Designer,2024-09,4079.21,Rent,1291.08,2881.99,1197.22,29.35
5,54,Designer,2024-09,4079.21,Groceries,443.69,2881.99,1197.22,29.35
5,54,Designer,2024-09,4079.21,Transport,390.46,2881.99,1197.22,29.35
5,54,Designer,2024-09,4079.21,Entertainment,207.79,2881.99,1197.22,29.35
5,54,Designer,2024-09,4079.21,Utilities,210.06,2881.99,1197.22,29.35
5,54,Designer,2024-09,4079.21,Healthcare,166.25,2881.99,1197.22,29.35
5,54,Designer,2024-09,4079.21,Education,9.58,2881.99,1197.22,29.35
5,54,Designer,2024-09,4079.21,Shopping,163.07,2881.99,1197.22,29.35
5,54,Designer,2024-10,4150.14,Rent,1071.9,2767.47,1382.67,33.32
5,54,Designer,2024-10,4150.14,Groceries,540.17,2767.47,1382.67,33.32
5,54,Designer,2024-10,4150.14,Transport,258.42,2767.47,1382.67,33.32
5,54,Designer,2024-10,4150.14,Entertainment,205.29,2767.47,1382.67,33.32
5,54,Designer,2024-10,4150.14,Utilities,201.95,2767.47,1382.67,33.32
5,54,Designer,2024-10,4150.14,Healthcare,142.05,2767.47,1382.67,33.32
5,54,Designer,2024-10,4150.14,Education,149.21,2767.47,1382.67,33.32
5,54,Designer,2024-10,4150.14,Shopping,198.49,2767.47,1382.67,33.32
5,54,Designer,2024-11,4061.61,Rent,1208.76,3008.73,1052.88,25.92
5,54,Designer,2024-11,4061.61,Groceries,540.94,3008.73,1052.88,25.92
5,54,Designer,2024-11,4061.61,Transport,393.33,3008.73,1052.88,25.92
5,54,Designer,2024-11,4061.61,Entertainment,270.62,3008.73,1052.88,25.92
5,54,Designer,2024-11,4061.61,Utilities,188.65,3008.73,1052.88,25.92
5,54,Designer,2024-11,4061.61,Healthcare,86.3,3008.73,1052.88,25.92
5,54,Designer,2024-11,4061.61,Education,53.26,3008.73,1052.88,25.92
5,54,Designer,2024-11,4061.61,Shopping,266.87,3008.73,1052.88,25.92
5,54,Designer,2024-12,3795.97,Rent,1137.41,2759.97,1036.0,27.29
5,54,Designer,2024-12,3795.97,Groceries,492.88,2759.97,1036.0,27.29
5,54,Designer,2024-12,3795.97,Transport,253.24,2759.97,1036.0,27.29
5,54,Designer,2024-12,3795.97,Entertainment,260.2,2759.97,1036.0,27.29
5,54,Designer,2024-12,3795.97,Utilities,163.98,2759.97,1036.0,27.29
5,54,Designer,2024-12,3795.97,Healthcare,87.33,2759.97,1036.0,27.29
5,54,Designer,2024-12,3795.97,Education,138.21,2759.97,1036.0,27.29
5,54,Designer,2024-12,3795.97,Shopping,226.73,2759.97,1036.0,27.29
5,54,Designer,2025-01,4124.54,Rent,1210.48,3050.61,1073.92,26.04
5,54,Designer,2025-01,4124.54,Groceries,463.27,3050.61,1073.92,26.04
5,54,Designer,2025-01,4124.54,Transport,375.15,3050.61,1073.92,26.04
5,54,Designer,2025-01,4124.54,Entertainment,288.6,3050.61,1073.92,26.04
5,54,Designer,2025-01,4124.54,Utilities,250.94,3050.61,1073.92,26.04
5,54,Designer,2025-01,4124.54,Healthcare,127.39,3050.61,1073.92,26.04
5,54,Designer,2025-01,4124.54,Education,121.72,3050.61,1073.92,26.04
5,54,Designer,2025-01,4124.54,Shopping,213.07,3050.61,1073.92,26.04
5,54,Designer,2025-02,3816.69,Rent,1304.28,3065.54,751.14,19.68
5,54,Designer,2025-02,3816.69,Groceries,407.78,3065.54,751.14,19.68
5,54,Designer,2025-02,3816.69,Transport,372.17,3065.54,751.14,19.68
5,54,Designer,2025-02,3816.69,Entertainment,199.61,3065.54,751.14,19.68
5,54,Designer,2025-02,3816.69,Utilities,173.87,3065.54,751.14,19.68
5,54,Designer,2025-02,3816.69,Healthcare,159.06,3065.54,751.14,19.68
5,54,Designer,2025-02,3816.69,Education,166.59,3065.54,751.14,19.68
5,54,Designer,2025-02,3816.69,Shopping,282.18,3065.54,751.14,19.68
5,54,Designer,2025-03,4185.49,Rent,1322.1,3369.29,816.2,19.5
5,54,Designer,2025-03,4185.49,Groceries,563.42,3369.29,816.2,19.5
5,54,Designer,2025-03,4185.49,Transport,386.99,3369.29,816.2,19.5
5,54,Designer,2025-03,4185.49,Entertainment,177.81,3369.29,816.2,19.5
5,54,Designer,2025-03,4185.49,Utilities,228.87,3369.29,816.2,19.5
5,54,Designer,2025-03,4185.49,Healthcare,120.74,3369.29,816.2,19.5
5,54,Designer,2025-03,4185.49,Education,206.69,3369.29,816.2,19.5
5,54,Designer,2025-03,4185.49,Shopping,362.65,3369.29,816.2,19.5
5,54,Designer,2025-04,3789.78,Rent,1214.84,2864.24,925.54,24.42
5,54,Designer,2025-04,3789.78,Groceries,554.3,2864.24,925.54,24.42
5,54,Designer,2025-04,3789.78,Transport,223.71,2864.24,925.54,24.42
5,54,Designer,2025-04,3789.78,Entertainment,221.31,2864.24,925.54,24.42
5,54,Designer,2025-04,3789.78,Utilities,255.68,2864.24,925.54,24.42
5,54,Designer,2025-04,3789.78,Healthcare,80.94,2864.24,925.54,24.42
5,54,Designer,2025-04,3789.78,Education,132.15,2864.24,925.54,24.42
5,54,Designer,2025-04,3789.78,Shopping,181.31,2864.24,925.54,24.42
5,54,Designer,2025-05,4246.27,Rent,1473.9,3451.79,794.48,18.71
5,54,Designer,2025-05,4246.27,Groceries,625.11,3451.79,794.48,18.71
5,54,Designer,2025-05,4246.27,Transport,313.0,3451.79,794.48,18.71
5,54,Designer,2025-05,4246.27,Entertainment,310.41,3451.79,794.48,18.71
5,54,Designer,2025-05,4246.27,Utilities,277.44,3451.79,794.48,18.71
5,54,Designer,2025-05,4246.27,Healthcare,139.12,3451.79,794.48,18.71
5,54,Designer,2025-05,4246.27,Education,175.99,3451.79,794.48,18.71
5,54,Designer,2025-05,4246.27,Shopping,136.82,3451.79,794.48,18.71
5,54,Designer,2025-06,4077.01,Rent,1113.03,2646.24,1430.77,35.09
5,54,Designer,2025-06,4077.01,Groceries,432.28,2646.24,1430.77,35.09
5,54,Designer,2025-06,4077.01,Transport,219.54,2646.24,1430.77,35.09
5,54,Designer,2025-06,4077.01,Entertainment,264.25,2646.24,1430.77,35.09
5,54,Designer,2025-06,4077.01,Utilities,204.65,2646.24,1430.77,35.09
5,54,Designer,2025-06,4077.01,Healthcare,199.74,2646.24,1430.77,35.09
5,54,Designer,2025-06,4077.01,Education,13.32,2646.24,1430.77,35.09
5,54,Designer,2025-06,4077.01,Shopping,199.44,2646.24,1430.77,35.09
5,54,Designer,2025-07,4047.73,Rent,1331.99,3124.13,923.6,22.82
5,54,Designer,2025-07,4047.73,Groceries,469.28,3124.13,923.6,22.82
5,54,Designer,2025-07,4047.73,Transport,329.06,3124.13,923.6,22.82
5,54,Designer,2025-07,4047.73,Entertainment,300.74,3124.13,923.6,22.82
5,54,Designer,2025-07,4047.73,Utilities,236.69,3124.13,923.6,22.82
5,54,Designer,2025-07,4047.73,Healthcare,118.67,3124.13,923.6,22.82
5,54,Designer,2025-07,4047.73,Education,4.94,3124.13,923.6,22.82
5,54,Designer,2025-07,4047.73,Shopping,332.75,3124.13,923.6,22.82
5,54,Designer,2025-08,3780.42,Rent,1275.78,3127.36,653.06,17.27
5,54,Designer,2025-08,3780.42,Groceries,478.02,3127.36,653.06,17.27
5,54,Designer,2025-08,3780.42,Transport,366.52,3127.36,653.06,17.27
5,54,Designer,2025-08,3780.42,Entertainment,264.4,3127.36,653.06,17.27
5,54,Designer,2025-08,3780.42,Utilities,264.39,3127.36,653.06,17.27
5,54,Designer,2025-08,3780.42,Healthcare,128.64,3127.36,653.06,17.27
5,54,Designer,2025-08,3780.42,Education,145.01,3127.36,653.06,17.27
5,54,Designer,2025-08,3780.42,Shopping,204.58,3127.36,653.06,17.27
5,54,Designer,2025-09,4016.98,Rent,1256.31,3192.07,824.91,20.54
5,54,Designer,2025-09,4016.98,Groceries,577.17,3192.07,824.91,20.54
5,54,Designer,2025-09,4016.98,Transport,398.5,3192.07,824.91,20.54
5,54,Designer,2025-09,4016.98,Entertainment,274.82,3192.07,824.91,20.54
5,54,Designer,2025-09,4016.98,Utilities,211.02,3192.07,824.91,20.54
5,54,Designer,2025-09,4016.98,Healthcare,148.04,3192.07,824.91,20.54
5,54,Designer,2025-09,4016.98,Education,148.14,3192.07,824.91,20.54
5,54,Designer,2025-09,4016.98,Shopping,178.06,3192.07,824.91,20.54
5,54,Designer,2025-10,3826.43,Rent,1092.3,2576.53,1249.9,32.66
5,54,Designer,2025-10,3826.43,Groceries,437.6,2576.53,1249.9,32.66
5,54,Designer,2025-10,3826.43,Transport,248.01,2576.53,1249.9,32.66
5,54,Designer,2025-10,3826.43,Entertainment,159.49,2576.53,1249.9,32.66
5,54,Designer,2025-10,3826.43,Utilities,157.89,2576.53,1249.9,32.66
5,54,Designer,2025-10,3826.43,Healthcare,79.26,2576.53,1249.9,32.66
5,54,Designer,2025-10,3826.43,Education,188.97,2576.53,1249.9,32.66
5,54,Designer,2025-10,3826.43,Shopping,213.0,2576.53,1249.9,32.66
5,54,Designer,2025-11,3967.69,Rent,1261.59,3196.84,770.85,19.43
5,54,Designer,2025-11,3967.69,Groceries,440.07,3196.84,770.85,19.43
5,54,Designer,2025-11,3967.69,Transport,386.84,3196.84,770.85,19.43
5,54,Designer,2025-11,3967.69,Entertainment,275.03,3196.84,770.85,19.43
5,54,Designer,2025-11,3967.69,Utilities,169.35,3196.84,770.85,19.43
5,54,Designer,2025-11,3967.69,Healthcare,145.63,3196.84,770.85,19.43
5,54,Designer,2025-11,3967.69,Education,174.4,3196.84,770.85,19.43
5,54,Designer,2025-11,3967.69,Shopping,343.93,3196.84,770.85,19.43
5,54,Designer,2025-12,4010.54,Rent,1248.65,3073.08,937.46,23.37
5,54,Designer,2025-12,4010.54,Groceries,434.55,3073.08,937.46,23.37
5,54,Designer,2025-12,4010.54,Transport,399.28,3073.08,937.46,23.37
5,54,Designer,2025-12,4010.54,Entertainment,166.77,3073.08,937.46,23.37
5,54,Designer,2025-12,4010.54,Utilities,273.85,3073.08,937.46,23.37
5,54,Designer,2025-12,4010.54,Healthcare,184.43,3073.08,937.46,23.37
5,54,Designer,2025-12,4010.54,Education,121.87,3073.08,937.46,23.37
5,54,Designer,2025-12,4010.54,Shopping,243.69,3073.08,937.46,23.37
6,55,Teacher,2024-01,3435.54,Rent,871.51,2549.8,885.75,25.78
6,55,Teacher,2024-01,3435.54,Groceries,507.99,2549.8,885.75,25.78
6,55,Teacher,2024-01,3435.54,Transport,313.7,2549.8,885.75,25.78
6,55,Teacher,2024-01,3435.54,Entertainment,240.62,2549.8,885.75,25.78
6,55,Teacher,2024-01,3435.54,Utilities,202.33,2549.8,885.75,25.78
6,55,Teacher,2024-01,3435.54,Healthcare,98.44,2549.8,885.75,25.78
6,55,Teacher,2024-01,3435.54,Education,89.03,2549.8,885.75,25.78
6,55,Teacher,2024-01,3435.54,Shopping,226.18,2549.8,885.75,25.78
6,55,Teacher,2024-02,3498.49,Rent,965.67,2685.58,812.91,23.24
6,55,Teacher,2024-02,3498.49,Groceries,439.98,2685.58,812.91,23.24
6,55,Teacher,2024-02,3498.49,Transport,260.85,2685.58,812.91,23.24
6,55,Teacher,2024-02,3498.49,Entertainment,279.24,2685.58,812.91,23.24
6,55,Teacher,2024-02,3498.49,Utilities,234.13,2685.58,812.91,23.24
6,55,Teacher,2024-02,3498.49,Healthcare,134.82,2685.58,812.91,23.24
6,55,Teacher,2024-02,3498.49,Education,108.97,2685.58,812.91,23.24
6,55,Teacher,2024-02,3498.49,Shopping,261.94,2685.58,812.91,23.24
6,55,Teacher,2024-03,3279.56,Rent,1113.39,2543.41,736.15,22.45
6,55,Teacher,2024-03,3279.56,Groceries,469.0,2543.41,736.15,22.45
6,55,Teacher,2024-03,3279.56,Transport,238.99,2543.41,736.15,22.45
6,55,Teacher,2024-03,3279.56,Entertainment,162.53,2543.41,736.15,22.45
6,55,Teacher,2024-03,3279.56,Utilities,158.04,2543.41,736.15,22.45
6,55,Teacher,2024-03,3279.56,Healthcare,128.12,2543.41,736.15,22.45
6,55,Teacher,2024-03,3279.56,Education,7.28,2543.41,736.15,22.45
6,55,Teacher,2024-03,3279.56,Shopping,266.08,2543.41,736.15,22.45
6,55,Teacher,2024-04,3279.81,Rent,927.88,2282.13,997.68,30.42
6,55,Teacher,2024-04,3279.81,Groceries,480.75,2282.13,997.68,30.42
6,55,Teacher,2024-04,3279.81,Transport,284.56,2282.13,997.68,30.42
6,55,Teacher,2024-04,3279.81,Entertainment,144.54,2282.13,997.68,30.42
6,55,Teacher,2024-04,3279.81,Utilities,156.05,2282.13,997.68,30.42
6,55,Teacher,2024-04,3279.81,Healthcare,66.26,2282.13,997.68,30.42
6,55,Teacher,2024-04,3279.81,Education,114.09,2282.13,997.68,30.42
6,55,Teacher,2024-04,3279.81,Shopping,107.99,2282.13,997.68,30.42
6,55,Teacher,2024-05,3501.88,Rent,1212.39,2918.25,583.62,16.67
6,55,Teacher,2024-05,3501.88,Groceries,369.35,2918.25,583.62,16.67
6,55,Teacher,2024-05,3501.88,Transport,331.71,2918.25,583.62,16.67
6,55,Teacher,2024-05,3501.88,Entertainment,278.66,2918.25,583.62,16.67
6,55,Teacher,2024-05,3501.88,Utilities,146.54,2918.25,583.62,16.67
6,55,Teacher,2024-05,3501.88,Healthcare,193.71,2918.25,583.62,16.67
6,55,Teacher,2024-05,3501.88,Education,90.36,2918.25,583.62,16.67
6,55,Teacher,2024-05,3501.88,Shopping,295.53,2918.25,583.62,16.67
6,55,Teacher,2024-06,3519.17,Rent,1112.8,2693.53,825.63,23.46
6,55,Teacher,2024-06,3519.17,Groceries,447.6,2693.53,825.63,23.46
6,55,Teacher,2024-06,3519.17,Transport,328.07,2693.53,825.63,23.46
6,55,Teacher,2024-06,3519.17,Entertainment,234.71,2693.53,825.63,23.46
6,55,Teacher,2024-06,3519.17,Utilities,195.8,2693.53,825.63,23.46
6,55,Teacher,2024-06,3519.17,Healthcare,192.59,2693.53,825.63,23.46
6,55,Teacher,2024-06,3519.17,Education,43.16,2693.53,825.63,23.46
6,55,Teacher,2024-06,3519.17,Shopping,138.8,2693.53,825.63,23.46
6,55,Teacher,2024-07,3335.63,Rent,945.32,2493.15,842.48,25.26
6,55,Teacher,2024-07,3335.63,Groceries,373.37,2493.15,842.48,25.26
6,55,Teacher,2024-07,3335.63,Transport,321.9,2493.15,842.48,25.26
6,55,Teacher,2024-07,3335.63,Entertainment,117.72,2493.15,842.48,25.26
6,55,Teacher,2024-07,3335.63,Utilities,203.37,2493.15,842.48,25.26
6,55,Teacher,2024-07,3335.63,Healthcare,91.96,2493.15,842.48,25.26
6,55,Teacher,2024-07,3335.63,Education,147.04,2493.15,842.48,25.26
6,55,Teacher,2024-07,3335.63,Shopping,292.46,2493.15,842.48,25.26
6,55,Teacher,2024-08,3471.89,Rent,1173.18,2642.48,829.41,23.89
6,55,Teacher,2024-08,3471.89,Groceries,348.08,2642.48,829.41,23.89
6,55,Teacher,2024-08,3471.89,Transport,315.93,2642.48,829.41,23.89
6,55,Teacher,2024-08,3471.89,Entertainment,143.84,2642.48,829.41,23.89
6,55,Teacher,2024-08,3471.89,Utilities,233.52,2642.48,829.41,23.89
6,55,Teacher,2024-08,3471.89,Healthcare,69.59,2642.48,829.41,23.89
6,55,Teacher,2024-08,3471.89,Education,96.55,2642.48,829.41,23.89
6,55,Teacher,2024-08,3471.89,Shopping,261.77,2642.48,829.41,23.89
6,55,Teacher,2024-09,3379.53,Rent,910.15,2216.8,1162.73,34.41
6,55,Teacher,2024-09,3379.53,Groceries,352.16,2216.8,1162.73,34.41
6,55,Teacher,2024-09,3379.53,Transport,224.14,2216.8,1162.73,34.41
6,55,Teacher,2024-09,3379.53,Entertainment,195.99,2216.8,1162.73,34.41
6,55,Teacher,2024-09,3379.53,Utilities,146.93,2216.8,1162.73,34.41
6,55,Teacher,2024-09,3379.53,Healthcare,118.51,2216.8,1162.73,34.41
6,55,Teacher,2024-09,3379.53,Education,1.53,2216.8,1162.73,34.41
6,55,Teacher,2024-09,3379.53,Shopping,267.39,2216.8,1162.73,34.41
6,55,Teacher,2024-10,3321.36,Rent,924.45,2380.86,940.5,28.32
6,55,Teacher,2024-10,3321.36,Groceries,335.2,2380.86,940.5,28.32
6,55,Teacher,2024-10,3321.36,Transport,237.85,2380.86,940.5,28.32
6,55,Teacher,2024-10,3321.36,Entertainment,239.16,2380.86,940.5,28.32
6,55,Teacher,2024-10,3321.36,Utilities,171.93,2380.86,940.5,28.32
6,55,Teacher,2024-10,3321.36,Healthcare,90.27,2380.86,940.5,28.32
6,55,Teacher,2024-10,3321.36,Education,125.17,2380.86,940.5,28.32
6,55,Teacher,2024-10,3321.36,Shopping,256.84,2380.86,940.5,28.32
6,55,Teacher,2024-11,3341.6,Rent,1092.99,2469.09,872.5,26.11
6,55,Teacher,2024-11,3341.6,Groceries,492.43,2469.09,872.5,26.11
6,55,Teacher,2024-11,3341.6,Transport,194.88,2469.09,872.5,26.11
6,55,Teacher,2024-11,3341.6,Entertainment,229.06,2469.09,872.5,26.11
6,55,Teacher,2024-11,3341.6,Utilities,204.7,2469.09,872.5,26.11
6,55,Teacher,2024-11,3341.6,Healthcare,130.13,2469.09,872.5,26.11
6,55,Teacher,2024-11,3341.6,Education,9.68,2469.09,872.5,26.11
6,55,Teacher,2024-11,3341.6,Shopping,115.22,2469.09,872.5,26.11
6,55,Teacher,2024-12,3644.72,Rent,1272.06,2891.15,753.57,20.68
6,55,Teacher,2024-12,3644.72,Groceries,487.67,2891.15,753.57,20.68
6,55,Teacher,2024-12,3644.72,Transport,263.51,2891.15,753.57,20.68
6,55,Teacher,2024-12,3644.72,Entertainment,227.35,2891.15,753.57,20.68
6,55,Teacher,2024-12,3644.72,Utilities,210.78,2891.15,753.57,20.68
6,55,Teacher,2024-12,3644.72,Healthcare,128.82,2891.15,753.57,20.68
6,55,Teacher,2024-12,3644.72,Education,11.96,2891.15,753.57,20.68
6,55,Teacher,2024-12,3644.72,Shopping,288.99,2891.15,753.57,20.68
6,55,Teacher,2025-01,3430.07,Rent,1138.37,2506.33,923.74,26.93
6,55,Teacher,2025-01,3430.07,Groceries,386.31,2506.33,923.74,26.93
6,55,Teacher,2025-01,3430.07,Transport,171.68,2506.33,923.74,26.93
6,55,Teacher,2025-01,3430.07,Entertainment,130.16,2506.33,923.74,26.93
6,55,Teacher,2025-01,3430.07,Utilities,185.42,2506.33,923.74,26.93
6,55,Teacher,2025-01,3430.07,Healthcare,198.16,2506.33,923.74,26.93
6,55,Teacher,2025-01,3430.07,Education,17.53,2506.33,923.74,26.93
6,55,Teacher,2025-01,3430.07,Shopping,278.7,2506.33,923.74,26.93
6,55,Teacher,2025-02,3499.38,Rent,1163.87,2839.75,659.63,18.85
6,55,Teacher,2025-02,3499.38,Groceries,402.14,2839.75,659.63,18.85
6,55,Teacher,2025-02,3499.38,Transport,321.93,2839.75,659.63,18.85
6,55,Teacher,2025-02,3499.38,Entertainment,240.2,2839.75,659.63,18.85
6,55,Teacher,2025-02,3499.38,Utilities,164.13,2839.75,659.63,18.85
6,55,Teacher,2025-02,3499.38,Healthcare,88.37,2839.75,659.63,18.85
6,55,Teacher,2025-02,3499.38,Education,151.88,2839.75,659.63,18.85
6,55,Teacher,2025-02,3499.38,Shopping,307.23,2839.75,659.63,18.85
6,55,Teacher,2025-03,3277.97,Rent,1059.2,2638.88,639.09,19.5
6,55,Teacher,2025-03,3277.97,Groceries,476.87,2638.88,639.09,19.5
6,55,Teacher,2025-03,3277.97,Transport,304.42,2638.88,639.09,19.5
6,55,Teacher,2025-03,3277.97,Entertainment,256.42,2638.88,639.09,19.5
6,55,Teacher,2025-03,3277.97,Utilities,205.87,2638.88,639.09,19.5
6,55,Teacher,2025-03,3277.97,Healthcare,123.55,2638.88,639.09,19.5
6,55,Teacher,2025-03,3277.97,Education,51.13,2638.88,639.09,19.5
6,55,Teacher,2025-03,3277.97,Shopping,161.42,2638.88,639.09,19.5
6,55,Teacher,2025-04,3587.55,Rent,1164.46,2712.96,874.59,24.38
6,55,Teacher,2025-04,3587.55,Groceries,394.7,2712.96,874.59,24.38
6,55,Teacher,2025-04,3587.55,Transport,335.1,2712.96,874.59,24.38
6,55,Teacher,2025-04,3587.55,Entertainment,235.87,2712.96,874.59,24.38
6,55,Teacher,2025-04,3587.55,Utilities,204.07,2712.96,874.59,24.38
6,55,Teacher,2025-04,3587.55,Healthcare,139.42,2712.96,874.59,24.38
6,55,Teacher,2025-04,3587.55,Education,97.44,2712.96,874.59,24.38
6,55,Teacher,2025-04,3587.55,Shopping,141.9,2712.96,874.59,24.38
6,55,Teacher,2025-05,3354.97,Rent,869.33,2307.64,1047.33,31.22
6,55,Teacher,2025-05,3354.97,Groceries,361.27,2307.64,1047.33,31.22
6,55,Teacher,2025-05,3354.97,Transport,243.86,2307.64,1047.33,31.22
6,55,Teacher,2025-05,3354.97,Entertainment,189.62,2307.64,1047.33,31.22
6,55,Teacher,2025-05,3354.97,Utilities,136.0,2307.64,1047.33,31.22
6,55,Teacher,2025-05,3354.97,Healthcare,174.03,2307.64,1047.33,31.22
6,55,Teacher,2025-05,3354.97,Education,49.35,2307.64,1047.33,31.22
6,55,Teacher,2025-05,3354.97,Shopping,284.2,2307.64,1047.33,31.22
6,55,Teacher,2025-06,3696.13,Rent,992.58,2443.89,1252.24,33.88
6,55,Teacher,2025-06,3696.13,Groceries,455.01,2443.89,1252.24,33.88
6,55,Teacher,2025-06,3696.13,Transport,185.03,2443.89,1252.24,33.88
6,55,Teacher,2025-06,3696.13,Entertainment,221.46,2443.89,1252.24,33.88
6,55,Teacher,2025-06,3696.13,Utilities,215.19,2443.89,1252.24,33.88
6,55,Teacher,2025-06,3696.13,Healthcare,110.52,2443.89,1252.24,33.88
6,55,Teacher,2025-06,3696.13,Education,103.2,2443.89,1252.24,33.88
6,55,Teacher,2025-06,3696.13,Shopping,160.9,2443.89,1252.24,33.88
6,55,Teacher,2025-07,3335.82,Rent,1051.29,2509.19,826.63,24.78
6,55,Teacher,2025-07,3335.82,Groceries,387.94,2509.19,826.63,24.78
6,55,Teacher,2025-07,3335.82,Transport,265.24,2509.19,826.63,24.78
6,55,Teacher,2025-07,3335.82,Entertainment,172.34,2509.19,826.63,24.78
6,55,Teacher,2025-07,3335.82,Utilities,231.94,2509.19,826.63,24.78
6,55,Teacher,2025-07,3335.82,Healthcare,86.68,2509.19,826.63,24.78
6,55,Teacher,2025-07,3335.82,Education,77.49,2509.19,826.63,24.78
6,55,Teacher,2025-07,3335.82,Shopping,236.27,2509.19,826.63,24.78
6,55,Teacher,2025-08,3440.66,Rent,1195.53,2994.48,446.18,12.97
6,55,Teacher,2025-08,3440.66,Groceries,468.25,2994.48,446.18,12.97
6,55,Teacher,2025-08,3440.66,Transport,285.06,2994.48,446.18,12.97
6,55,Teacher,2025-08,3440.66,Entertainment,233.46,2994.48,446.18,12.97
6,55,Teacher,2025-08,3440.66,Utilities,235.96,2994.48,446.18,12.97
6,55,Teacher,2025-08,3440.66,Healthcare,193.75,2994.48,446.18,12.97
6,55,Teacher,2025-08,3440.66,Education,124.6,2994.48,446.18,12.97
6,55,Teacher,2025-08,3440.66,Shopping,257.88,2994.48,446.18,12.97
6,55,Teacher,2025-09,3329.16,Rent,866.51,2328.01,1001.16,30.07
6,55,Teacher,2025-09,3329.16,Groceries,427.95,2328.01,1001.16,30.07
6,55,Teacher,2025-09,3329.16,Transport,169.52,2328.01,1001.16,30.07
6,55,Teacher,2025-09,3329.16,Entertainment,180.17,2328.01,1001.16,30.07
6,55,Teacher,2025-09,3329.16,Utilities,154.18,2328.01,1001.16,30.07
6,55,Teacher,2025-09,3329.16,Healthcare,112.66,2328.01,1001.16,30.07
6,55,Teacher,2025-09,3329.16,Education,129.14,2328.01,1001.16,30.07
6,55,Teacher,2025-09,3329.16,Shopping,287.89,2328.01,1001.16,30.07
6,55,Teacher,2025-10,3296.33,Rent,1000.19,2463.83,832.51,25.26
6,55,Teacher,2025-10,3296.33,Groceries,475.09,2463.83,832.51,25.26
6,55,Teacher,2025-10,3296.33,Transport,178.42,2463.83,832.51,25.26
6,55,Teacher,2025-10,3296.33,Entertainment,234.78,2463.83,832.51,25.26
6,55,Teacher,2025-10,3296.33,Utilities,167.24,2463.83,832.51,25.26
6,55,Teacher,2025-10,3296.33,Healthcare,108.4,2463.83,832.51,25.26
6,55,Teacher,2025-10,3296.33,Education,161.1,2463.83,832.51,25.26
6,55,Teacher,2025-10,3296.33,Shopping,138.62,2463.83,832.51,25.26
6,55,Teacher,2025-11,3573.6,Rent,1186.95,2828.9,744.7,20.84
6,55,Teacher,2025-11,3573.6,Groceries,364.72,2828.9,744.7,20.84
6,55,Teacher,2025-11,3573.6,Transport,298.46,2828.9,744.7,20.84
6,55,Teacher,2025-11,3573.6,Entertainment,277.23,2828.9,744.7,20.84
6,55,Teacher,2025-11,3573.6,Utilities,156.26,2828.9,744.7,20.84
6,55,Teacher,2025-11,3573.6,Healthcare,199.58,2828.9,744.7,20.84
6,55,Teacher,2025-11,3573.6,Education,106.27,2828.9,744.7,20.84
6,55,Teacher,2025-11,3573.6,Shopping,239.42,2828.9,744.7,20.84
6,55,Teacher,2025-12,3537.76,Rent,990.16,2784.71,753.05,21.29
6,55,Teacher,2025-12,3537.76,Groceries,519.2,2784.71,753.05,21.29
6,55,Teacher,2025-12,3537.76,Transport,344.46,2784.71,753.05,21.29
6,55,Teacher,2025-12,3537.76,Entertainment,216.74,2784.71,753.05,21.29
6,55,Teacher,2025-12,3537.76,Utilities,224.66,2784.71,753.05,21.29
6,55,Teacher,2025-12,3537.76,Healthcare,157.4,2784.71,753.05,21.29
6,55,Teacher,2025-12,3537.76,Education,85.68,2784.71,753.05,21.29
6,55,Teacher,2025-12,3537.76,Shopping,246.4,2784.71,753.05,21.29
7,27,Designer,2024-01,3515.52,Rent,1063.94,2414.65,1100.86,31.31
7,27,Designer,2024-01,3515.52,Groceries,480.15,2414.65,1100.86,31.31
7,27,Designer,2024-01,3515.52,Transport,190.12,2414.65,1100.86,31.31
7,27,Designer,2024-01,3515.52,Entertainment,116.07,2414.65,1100.86,31.31
7,27,Designer,2024-01,3515.52,Utilities,166.68,2414.65,1100.86,31.31
7,27,Designer,2024-01,3515.52,Healthcare,92.75,2414.65,1100.86,31.31
7,27,Designer,2024-01,3515.52,Education,153.24,2414.65,1100.86,31.31
7,27,Designer,2024-01,3515.52,Shopping,151.7,2414.65,1100.86,31.31
7,27,Designer,2024-02,3662.43,Rent,1038.99,2644.44,1018.0,27.8
7,27,Designer,2024-02,3662.43,Groceries,399.59,2644.44,1018.0,27.8
7,27,Designer,2024-02,3662.43,Transport,327.73,2644.44,1018.0,27.8
7,27,Designer,2024-02,3662.43,Entertainment,230.5,2644.44,1018.0,27.8
7,27,Designer,2024-02,3662.43,Utilities,201.24,2644.44,1018.0,27.8
7,27,Designer,2024-02,3662.43,Healthcare,154.61,2644.44,1018.0,27.8
7,27,Designer,2024-02,3662.43,Education,131.7,2644.44,1018.0,27.8
7,27,Designer,2024-02,3662.43,Shopping,160.08,2644.44,1018.0,27.8
7,27,Designer,2024-03,3671.48,Rent,1275.76,2709.62,961.86,26.2
7,27,Designer,2024-03,3671.48,Groceries,486.53,2709.62,961.86,26.2
7,27,Designer,2024-03,3671.48,Transport,220.21,2709.62,961.86,26.2
7,27,Designer,2024-03,3671.48,Entertainment,235.02,2709.62,961.86,26.2
7,27,Designer,2024-03,3671.48,Utilities,154.81,2709.62,961.86,26.2
7,27,Designer,2024-03,3671.48,Healthcare,77.93,2709.62,961.86,26.2
7,27,Designer,2024-03,3671.48,Education,47.3,2709.62,961.86,26.2
7,27,Designer,2024-03,3671.48,Shopping,212.06,2709.62,961.86,26.2
7,27,Designer,2024-04,3614.86,Rent,1166.58,2794.61,820.26,22.69
7,27,Designer,2024-04,3614.86,Groceries,495.73,2794.61,820.26,22.69
7,27,Designer,2024-04,3614.86,Transport,257.65,2794.61,820.26,22.69
7,27,Designer,2024-04,3614.86,Entertainment,170.97,2794.61,820.26,22.69
7,27,Designer,2024-04,3614.86,Utilities,184.83,2794.61,820.26,22.69
7,27,Designer,2024-04,3614.86,Healthcare,215.11,2794.61,820.26,22.69
7,27,Designer,2024-04,3614.86,Education,7.25,2794.61,820.26,22.69
7,27,Designer,2024-04,3614.86,Shopping,296.5,2794.61,820.26,22.69
7,27,Designer,2024-05,3486.82,Rent,1024.64,2654.87,831.95,23.86
7,27,Designer,2024-05,3486.82,Groceries,475.12,2654.87,831.95,23.86
7,27,Designer,2024-05,3486.82,Transport,259.19,2654.87,831.95,23.86
7,27,Designer,2024-05,3486.82,Entertainment,256.88,2654.87,831.95,23.86
7,27,Designer,2024-05,3486.82,Utilities,233.69,2654.87,831.95,23.86
7,27,Designer,2024-05,3486.82,Healthcare,128.56,2654.87,831.95,23.86
7,27,Designer,2024-05,3486.82,Education,48.26,2654.87,831.95,23.86
7,27,Designer,2024-05,3486.82,Shopping,228.53,2654.87,831.95,23.86
7,27,Designer,2024-06,3634.36,Rent,985.15,2650.4,983.96,27.07
7,27,Designer,2024-06,3634.36,Groceries,476.64,2650.4,983.96,27.07
7,27,Designer,2024-06,3634.36,Transport,296.48,2650.4,983.96,27.07
7,27,Designer,2024-06,3634.36,Entertainment,242.25,2650.4,983.96,27.07
7,27,Designer,2024-06,3634.36,Utilities,159.72,2650.4,983.96,27.07
7,27,Designer,2024-06,3634.36,Healthcare,176.75,2650.4,983.96,27.07
7,27,Designer,2024-06,3634.36,Education,165.19,2650.4,983.96,27.07
7,27,Designer,2024-06,3634.36,Shopping,148.21,2650.4,983.96,27.07
7,27,Designer,2024-07,3336.0,Rent,1158.06,2631.84,704.15,21.11
7,27,Designer,2024-07,3336.0,Groceries,363.79,2631.84,704.15,21.11
7,27,Designer,2024-07,3336.0,Transport,309.31,2631.84,704.15,21.11
7,27,Designer,2024-07,3336.0,Entertainment,182.19,2631.84,704.15,21.11
7,27,Designer,2024-07,3336.0,Utilities,158.18,2631.84,704.15,21.11
7,27,Designer,2024-07,3336.0,Healthcare,182.91,2631.84,704.15,21.11
7,27,Designer,2024-07,3336.0,Education,74.28,2631.84,704.15,21.11
7,27,Designer,2024-07,3336.0,Shopping,203.13,2631.84,704.15,21.11
7,27,Designer,2024-08,3389.8,Rent,1048.45,2549.73,840.07,24.78
7,27,Designer,2024-08,3389.8,Groceries,366.7,2549.73,840.07,24.78
7,27,Designer,2024-08,3389.8,Transport,235.77,2549.73,840.07,24.78
7,27,Designer,2024-08,3389.8,Entertainment,266.0,2549.73,840.07,24.78
7,27,Designer,2024-08,3389.8,Utilities,161.84,2549.73,840.07,24.78
7,27,Designer,2024-08,3389.8,Healthcare,156.84,2549.73,840.07,24.78
7,27,Designer,2024-08,3389.8,Education,55.12,2549.73,840.07,24.78
7,27,Designer,2024-08,3389.8,Shopping,259.01,2549.73,840.07,24.78
7,27,Designer,2024-09,3288.84,Rent,1141.17,2458.79,830.05,25.24
7,27,Designer,2024-09,3288.84,Groceries,403.51,2458.79,830.05,25.24
7,27,Designer,2024-09,3288.84,Transport,203.26,2458.79,830.05,25.24
7,27,Designer,2024-09,3288.84,Entertainment,110.75,2458.79,830.05,25.24
7,27,Designer,2024-09,3288.84,Utilities,148.3,2458.79,830.05,25.24
7,27,Designer,2024-09,3288.84,Healthcare,134.15,2458.79,830.05,25.24
7,27,Designer,2024-09,3288.84,Education,55.42,2458.79,830.05,25.24
7,27,Designer,2024-09,3288.84,Shopping,262.23,2458.79,830.05,25.24
7,27,Designer,2024-10,3421.48,Rent,940.47,2403.81,1017.67,29.74
7,27,Designer,2024-10,3421.48,Groceries,447.73,2403.81,1017.67,29.74
7,27,Designer,2024-10,3421.48,Transport,291.99,2403.81,1017.67,29.74
7,27,Designer,2024-10,3421.48,Entertainment,131.22,2403.81,1017.67,29.74
7,27,Designer,2024-10,3421.48,Utilities,154.06,2403.81,1017.67,29.74
7,27,Designer,2024-10,3421.48,Healthcare,73.45,2403.81,1017.67,29.74
7,27,Designer,2024-10,3421.48,Education,125.98,2403.81,1017.67,29.74
7,27,Designer,2024-10,3421.48,Shopping,238.92,2403.81,1017.67,29.74
7,27,Designer,2024-11,3440.82,Rent,1150.67,2563.23,877.59,25.51
7,27,Designer,2024-11,3440.82,Groceries,482.69,2563.23,877.59,25.51
7,27,Designer,2024-11,3440.82,Transport,272.75,2563.23,877.59,25.51
7,27,Designer,2024-11,3440.82,Entertainment,252.6,2563.23,877.59,25.51
7,27,Designer,2024-11,3440.82,Utilities,158.88,2563.23,877.59,25.51
7,27,Designer,2024-11,3440.82,Healthcare,84.22,2563.23,877.59,25.51
7,27,Designer,2024-11,3440.82,Education,46.41,2563.23,877.59,25.51
7,27,Designer,2024-11,3440.82,Shopping,115.01,2563.23,877.59,25.51
7,27,Designer,2024-12,3465.82,Rent,1191.07,2470.65,995.17,28.71
7,27,Designer,2024-12,3465.82,Groceries,353.4,2470.65,995.17,28.71
7,27,Designer,2024-12,3465.82,Transport,194.45,2470.65,995.17,28.71
7,27,Designer,2024-12,3465.82,Entertainment,182.34,2470.65,995.17,28.71
7,27,Designer,2024-12,3465.82,Utilities,235.73,2470.65,995.17,28.71
7,27,Designer,2024-12,3465.82,Healthcare,113.15,2470.65,995.17,28.71
7,27,Designer,2024-12,3465.82,Education,87.9,2470.65,995.17,28.71
7,27,Designer,2024-12,3465.82,Shopping,112.62,2470.65,995.17,28.71
7,27,Designer,2025-01,3296.56,Rent,1149.39,2710.83,585.73,17.77
7,27,Designer,2025-01,3296.56,Groceries,488.73,2710.83,585.73,17.77
7,27,Designer,2025-01,3296.56,Transport,165.64,2710.83,585.73,17.77
7,27,Designer,2025-01,3296.56,Entertainment,255.78,2710.83,585.73,17.77
7,27,Designer,2025-01,3296.56,Utilities,195.07,2710.83,585.73,17.77
7,27,Designer,2025-01,3296.56,Healthcare,180.38,2710.83,585.73,17.77
7,27,Designer,2025-01,3296.56,Education,74.95,2710.83,585.73,17.77
7,27,Designer,2025-01,3296.56,Shopping,200.88,2710.83,585.73,17.77
7,27,Designer,2025-02,3447.11,Rent,1091.65,2522.06,925.05,26.84
7,27,Designer,2025-02,3447.11,Groceries,368.78,2522.06,925.05,26.84
7,27,Designer,2025-02,3447.11,Transport,177.52,2522.06,925.05,26.84
7,27,Designer,2025-02,3447.11,Entertainment,156.49,2522.06,925.05,26.84
7,27,Designer,2025-02,3447.11,Utilities,210.76,2522.06,925.05,26.84
7,27,Designer,2025-02,3447.11,Healthcare,96.77,2522.06,925.05,26.84
7,27,Designer,2025-02,3447.11,Education,116.07,2522.06,925.05,26.84
7,27,Designer,2025-02,3447.11,Shopping,304.02,2522.06,925.05,26.84
7,27,Designer,2025-03,3272.49,Rent,1038.23,2631.87,640.62,19.58
7,27,Designer,2025-03,3272.49,Groceries,399.86,2631.87,640.62,19.58
7,27,Designer,2025-03,3272.49,Transport,305.67,2631.87,640.62,19.58
7,27,Designer,2025-03,3272.49,Entertainment,127.16,2631.87,640.62,19.58
7,27,Designer,2025-03,3272.49,Utilities,198.9,2631.87,640.62,19.58
7,27,Designer,2025-03,3272.49,Healthcare,175.16,2631.87,640.62,19.58
7,27,Designer,2025-03,3272.49,Education,154.56,2631.87,640.62,19.58
7,27,Designer,2025-03,3272.49,Shopping,232.33,2631.87,640.62,19.58
7,27,Designer,2025-04,3450.79,Rent,1075.9,2614.16,836.62,24.24
7,27,Designer,2025-04,3450.79,Groceries,495.0,2614.16,836.62,24.24
7,27,Designer,2025-04,3450.79,Transport,270.99,2614.16,836.62,24.24
7,27,Designer,2025-04,3450.79,Entertainment,108.77,2614.16,836.62,24.24
7,27,Designer,2025-04,3450.79,Utilities,234.41,2614.16,836.62,24.24
7,27,Designer,2025-04,3450.79,Healthcare,164.19,2614.16,836.62,24.24
7,27,Designer,2025-04,3450.79,Education,116.73,2614.16,836.62,24.24
7,27,Designer,2025-04,3450.79,Shopping,148.18,2614.16,836.62,24.24
7,27,Designer,2025-05,3522.29,Rent,1019.3,2590.13,932.16,26.46
7,27,Designer,2025-05,3522.29,Groceries,466.92,2590.13,932.16,26.46
7,27,Designer,2025-05,3522.29,Transport,194.89,2590.13,932.16,26.46
7,27,Designer,2025-05,3522.29,Entertainment,221.52,2590.13,932.16,26.46
7,27,Designer,2025-05,3522.29,Utilities,246.5,2590.13,932.16,26.46
7,27,Designer,2025-05,3522.29,Healthcare,77.24,2590.13,932.16,26.46
7,27,Designer,2025-05,3522.29,Education,172.09,2590.13,932.16,26.46
7,27,Designer,2025-05,3522.29,Shopping,191.66,2590.13,932.16,26.46
7,27,Designer,2025-06,3615.96,Rent,1186.9,2945.18,670.78,18.55
7,27,Designer,2025-06,3615.96,Groceries,464.11,2945.18,670.78,18.55
7,27,Designer,2025-06,3615.96,Transport,314.31,2945.18,670.78,18.55
7,27,Designer,2025-06,3615.96,Entertainment,267.31,2945.18,670.78,18.55
7,27,Designer,2025-06,3615.96,Utilities,188.48,2945.18,670.78,18.55
7,27,Designer,2025-06,3615.96,Healthcare,119.62,2945.18,670.78,18.55
7,27,Designer,2025-06,3615.96,Education,120.7,2945.18,670.78,18.55
7,27,Designer,2025-06,3615.96,Shopping,283.75,2945.18,670.78,18.55
7,27,Designer,2025-07,3568.0,Rent,1176.66,2580.54,987.46,27.68
7,27,Designer,2025-07,3568.0,Groceries,434.51,2580.54,987.46,27.68
7,27,Designer,2025-07,3568.0,Transport,324.3,2580.54,987.46,27.68
7,27,Designer,2025-07,3568.0,Entertainment,128.49,2580.54,987.46,27.68
7,27,Designer,2025-07,3568.0,Utilities,201.0,2580.54,987.46,27.68
7,27,Designer,2025-07,3568.0,Healthcare,72.18,2580.54,987.46,27.68
7,27,Designer,2025-07,3568.0,Education,57.91,2580.54,987.46,27.68
7,27,Designer,2025-07,3568.0,Shopping,185.49,2580.54,987.46,27.68
7,27,Designer,2025-08,3406.13,Rent,1088.42,2396.02,1010.12,29.66
7,27,Designer,2025-08,3406.13,Groceries,406.79,2396.02,1010.12,29.66
7,27,Designer,2025-08,3406.13,Transport,246.72,2396.02,1010.12,29.66
7,27,Designer,2025-08,3406.13,Entertainment,142.64,2396.02,1010.12,29.66
7,27,Designer,2025-08,3406.13,Utilities,174.39,2396.02,1010.12,29.66
7,27,Designer,2025-08,3406.13,Healthcare,99.09,2396.02,1010.12,29.66
7,27,Designer,2025-08,3406.13,Education,12.47,2396.02,1010.12,29.66
7,27,Designer,2025-08,3406.13,Shopping,225.51,2396.02,1010.12,29.66
7,27,Designer,2025-09,3526.41,Rent,1100.06,2552.33,974.08,27.62
7,27,Designer,2025-09,3526.41,Groceries,434.36,2552.33,974.08,27.62
7,27,Designer,2025-09,3526.41,Transport,243.28,2552.33,974.08,27.62
7,27,Designer,2025-09,3526.41,Entertainment,258.02,2552.33,974.08,27.62
7,27,Designer,2025-09,3526.41,Utilities,195.97,2552.33,974.08,27.62
7,27,Designer,2025-09,3526.41,Healthcare,138.12,2552.33,974.08,27.62
7,27,Designer,2025-09,3526.41,Education,4.52,2552.33,974.08,27.62
7,27,Designer,2025-09,3526.41,Shopping,178.0,2552.33,974.08,27.62
7,27,Designer,2025-10,3399.07,Rent,985.33,2701.14,697.93,20.53
7,27,Designer,2025-10,3399.07,Groceries,438.51,2701.14,697.93,20.53
7,27,Designer,2025-10,3399.07,Transport,260.64,2701.14,697.93,20.53
7,27,Designer,2025-10,3399.07,Entertainment,205.29,2701.14,697.93,20.53
7,27,Designer,2025-10,3399.07,Utilities,213.96,2701.14,697.93,20.53
7,27,Designer,2025-10,3399.07,Healthcare,178.52,2701.14,697.93,20.53
7,27,Designer,2025-10,3399.07,Education,122.05,2701.14,697.93,20.53
7,27,Designer,2025-10,3399.07,Shopping,296.85,2701.14,697.93,20.53
7,27,Designer,2025-11,3239.03,Rent,873.17,2334.36,904.67,27.93
7,27,Designer,2025-11,3239.03,Groceries,325.13,2334.36,904.67,27.93
7,27,Designer,2025-11,3239.03,Transport,266.81,2334.36,904.67,27.93
7,27,Designer,2025-11,3239.03,Entertainment,242.61,2334.36,904.67,27.93
7,27,Designer,2025-11,3239.03,Utilities,153.22,2334.36,904.67,27.93
7,27,Designer,2025-11,3239.03,Healthcare,184.89,2334.36,904.67,27.93
7,27,Designer,2025-11,3239.03,Education,9.76,2334.36,904.67,27.93
7,27,Designer,2025-11,3239.03,Shopping,278.77,2334.36,904.67,27.93
7,27,Designer,2025-12,3386.44,Rent,880.95,2263.81,1122.62,33.15
7,27,Designer,2025-12,3386.44,Groceries,420.91,2263.81,1122.62,33.15
7,27,Designer,2025-12,3386.44,Transport,212.8,2263.81,1122.62,33.15
7,27,Designer,2025-12,3386.44,Entertainment,149.83,2263.81,1122.62,33.15
7,27,Designer,2025-12,3386.44,Utilities,166.68,2263.81,1122.62,33.15
7,27,Designer,2025-12,3386.44,Healthcare,176.5,2263.81,1122.62,33.15
7,27,Designer,2025-12,3386.44,Education,91.29,2263.81,1122.62,33.15
7,27,Designer,2025-12,3386.44,Shopping,164.85,2263.81,1122.62,33.15
8,51,Designer,2024-01,4337.87,Rent,1202.73,2947.95,1389.93,32.04
8,51,Designer,2024-01,4337.87,Groceries,523.48,2947.95,1389.93,32.04
8,51,Designer,2024-01,4337.87,Transport,243.33,2947.95,1389.93,32.04
8,51,Designer,2024-01,4337.87,Entertainment,169.43,2947.95,1389.93,32.04
8,51,Designer,2024-01,4337.87,Utilities,262.15,2947.95,1389.93,32.04
8,51,Designer,2024-01,4337.87,Healthcare,118.24,2947.95,1389.93,32.04
8,51,Designer,2024-01,4337.87,Education,113.9,2947.95,1389.93,32.04
8,51,Designer,2024-01,4337.87,Shopping,314.68,2947.95,1389.93,32.04
8,51,Designer,2024-02,4008.49,Rent,1229.53,2999.28,1009.21,25.18
8,51,Designer,2024-02,4008.49,Groceries,452.27,2999.28,1009.21,25.18
8,51,Designer,2024-02,4008.49,Transport,393.42,2999.28,1009.21,25.18
8,51,Designer,2024-02,4008.49,Entertainment,217.17,2999.28,1009.21,25.18
8,51,Designer,2024-02,4008.49,Utilities,257.26,2999.28,1009.21,25.18
8,51,Designer,2024-02,4008.49,Healthcare,168.39,2999.28,1009.21,25.18
8,51,Designer,2024-02,4008.49,Education,8.7,2999.28,1009.21,25.18
8,51,Designer,2024-02,4008.49,Shopping,272.53,2999.28,1009.21,25.18
8,51,Designer,2024-03,4465.06,Rent,1384.89,3475.95,989.11,22.15
8,51,Designer,2024-03,4465.06,Groceries,629.39,3475.95,989.11,22.15
8,51,Designer,2024-03,4465.06,Transport,420.65,3475.95,989.11,22.15
8,51,Designer,2024-03,4465.06,Entertainment,184.87,3475.95,989.11,22.15
8,51,Designer,2024-03,4465.06,Utilities,207.01,3475.95,989.11,22.15
8,51,Designer,2024-03,4465.06,Healthcare,198.42,3475.95,989.11,22.15
8,51,Designer,2024-03,4465.06,Education,91.76,3475.95,989.11,22.15
8,51,Designer,2024-03,4465.06,Shopping,358.95,3475.95,989.11,22.15
8,51,Designer,2024-04,4437.28,Rent,1266.14,3109.16,1328.12,29.93
8,51,Designer,2024-04,4437.28,Groceries,496.28,3109.16,1328.12,29.93
8,51,Designer,2024-04,4437.28,Transport,395.03,3109.16,1328.12,29.93
8,51,Designer,2024-04,4437.28,Entertainment,194.09,3109.16,1328.12,29.93
8,51,Designer,2024-04,4437.28,Utilities,287.0,3109.16,1328.12,29.93
8,51,Designer,2024-04,4437.28,Healthcare,163.96,3109.16,1328.12,29.93
8,51,Designer,2024-04,4437.28,Education,148.11,3109.16,1328.12,29.93
8,51,Designer,2024-04,4437.28,Shopping,158.55,3109.16,1328.12,29.93
8,51,Designer,2024-05,4287.98,Rent,1265.71,2918.01,1369.97,31.95
8,51,Designer,2024-05,4287.98,Groceries,554.57,2918.01,1369.97,31.95
8,51,Designer,2024-05,4287.98,Transport,250.42,2918.01,1369.97,31.95
8,51,Designer,2024-05,4287.98,Entertainment,286.62,2918.01,1369.97,31.95
8,51,Designer,2024-05,4287.98,Utilities,282.51,2918.01,1369.97,31.95
8,51,Designer,2024-05,4287.98,Healthcare,122.93,2918.01,1369.97,31.95
8,51,Designer,2024-05,4287.98,Education,20.52,2918.01,1369.97,31.95
8,51,Designer,2024-05,4287.98,Shopping,134.72,2918.01,1369.97,31.95
8,51,Designer,2024-06,4297.77,Rent,1335.36,3156.57,1141.2,26.55
8,51,Designer,2024-06,4297.77,Groceries,547.26,3156.57,1141.2,26.55
8,51,Designer,2024-06,4297.77,Transport,264.73,3156.57,1141.2,26.55
8,51,Designer,2024-06,4297.77,Entertainment,212.93,3156.57,1141.2,26.55
8,51,Designer,2024-06,4297.77,Utilities,248.56,3156.57,1141.2,26.55
8,51,Designer,2024-06,4297.77,Healthcare,171.36,3156.57,1141.2,26.55
8,51,Designer,2024-06,4297.77,Education,212.26,3156.57,1141.2,26.55
8,51,Designer,2024-06,4297.77,Shopping,164.12,3156.57,1141.2,26.55
8,51,Designer,2024-07,4326.52,Rent,1256.56,3183.81,1142.71,26.41
8,51,Designer,2024-07,4326.52,Groceries,525.28,3183.81,1142.71,26.41
8,51,Designer,2024-07,4326.52,Transport,371.56,3183.81,1142.71,26.41
8,51,Designer,2024-07,4326.52,Entertainment,279.59,3183.81,1142.71,26.41
8,51,Designer,2024-07,4326.52,Utilities,301.72,3183.81,1142.71,26.41
8,51,Designer,2024-07,4326.52,Healthcare,108.75,3183.81,1142.71,26.41
8,51,Designer,2024-07,4326.52,Education,22.52,3183.81,1142.71,26.41
8,51,Designer,2024-07,4326.52,Shopping,317.83,3183.81,1142.71,26.41
8,51,Designer,2024-08,4263.4,Rent,1182.73,2778.47,1484.93,34.83
8,51,Designer,2024-08,4263.4,Groceries,443.27,2778.47,1484.93,34.83
8,51,Designer,2024-08,4263.4,Transport,231.43,2778.47,1484.93,34.83
8,51,Designer,2024-08,4263.4,Entertainment,318.52,2778.47,1484.93,34.83
8,51,Designer,2024-08,4263.4,Utilities,195.08,2778.47,1484.93,34.83
8,51,Designer,2024-08,4263.4,Healthcare,140.41,2778.47,1484.93,34.83
8,51,Designer,2024-08,4263.4,Education,48.32,2778.47,1484.93,34.83
8,51,Designer,2024-08,4263.4,Shopping,218.71,2778.47,1484.93,34.83
8,51,Designer,2024-09,3988.24,Rent,1204.07,2962.92,1025.32,25.71
8,51,Designer,2024-09,3988.24,Groceries,412.31,2962.92,1025.32,25.71
8,51,Designer,2024-09,3988.24,Transport,359.01,2962.92,1025.32,25.71
8,51,Designer,2024-09,3988.24,Entertainment,166.25,2962.92,1025.32,25.71
8,51,Designer,2024-09,3988.24,Utilities,224.14,2962.92,1025.32,25.71
8,51,Designer,2024-09,3988.24,Healthcare,220.16,2962.92,1025.32,25.71
8,51,Designer,2024-09,3988.24,Education,129.79,2962.92,1025.32,25.71
8,51,Designer,2024-09,3988.24,Shopping,247.18,2962.92,1025.32,25.71
8,51,Designer,2024-10,4126.05,Rent,1168.91,3063.19,1062.86,25.76
8,51,Designer,2024-10,4126.05,Groceries,550.72,3063.19,1062.86,25.76
8,51,Designer,2024-10,4126.05,Transport,411.4,3063.19,1062.86,25.76
8,51,Designer,2024-10,4126.05,Entertainment,260.32,3063.19,1062.86,25.76
8,51,Designer,2024-10,4126.05,Utilities,234.09,3063.19,1062.86,25.76
8,51,Designer,2024-10,4126.05,Healthcare,203.11,3063.19,1062.86,25.76
8,51,Designer,2024-10,4126.05,Education,95.97,3063.19,1062.86,25.76
8,51,Designer,2024-10,4126.05,Shopping,138.67,3063.19,1062.86,25.76
8,51,Designer,2024-11,4254.7,Rent,1471.12,3220.4,1034.3,24.31
8,51,Designer,2024-11,4254.7,Groceries,462.76,3220.4,1034.3,24.31
8,51,Designer,2024-11,4254.7,Transport,359.52,3220.4,1034.3,24.31
8,51,Designer,2024-11,4254.7,Entertainment,170.39,3220.4,1034.3,24.31
8,51,Designer,2024-11,4254.7,Utilities,238.58,3220.4,1034.3,24.31
8,51,Designer,2024-11,4254.7,Healthcare,101.55,3220.4,1034.3,24.31
8,51,Designer,2024-11,4254.7,Education,95.81,3220.4,1034.3,24.31
8,51,Designer,2024-11,4254.7,Shopping,320.68,3220.4,1034.3,24.31
8,51,Designer,2024-12,4138.61,Rent,1309.83,3342.65,795.96,19.23
8,51,Designer,2024-12,4138.61,Groceries,578.46,3342.65,795.96,19.23
8,51,Designer,2024-12,4138.61,Transport,398.79,3342.65,795.96,19.23
8,51,Designer,2024-12,4138.61,Entertainment,172.71,3342.65,795.96,19.23
8,51,Designer,2024-12,4138.61,Utilities,215.12,3342.65,795.96,19.23
8,51,Designer,2024-12,4138.61,Healthcare,108.0,3342.65,795.96,19.23
8,51,Designer,2024-12,4138.61,Education,205.38,3342.65,795.96,19.23
8,51,Designer,2024-12,4138.61,Shopping,354.35,3342.65,795.96,19.23
8,51,Designer,2025-01,4242.62,Rent,1417.9,3317.21,925.41,21.81
8,51,Designer,2025-01,4242.62,Groceries,534.77,3317.21,925.41,21.81
8,51,Designer,2025-01,4242.62,Transport,344.41,3317.21,925.41,21.81
8,51,Designer,2025-01,4242.62,Entertainment,146.18,3317.21,925.41,21.81
8,51,Designer,2025-01,4242.62,Utilities,265.83,3317.21,925.41,21.81
8,51,Designer,2025-01,4242.62,Healthcare,106.53,3317.21,925.41,21.81
8,51,Designer,2025-01,4242.62,Education,175.23,3317.21,925.41,21.81
8,51,Designer,2025-01,4242.62,Shopping,326.35,3317.21,925.41,21.81
8,51,Designer,2025-02,4333.87,Rent,1099.14,2843.3,1490.57,34.39
8,51,Designer,2025-02,4333.87,Groceries,499.07,2843.3,1490.57,34.39
8,51,Designer,2025-02,4333.87,Transport,273.71,2843.3,1490.57,34.39
8,51,Designer,2025-02,4333.87,Entertainment,208.06,2843.3,1490.57,34.39
8,51,Designer,2025-02,4333.87,Utilities,184.75,2843.3,1490.57,34.39
8,51,Designer,2025-02,4333.87,Healthcare,249.1,2843.3,1490.57,34.39
8,51,Designer,2025-02,4333.87,Education,120.01,2843.3,1490.57,34.39
8,51,Designer,2025-02,4333.87,Shopping,209.46,2843.3,1490.57,34.39
8,51,Designer,2025-03,4165.32,Rent,1227.61,3233.04,932.28,22.38
8,51,Designer,2025-03,4165.32,Groceries,541.62,3233.04,932.28,22.38
8,51,Designer,2025-03,4165.32,Transport,315.66,3233.04,932.28,22.38
8,51,Designer,2025-03,4165.32,Entertainment,316.44,3233.04,932.28,22.38
8,51,Designer,2025-03,4165.32,Utilities,228.71,3233.04,932.28,22.38
8,51,Designer,2025-03,4165.32,Healthcare,248.61,3233.04,932.28,22.38
8,51,Designer,2025-03,4165.32,Education,177.32,3233.04,932.28,22.38
8,51,Designer,2025-03,4165.32,Shopping,177.07,3233.04,932.28,22.38
8,51,Designer,2025-04,4453.81,Rent,1165.28,3347.04,1106.77,24.85
8,51,Designer,2025-04,4453.81,Groceries,627.42,3347.04,1106.77,24.85
8,51,Designer,2025-04,4453.81,Transport,307.45,3347.04,1106.77,24.85
8,51,Designer,2025-04,4453.81,Entertainment,329.13,3347.04,1106.77,24.85
8,51,Designer,2025-04,4453.81,Utilities,294.14,3347.04,1106.77,24.85
8,51,Designer,2025-04,4453.81,Healthcare,232.65,3347.04,1106.77,24.85
8,51,Designer,2025-04,4453.81,Education,175.93,3347.04,1106.77,24.85
8,51,Designer,2025-04,4453.81,Shopping,215.03,3347.04,1106.77,24.85
8,51,Designer,2025-05,3994.45,Rent,1159.58,2896.02,1098.44,27.5
8,51,Designer,2025-05,3994.45,Groceries,434.1,2896.02,1098.44,27.5
8,51,Designer,2025-05,3994.45,Transport,338.52,2896.02,1098.44,27.5
8,51,Designer,2025-05,3994.45,Entertainment,188.96,2896.02,1098.44,27.5
8,51,Designer,2025-05,3994.45,Utilities,276.69,2896.02,1098.44,27.5
8,51,Designer,2025-05,3994.45,Healthcare,182.3,2896.02,1098.44,27.5
8,51,Designer,2025-05,3994.45,Education,164.27,2896.02,1098.44,27.5
8,51,Designer,2025-05,3994.45,Shopping,151.6,2896.02,1098.44,27.5
8,51,Designer,2025-06,4416.73,Rent,1511.74,3353.38,1063.35,24.08
8,51,Designer,2025-06,4416.73,Groceries,549.23,3353.38,1063.35,24.08
8,51,Designer,2025-06,4416.73,Transport,354.72,3353.38,1063.35,24.08
8,51,Designer,2025-06,4416.73,Entertainment,301.4,3353.38,1063.35,24.08
8,51,Designer,2025-06,4416.73,Utilities,199.84,3353.38,1063.35,24.08
8,51,Designer,2025-06,4416.73,Healthcare,177.12,3353.38,1063.35,24.08
8,51,Designer,2025-06,4416.73,Education,88.04,3353.38,1063.35,24.08
8,51,Designer,2025-06,4416.73,Shopping,171.29,3353.38,1063.35,24.08
8,51,Designer,2025-07,4149.4,Rent,1065.64,2815.27,1334.14,32.15
8,51,Designer,2025-07,4149.4,Groceries,420.3,2815.27,1334.14,32.15
8,51,Designer,2025-07,4149.4,Transport,235.51,2815.27,1334.14,32.15
8,51,Designer,2025-07,4149.4,Entertainment,324.3,2815.27,1334.14,32.15
8,51,Designer,2025-07,4149.4,Utilities,234.38,2815.27,1334.14,32.15
8,51,Designer,2025-07,4149.4,Healthcare,243.29,2815.27,1334.14,32.15
8,51,Designer,2025-07,4149.4,Education,89.73,2815.27,1334.14,32.15
8,51,Designer,2025-07,4149.4,Shopping,202.11,2815.27,1334.14,32.15
8,51,Designer,2025-08,4224.34,Rent,1241.75,2821.67,1402.67,33.2
8,51,Designer,2025-08,4224.34,Groceries,444.75,2821.67,1402.67,33.2
8,51,Designer,2025-08,4224.34,Transport,346.57,2821.67,1402.67,33.2
8,51,Designer,2025-08,4224.34,Entertainment,172.36,2821.67,1402.67,33.2
8,51,Designer,2025-08,4224.34,Utilities,247.49,2821.67,1402.67,33.2
8,51,Designer,2025-08,4224.34,Healthcare,194.35,2821.67,1402.67,33.2
8,51,Designer,2025-08,4224.34,Education,32.11,2821.67,1402.67,33.2
8,51,Designer,2025-08,4224.34,Shopping,142.28,2821.67,1402.67,33.2
8,51,Designer,2025-09,4372.8,Rent,1294.26,3070.64,1302.17,29.78
8,51,Designer,2025-09,4372.8,Groceries,450.0,3070.64,1302.17,29.78
8,51,Designer,2025-09,4372.8,Transport,436.16,3070.64,1302.17,29.78
8,51,Designer,2025-09,4372.8,Entertainment,143.82,3070.64,1302.17,29.78
8,51,Designer,2025-09,4372.8,Utilities,266.09,3070.64,1302.17,29.78
8,51,Designer,2025-09,4372.8,Healthcare,259.51,3070.64,1302.17,29.78
8,51,Designer,2025-09,4372.8,Education,52.29,3070.64,1302.17,29.78
8,51,Designer,2025-09,4372.8,Shopping,168.51,3070.64,1302.17,29.78
8,51,Designer,2025-10,4016.33,Rent,1125.89,2915.31,1101.02,27.41
8,51,Designer,2025-10,4016.33,Groceries,421.92,2915.31,1101.02,27.41
8,51,Designer,2025-10,4016.33,Transport,339.81,2915.31,1101.02,27.41
8,51,Designer,2025-10,4016.33,Entertainment,133.0,2915.31,1101.02,27.41
8,51,Designer,2025-10,4016.33,Utilities,222.03,2915.31,1101.02,27.41
8,51,Designer,2025-10,4016.33,Healthcare,240.45,2915.31,1101.02,27.41
8,51,Designer,2025-10,4016.33,Education,163.46,2915.31,1101.02,27.41
8,51,Designer,2025-10,4016.33,Shopping,268.75,2915.31,1101.02,27.41
8,51,Designer,2025-11,4116.27,Rent,1285.88,2934.77,1181.5,28.7
8,51,Designer,2025-11,4116.27,Groceries,520.1,2934.77,1181.5,28.7
8,51,Designer,2025-11,4116.27,Transport,293.51,2934.77,1181.5,28.7
8,51,Designer,2025-11,4116.27,Entertainment,150.39,2934.77,1181.5,28.7
8,51,Designer,2025-11,4116.27,Utilities,274.14,2934.77,1181.5,28.7
8,51,Designer,2025-11,4116.27,Healthcare,156.38,2934.77,1181.5,28.7
8,51,Designer,2025-11,4116.27,Education,40.06,2934.77,1181.5,28.7
8,51,Designer,2025-11,4116.27,Shopping,214.32,2934.77,1181.5,28.7
8,51,Designer,2025-12,4174.6,Rent,1389.11,3033.84,1140.76,27.33
8,51,Designer,2025-12,4174.6,Groceries,570.59,3033.84,1140.76,27.33
8,51,Designer,2025-12,4174.6,Transport,369.31,3033.84,1140.76,27.33
8,51,Designer,2025-12,4174.6,Entertainment,127.54,3033.84,1140.76,27.33
8,51,Designer,2025-12,4174.6,Utilities,219.1,3033.84,1140.76,27.33
8,51,Designer,2025-12,4174.6,Healthcare,163.87,3033.84,1140.76,27.33
8,51,Designer,2025-12,4174.6,Education,4.01,3033.84,1140.76,27.33
8,51,Designer,2025-12,4174.6,Shopping,190.31,3033.84,1140.76,27.33
9,44,Teacher,2024-01,2791.56,Rent,701.27,1978.68,812.88,29.12
9,44,Teacher,2024-01,2791.56,Groceries,312.82,1978.68,812.88,29.12
9,44,Teacher,2024-01,2791.56,Transport,275.79,1978.68,812.88,29.12
9,44,Teacher,2024-01,2791.56,Entertainment,195.62,1978.68,812.88,29.12
9,44,Teacher,2024-01,2791.56,Utilities,192.02,1978.68,812.88,29.12
9,44,Teacher,2024-01,2791.56,Healthcare,110.31,1978.68,812.88,29.12
9,44,Teacher,2024-01,2791.56,Education,15.32,1978.68,812.88,29.12
9,44,Teacher,2024-01,2791.56,Shopping,175.53,1978.68,812.88,29.12
9,44,Teacher,2024-02,2880.31,Rent,963.28,2093.53,786.78,27.32
9,44,Teacher,2024-02,2880.31,Groceries,302.16,2093.53,786.78,27.32
9,44,Teacher,2024-02,2880.31,Transport,214.33,2093.53,786.78,27.32
9,44,Teacher,2024-02,2880.31,Entertainment,108.02,2093.53,786.78,27.32
9,44,Teacher,2024-02,2880.31,Utilities,143.27,2093.53,786.78,27.32
9,44,Teacher,2024-02,2880.31,Healthcare,142.56,2093.53,786.78,27.32
9,44,Teacher,2024-02,2880.31,Education,68.55,2093.53,786.78,27.32
9,44,Teacher,2024-02,2880.31,Shopping,151.37,2093.53,786.78,27.32
9,44,Teacher,2024-03,2858.08,Rent,845.83,2270.61,587.47,20.55
9,44,Teacher,2024-03,2858.08,Groceries,397.99,2270.61,587.47,20.55
9,44,Teacher,2024-03,2858.08,Transport,270.39,2270.61,587.47,20.55
9,44,Teacher,2024-03,2858.08,Entertainment,222.26,2270.61,587.47,20.55
9,44,Teacher,2024-03,2858.08,Utilities,181.79,2270.61,587.47,20.55
9,44,Teacher,2024-03,2858.08,Healthcare,93.22,2270.61,587.47,20.55
9,44,Teacher,2024-03,2858.08,Education,98.34,2270.61,587.47,20.55
9,44,Teacher,2024-03,2858.08,Shopping,160.78,2270.61,587.47,20.55
9,44,Teacher,2024-04,2806.2,Rent,937.52,2252.31,553.9,19.74
9,44,Teacher,2024-04,2806.2,Groceries,286.01,2252.31,553.9,19.74
9,44,Teacher,2024-04,2806.2,Transport,266.84,2252.31,553.9,19.74
9,44,Teacher,2024-04,2806.2,Entertainment,148.94,2252.31,553.9,19.74
9,44,Teacher,2024-04,2806.2,Utilities,165.89,2252.31,553.9,19.74
9,44,Teacher,2024-04,2806.2,Healthcare,130.14,2252.31,553.9,19.74
9,44,Teacher,2024-04,2806.2,Education,125.59,2252.31,553.9,19.74
9,44,Teacher,2024-04,2806.2,Shopping,191.38,2252.31,553.9,19.74
9,44,Teacher,2024-05,2939.52,Rent,754.47,1901.02,1038.49,35.33
9,44,Teacher,2024-05,2939.52,Groceries,370.15,1901.02,1038.49,35.33
9,44,Teacher,2024-05,2939.52,Transport,169.05,1901.02,1038.49,35.33
9,44,Teacher,2024-05,2939.52,Entertainment,196.57,1901.02,1038.49,35.33
9,44,Teacher,2024-05,2939.52,Utilities,162.75,1901.02,1038.49,35.33
9,44,Teacher,2024-05,2939.52,Healthcare,138.77,1901.02,1038.49,35.33
9,44,Teacher,2024-05,2939.52,Education,6.12,1901.02,1038.49,35.33
9,44,Teacher,2024-05,2939.52,Shopping,103.14,1901.02,1038.49,35.33
9,44,Teacher,2024-06,2977.51,Rent,765.84,1939.15,1038.36,34.87
9,44,Teacher,2024-06,2977.51,Groceries,308.36,1939.15,1038.36,34.87
9,44,Teacher,2024-06,2977.51,Transport,150.68,1939.15,1038.36,34.87
9,44,Teacher,2024-06,2977.51,Entertainment,231.73,1939.15,1038.36,34.87
9,44,Teacher,2024-06,2977.51,Utilities,184.98,1939.15,1038.36,34.87
9,44,Teacher,2024-06,2977.51,Healthcare,101.62,1939.15,1038.36,34.87
9,44,Teacher,2024-06,2977.51,Education,44.15,1939.15,1038.36,34.87
9,44,Teacher,2024-06,2977.51,Shopping,151.8,1939.15,1038.36,34.87
9,44,Teacher,2024-07,2999.16,Rent,948.14,2021.18,977.98,32.61
9,44,Teacher,2024-07,2999.16,Groceries,327.69,2021.18,977.98,32.61
9,44,Teacher,2024-07,2999.16,Transport,176.07,2021.18,977.98,32.61
9,44,Teacher,2024-07,2999.16,Entertainment,104.73,2021.18,977.98,32.61
9,44,Teacher,2024-07,2999.16,Utilities,179.38,2021.18,977.98,32.61
9,44,Teacher,2024-07,2999.16,Healthcare,151.68,2021.18,977.98,32.61
9,44,Teacher,2024-07,2999.16,Education,39.75,2021.18,977.98,32.61
9,44,Teacher,2024-07,2999.16,Shopping,93.74,2021.18,977.98,32.61
9,44,Teacher,2024-08,2742.19,Rent,950.95,2094.78,647.41,23.61
9,44,Teacher,2024-08,2742.19,Groceries,314.73,2094.78,647.41,23.61
9,44,Teacher,2024-08,2742.19,Transport,242.58,2094.78,647.41,23.61
9,44,Teacher,2024-08,2742.19,Entertainment,167.91,2094.78,647.41,23.61
9,44,Teacher,2024-08,2742.19,Utilities,141.11,2094.78,647.41,23.61
9,44,Teacher,2024-08,2742.19,Healthcare,77.41,2094.78,647.41,23.61
9,44,Teacher,2024-08,2742.19,Education,16.64,2094.78,647.41,23.61
9,44,Teacher,2024-08,2742.19,Shopping,183.45,2094.78,647.41,23.61
9,44,Teacher,2024-09,2999.15,Rent,942.9,2345.97,653.17,21.78
9,44,Teacher,2024-09,2999.15,Groceries,379.44,2345.97,653.17,21.78
9,44,Teacher,2024-09,2999.15,Transport,156.25,2345.97,653.17,21.78
9,44,Teacher,2024-09,2999.15,Entertainment,235.21,2345.97,653.17,21.78
9,44,Teacher,2024-09,2999.15,Utilities,191.83,2345.97,653.17,21.78
9,44,Teacher,2024-09,2999.15,Healthcare,95.11,2345.97,653.17,21.78
9,44,Teacher,2024-09,2999.15,Education,146.95,2345.97,653.17,21.78
9,44,Teacher,2024-09,2999.15,Shopping,198.28,2345.97,653.17,21.78
9,44,Teacher,2024-10,2927.82,Rent,950.98,2211.84,715.98,24.45
9,44,Teacher,2024-10,2927.82,Groceries,411.62,2211.84,715.98,24.45
9,44,Teacher,2024-10,2927.82,Transport,242.49,2211.84,715.98,24.45
9,44,Teacher,2024-10,2927.82,Entertainment,106.59,2211.84,715.98,24.45
9,44,Teacher,2024-10,2927.82,Utilities,146.82,2211.84,715.98,24.45
9,44,Teacher,2024-10,2927.82,Healthcare,167.25,2211.84,715.98,24.45
9,44,Teacher,2024-10,2927.82,Education,32.88,2211.84,715.98,24.45
9,44,Teacher,2024-10,2927.82,Shopping,153.21,2211.84,715.98,24.45
9,44,Teacher,2024-11,2872.03,Rent,844.21,2149.47,722.56,25.16
9,44,Teacher,2024-11,2872.03,Groceries,375.22,2149.47,722.56,25.16
9,44,Teacher,2024-11,2872.03,Transport,279.03,2149.47,722.56,25.16
9,44,Teacher,2024-11,2872.03,Entertainment,120.72,2149.47,722.56,25.16
9,44,Teacher,2024-11,2872.03,Utilities,125.35,2149.47,722.56,25.16
9,44,Teacher,2024-11,2872.03,Healthcare,80.13,2149.47,722.56,25.16
9,44,Teacher,2024-11,2872.03,Education,127.36,2149.47,722.56,25.16
9,44,Teacher,2024-11,2872.03,Shopping,197.45,2149.47,722.56,25.16
9,44,Teacher,2024-12,2817.79,Rent,934.37,2378.93,438.87,15.57
9,44,Teacher,2024-12,2817.79,Groceries,403.14,2378.93,438.87,15.57
9,44,Teacher,2024-12,2817.79,Transport,260.15,2378.93,438.87,15.57
9,44,Teacher,2024-12,2817.79,Entertainment,214.0,2378.93,438.87,15.57
9,44,Teacher,2024-12,2817.79,Utilities,134.03,2378.93,438.87,15.57
9,44,Teacher,2024-12,2817.79,Healthcare,141.46,2378.93,438.87,15.57
9,44,Teacher,2024-12,2817.79,Education,64.89,2378.93,438.87,15.57
9,44,Teacher,2024-12,2817.79,Shopping,226.89,2378.93,438.87,15.57
9,44,Teacher,2025-01,2982.03,Rent,977.05,2223.57,758.45,25.43
9,44,Teacher,2025-01,2982.03,Groceries,396.04,2223.57,758.45,25.43
9,44,Teacher,2025-01,2982.03,Transport,175.56,2223.57,758.45,25.43
9,44,Teacher,2025-01,2982.03,Entertainment,170.73,2223.57,758.45,25.43
9,44,Teacher,2025-01,2982.03,Utilities,207.37,2223.57,758.45,25.43
9,44,Teacher,2025-01,2982.03,Healthcare,171.45,2223.57,758.45,25.43
9,44,Teacher,2025-01,2982.03,Education,6.44,2223.57,758.45,25.43
9,44,Teacher,2025-01,2982.03,Shopping,118.95,2223.57,758.45,25.43
9,44,Teacher,2025-02,2760.58,Rent,890.56,2171.26,589.33,21.35
9,44,Teacher,2025-02,2760.58,Groceries,388.94,2171.26,589.33,21.35
9,44,Teacher,2025-02,2760.58,Transport,167.5,2171.26,589.33,21.35
9,44,Teacher,2025-02,2760.58,Entertainment,152.64,2171.26,589.33,21.35
9,44,Teacher,2025-02,2760.58,Utilities,180.05,2171.26,589.33,21.35
9,44,Teacher,2025-02,2760.58,Healthcare,136.13,2171.26,589.33,21.35
9,44,Teacher,2025-02,2760.58,Education,74.84,2171.26,589.33,21.35
9,44,Teacher,2025-02,2760.58,Shopping,180.6,2171.26,589.33,21.35
9,44,Teacher,2025-03,2900.34,Rent,811.38,2150.16,750.18,25.87
9,44,Teacher,2025-03,2900.34,Groceries,371.97,2150.16,750.18,25.87
9,44,Teacher,2025-03,2900.34,Transport,244.92,2150.16,750.18,25.87
9,44,Teacher,2025-03,2900.34,Entertainment,213.66,2150.16,750.18,25.87
9,44,Teacher,2025-03,2900.34,Utilities,171.38,2150.16,750.18,25.87
9,44,Teacher,2025-03,2900.34,Healthcare,146.31,2150.16,750.18,25.87
9,44,Teacher,2025-03,2900.34,Education,23.21,2150.16,750.18,25.87
9,44,Teacher,2025-03,2900.34,Shopping,167.33,2150.16,750.18,25.87
9,44,Teacher,2025-04,2715.16,Rent,745.77,1963.32,751.84,27.69
9,44,Teacher,2025-04,2715.16,Groceries,370.14,1963.32,751.84,27.69
9,44,Teacher,2025-04,2715.16,Transport,270.4,1963.32,751.84,27.69
9,44,Teacher,2025-04,2715.16,Entertainment,94.92,1963.32,751.84,27.69
9,44,Teacher,2025-04,2715.16,Utilities,141.31,1963.32,751.84,27.69
9,44,Teacher,2025-04,2715.16,Healthcare,141.2,1963.32,751.84,27.69
9,44,Teacher,2025-04,2715.16,Education,27.7,1963.32,751.84,27.69
9,44,Teacher,2025-04,2715.16,Shopping,171.88,1963.32,751.84,27.69
9,44,Teacher,2025-05,2983.73,Rent,929.72,2103.42,880.31,29.5
9,44,Teacher,2025-05,2983.73,Groceries,326.42,2103.42,880.31,29.5
9,44,Teacher,2025-05,2983.73,Transport,202.2,2103.42,880.31,29.5
9,44,Teacher,2025-05,2983.73,Entertainment,206.44,2103.42,880.31,29.5
9,44,Teacher,2025-05,2983.73,Utilities,168.96,2103.42,880.31,29.5
9,44,Teacher,2025-05,2983.73,Healthcare,60.3,2103.42,880.31,29.5
9,44,Teacher,2025-05,2983.73,Education,113.53,2103.42,880.31,29.5
9,44,Teacher,2025-05,2983.73,Shopping,95.83,2103.42,880.31,29.5
9,44,Teacher,2025-06,2988.42,Rent,807.62,2220.99,767.43,25.68
9,44,Teacher,2025-06,2988.42,Groceries,442.0,2220.99,767.43,25.68
9,44,Teacher,2025-06,2988.42,Transport,204.4,2220.99,767.43,25.68
9,44,Teacher,2025-06,2988.42,Entertainment,138.5,2220.99,767.43,25.68
9,44,Teacher,2025-06,2988.42,Utilities,132.89,2220.99,767.43,25.68
9,44,Teacher,2025-06,2988.42,Healthcare,96.3,2220.99,767.43,25.68
9,44,Teacher,2025-06,2988.42,Education,130.99,2220.99,767.43,25.68
9,44,Teacher,2025-06,2988.42,Shopping,268.3,2220.99,767.43,25.68
9,44,Teacher,2025-07,2848.37,Rent,839.87,2102.53,745.84,26.18
9,44,Teacher,2025-07,2848.37,Groceries,387.67,2102.53,745.84,26.18
9,44,Teacher,2025-07,2848.37,Transport,268.63,2102.53,745.84,26.18
9,44,Teacher,2025-07,2848.37,Entertainment,169.91,2102.53,745.84,26.18
9,44,Teacher,2025-07,2848.37,Utilities,147.39,2102.53,745.84,26.18
9,44,Teacher,2025-07,2848.37,Healthcare,103.98,2102.53,745.84,26.18
9,44,Teacher,2025-07,2848.37,Education,99.07,2102.53,745.84,26.18
9,44,Teacher,2025-07,2848.37,Shopping,86.0,2102.53,745.84,26.18
9,44,Teacher,2025-08,2941.62,Rent,839.98,2081.14,860.47,29.25
9,44,Teacher,2025-08,2941.62,Groceries,410.97,2081.14,860.47,29.25
9,44,Teacher,2025-08,2941.62,Transport,160.76,2081.14,860.47,29.25
9,44,Teacher,2025-08,2941.62,Entertainment,174.76,2081.14,860.47,29.25
9,44,Teacher,2025-08,2941.62,Utilities,160.11,2081.14,860.47,29.25
9,44,Teacher,2025-08,2941.62,Healthcare,134.41,2081.14,860.47,29.25
9,44,Teacher,2025-08,2941.62,Education,9.54,2081.14,860.47,29.25
9,44,Teacher,2025-08,2941.62,Shopping,190.61,2081.14,860.47,29.25
9,44,Teacher,2025-09,2920.05,Rent,893.73,2192.8,727.25,24.91
9,44,Teacher,2025-09,2920.05,Groceries,380.12,2192.8,727.25,24.91
9,44,Teacher,2025-09,2920.05,Transport,244.77,2192.8,727.25,24.91
9,44,Teacher,2025-09,2920.05,Entertainment,205.13,2192.8,727.25,24.91
9,44,Teacher,2025-09,2920.05,Utilities,140.44,2192.8,727.25,24.91
9,44,Teacher,2025-09,2920.05,Healthcare,154.77,2192.8,727.25,24.91
9,44,Teacher,2025-09,2920.05,Education,72.75,2192.8,727.25,24.91
9,44,Teacher,2025-09,2920.05,Shopping,101.1,2192.8,727.25,24.91
9,44,Teacher,2025-10,2733.43,Rent,774.72,1989.04,744.38,27.23
9,44,Teacher,2025-10,2733.43,Groceries,380.62,1989.04,744.38,27.23
9,44,Teacher,2025-10,2733.43,Transport,233.39,1989.04,744.38,27.23
9,44,Teacher,2025-10,2733.43,Entertainment,189.78,1989.04,744.38,27.23
9,44,Teacher,2025-10,2733.43,Utilities,151.75,1989.04,744.38,27.23
9,44,Teacher,2025-10,2733.43,Healthcare,102.8,1989.04,744.38,27.23
9,44,Teacher,2025-10,2733.43,Education,20.15,1989.04,744.38,27.23
9,44,Teacher,2025-10,2733.43,Shopping,135.83,1989.04,744.38,27.23
9,44,Teacher,2025-11,2872.76,Rent,743.64,2100.74,772.02,26.87
9,44,Teacher,2025-11,2872.76,Groceries,318.96,2100.74,772.02,26.87
9,44,Teacher,2025-11,2872.76,Transport,229.57,2100.74,772.02,26.87
9,44,Teacher,2025-11,2872.76,Entertainment,191.85,2100.74,772.02,26.87
9,44,Teacher,2025-11,2872.76,Utilities,200.95,2100.74,772.02,26.87
9,44,Teacher,2025-11,2872.76,Healthcare,164.68,2100.74,772.02,26.87
9,44,Teacher,2025-11,2872.76,Education,92.3,2100.74,772.02,26.87
9,44,Teacher,2025-11,2872.76,Shopping,158.79,2100.74,772.02,26.87
9,44,Teacher,2025-12,2947.77,Rent,968.53,2186.7,761.07,25.82
9,44,Teacher,2025-12,2947.77,Groceries,312.22,2186.7,761.07,25.82
9,44,Teacher,2025-12,2947.77,Transport,207.8,2186.7,761.07,25.82
9,44,Teacher,2025-12,2947.77,Entertainment,212.21,2186.7,761.07,25.82
9,44,Teacher,2025-12,2947.77,Utilities,151.85,2186.7,761.07,25.82
9,44,Teacher,2025-12,2947.77,Healthcare,126.39,2186.7,761.07,25.82
9,44,Teacher,2025-12,2947.77,Education,86.63,2186.7,761.07,25.82
9,44,Teacher,2025-12,2947.77,Shopping,121.06,2186.7,761.07,25.82
10,31,Manager,2024-01,4411.76,Rent,1114.5,2952.13,1459.63,33.08
10,31,Manager,2024-01,4411.76,Groceries,446.51,2952.13,1459.63,33.08
10,31,Manager,2024-01,4411.76,Transport,404.05,2952.13,1459.63,33.08
10,31,Manager,2024-01,4411.76,Entertainment,192.59,2952.13,1459.63,33.08
10,31,Manager,2024-01,4411.76,Utilities,245.04,2952.13,1459.63,33.08
10,31,Manager,2024-01,4411.76,Healthcare,140.95,2952.13,1459.63,33.08
10,31,Manager,2024-01,4411.76,Education,207.5,2952.13,1459.63,33.08
10,31,Manager,2024-01,4411.76,Shopping,200.99,2952.13,1459.63,33.08
10,31,Manager,2024-02,4466.69,Rent,1506.49,3320.45,1146.23,25.66
10,31,Manager,2024-02,4466.69,Groceries,634.7,3320.45,1146.23,25.66
10,31,Manager,2024-02,4466.69,Transport,264.9,3320.45,1146.23,25.66
10,31,Manager,2024-02,4466.69,Entertainment,313.26,3320.45,1146.23,25.66
10,31,Manager,2024-02,4466.69,Utilities,240.06,3320.45,1146.23,25.66
10,31,Manager,2024-02,4466.69,Healthcare,175.62,3320.45,1146.23,25.66
10,31,Manager,2024-02,4466.69,Education,29.81,3320.45,1146.23,25.66
10,31,Manager,2024-02,4466.69,Shopping,155.6,3320.45,1146.23,25.66
10,31,Manager,2024-03,4638.88,Rent,1390.02,3466.48,1172.4,25.27
10,31,Manager,2024-03,4638.88,Groceries,565.21,3466.48,1172.4,25.27
10,31,Manager,2024-03,4638.88,Transport,401.15,3466.48,1172.4,25.27
10,31,Manager,2024-03,4638.88,Entertainment,316.72,3466.48,1172.4,25.27
10,31,Manager,2024-03,4638.88,Utilities,207.67,3466.48,1172.4,25.27
10,31,Manager,2024-03,4638.88,Healthcare,206.01,3466.48,1172.4,25.27
10,31,Manager,2024-03,4638.88,Education,31.39,3466.48,1172.4,25.27
10,31,Manager,2024-03,4638.88,Shopping,348.3,3466.48,1172.4,25.27
10,31,Manager,2024-04,4597.9,Rent,1589.32,3283.3,1314.6,28.59
10,31,Manager,2024-04,4597.9,Groceries,475.64,3283.3,1314.6,28.59
10,31,Manager,2024-04,4597.9,Transport,243.01,3283.3,1314.6,28.59
10,31,Manager,2024-04,4597.9,Entertainment,202.81,3283.3,1314.6,28.59
10,31,Manager,2024-04,4597.9,Utilities,220.02,3283.3,1314.6,28.59
10,31,Manager,2024-04,4597.9,Healthcare,137.38,3283.3,1314.6,28.59
10,31,Manager,2024-04,4597.9,Education,208.34,3283.3,1314.6,28.59
10,31,Manager,2024-04,4597.9,Shopping,206.78,3283.3,1314.6,28.59
10,31,Manager,2024-05,4375.64,Rent,1426.2,3211.82,1163.83,26.6
10,31,Manager,2024-05,4375.64,Groceries,535.96,3211.82,1163.83,26.6
10,31,Manager,2024-05,4375.64,Transport,388.71,3211.82,1163.83,26.6
10,31,Manager,2024-05,4375.64,Entertainment,145.57,3211.82,1163.83,26.6
10,31,Manager,2024-05,4375.64,Utilities,239.03,3211.82,1163.83,26.6
10,31,Manager,2024-05,4375.64,Healthcare,93.4,3211.82,1163.83,26.6
10,31,Manager,2024-05,4375.64,Education,13.71,3211.82,1163.83,26.6
10,31,Manager,2024-05,4375.64,Shopping,369.24,3211.82,1163.83,26.6
10,31,Manager,2024-06,4299.03,Rent,1303.65,3289.37,1009.66,23.49
10,31,Manager,2024-06,4299.03,Groceries,518.27,3289.37,1009.66,23.49
10,31,Manager,2024-06,4299.03,Transport,289.61,3289.37,1009.66,23.49
10,31,Manager,2024-06,4299.03,Entertainment,322.39,3289.37,1009.66,23.49
10,31,Manager,2024-06,4299.03,Utilities,174.78,3289.37,1009.66,23.49
10,31,Manager,2024-06,4299.03,Healthcare,200.13,3289.37,1009.66,23.49
10,31,Manager,2024-06,4299.03,Education,207.08,3289.37,1009.66,23.49
10,31,Manager,2024-06,4299.03,Shopping,273.46,3289.37,1009.66,23.49
10,31,Manager,2024-07,4759.47,Rent,1214.74,3236.48,1522.99,32.0
10,31,Manager,2024-07,4759.47,Groceries,575.61,3236.48,1522.99,32.0
10,31,Manager,2024-07,4759.47,Transport,299.88,3236.48,1522.99,32.0
10,31,Manager,2024-07,4759.47,Entertainment,316.7,3236.48,1522.99,32.0
10,31,Manager,2024-07,4759.47,Utilities,330.49,3236.48,1522.99,32.0
10,31,Manager,2024-07,4759.47,Healthcare,144.03,3236.48,1522.99,32.0
10,31,Manager,2024-07,4759.47,Education,155.68,3236.48,1522.99,32.0
10,31,Manager,2024-07,4759.47,Shopping,199.35,3236.48,1522.99,32.0
10,31,Manager,2024-08,4545.01,Rent,1347.11,3175.56,1369.45,30.13
10,31,Manager,2024-08,4545.01,Groceries,675.39,3175.56,1369.45,30.13
10,31,Manager,2024-08,4545.01,Transport,365.54,3175.56,1369.45,30.13
10,31,Manager,2024-08,4545.01,Entertainment,215.78,3175.56,1369.45,30.13
10,31,Manager,2024-08,4545.01,Utilities,197.36,3175.56,1369.45,30.13
10,31,Manager,2024-08,4545.01,Healthcare,118.4,3175.56,1369.45,30.13
10,31,Manager,2024-08,4545.01,Education,51.2,3175.56,1369.45,30.13
10,31,Manager,2024-08,4545.01,Shopping,204.79,3175.56,1369.45,30.13
10,31,Manager,2024-09,4709.7,Rent,1441.74,3501.34,1208.36,25.66
10,31,Manager,2024-09,4709.7,Groceries,594.22,3501.34,1208.36,25.66
10,31,Manager,2024-09,4709.7,Transport,262.51,3501.34,1208.36,25.66
10,31,Manager,2024-09,4709.7,Entertainment,343.84,3501.34,1208.36,25.66
10,31,Manager,2024-09,4709.7,Utilities,290.52,3501.34,1208.36,25.66
10,31,Manager,2024-09,4709.7,Healthcare,106.94,3501.34,1208.36,25.66
10,31,Manager,2024-09,4709.7,Education,166.68,3501.34,1208.36,25.66
10,31,Manager,2024-09,4709.7,Shopping,294.89,3501.34,1208.36,25.66
10,31,Manager,2024-10,4265.83,Rent,1261.96,3181.11,1084.72,25.43
10,31,Manager,2024-10,4265.83,Groceries,529.96,3181.11,1084.72,25.43
10,31,Manager,2024-10,4265.83,Transport,248.65,3181.11,1084.72,25.43
10,31,Manager,2024-10,4265.83,Entertainment,329.68,3181.11,1084.72,25.43
10,31,Manager,2024-10,4265.83,Utilities,279.41,3181.11,1084.72,25.43
10,31,Manager,2024-10,4265.83,Healthcare,199.47,3181.11,1084.72,25.43
10,31,Manager,2024-10,4265.83,Education,98.6,3181.11,1084.72,25.43
10,31,Manager,2024-10,4265.83,Shopping,233.37,3181.11,1084.72,25.43
10,31,Manager,2024-11,4594.45,Rent,1399.21,3265.98,1328.47,28.91
10,31,Manager,2024-11,4594.45,Groceries,473.75,3265.98,1328.47,28.91
10,31,Manager,2024-11,4594.45,Transport,347.46,3265.98,1328.47,28.91
10,31,Manager,2024-11,4594.45,Entertainment,323.08,3265.98,1328.47,28.91
10,31,Manager,2024-11,4594.45,Utilities,247.08,3265.98,1328.47,28.91
10,31,Manager,2024-11,4594.45,Healthcare,101.44,3265.98,1328.47,28.91
10,31,Manager,2024-11,4594.45,Education,180.63,3265.98,1328.47,28.91
10,31,Manager,2024-11,4594.45,Shopping,193.34,3265.98,1328.47,28.91
10,31,Manager,2024-12,4367.95,Rent,1163.93,3294.58,1073.37,24.57
10,31,Manager,2024-12,4367.95,Groceries,508.91,3294.58,1073.37,24.57
10,31,Manager,2024-12,4367.95,Transport,383.67,3294.58,1073.37,24.57
10,31,Manager,2024-12,4367.95,Entertainment,244.47,3294.58,1073.37,24.57
10,31,Manager,2024-12,4367.95,Utilities,201.57,3294.58,1073.37,24.57
10,31,Manager,2024-12,4367.95,Healthcare,240.73,3294.58,1073.37,24.57
10,31,Manager,2024-12,4367.95,Education,192.1,3294.58,1073.37,24.57
10,31,Manager,2024-12,4367.95,Shopping,359.2,3294.58,1073.37,24.57
10,31,Manager,2025-01,4356.5,Rent,1285.71,3278.83,1077.67,24.74
10,31,Manager,2025-01,4356.5,Groceries,650.21,3278.83,1077.67,24.74
10,31,Manager,2025-01,4356.5,Transport,385.99,3278.83,1077.67,24.74
10,31,Manager,2025-01,4356.5,Entertainment,136.61,3278.83,1077.67,24.74
10,31,Manager,2025-01,4356.5,Utilities,182.78,3278.83,1077.67,24.74
10,31,Manager,2025-01,4356.5,Healthcare,167.97,3278.83,1077.67,24.74
10,31,Manager,2025-01,4356.5,Education,198.05,3278.83,1077.67,24.74
10,31,Manager,2025-01,4356.5,Shopping,271.51,3278.83,1077.67,24.74
10,31,Manager,2025-02,4506.03,Rent,1174.03,3275.65,1230.38,27.31
10,31,Manager,2025-02,4506.03,Groceries,598.58,3275.65,1230.38,27.31
10,31,Manager,2025-02,4506.03,Transport,410.52,3275.65,1230.38,27.31
10,31,Manager,2025-02,4506.03,Entertainment,220.89,3275.65,1230.38,27.31
10,31,Manager,2025-02,4506.03,Utilities,285.09,3275.65,1230.38,27.31
10,31,Manager,2025-02,4506.03,Healthcare,263.96,3275.65,1230.38,27.31
10,31,Manager,2025-02,4506.03,Education,45.91,3275.65,1230.38,27.31
10,31,Manager,2025-02,4506.03,Shopping,276.67,3275.65,1230.38,27.31
10,31,Manager,2025-03,4384.41,Rent,1443.72,3439.14,945.27,21.56
10,31,Manager,2025-03,4384.41,Groceries,565.06,3439.14,945.27,21.56
10,31,Manager,2025-03,4384.41,Transport,358.33,3439.14,945.27,21.56
10,31,Manager,2025-03,4384.41,Entertainment,306.45,3439.14,945.27,21.56
10,31,Manager,2025-03,4384.41,Utilities,227.46,3439.14,945.27,21.56
10,31,Manager,2025-03,4384.41,Healthcare,248.17,3439.14,945.27,21.56
10,31,Manager,2025-03,4384.41,Education,116.85,3439.14,945.27,21.56
10,31,Manager,2025-03,4384.41,Shopping,173.08,3439.14,945.27,21.56
10,31,Manager,2025-04,4620.38,Rent,1521.61,3558.32,1062.07,22.99
10,31,Manager,2025-04,4620.38,Groceries,535.22,3558.32,1062.07,22.99
10,31,Manager,2025-04,4620.38,Transport,429.04,3558.32,1062.07,22.99
10,31,Manager,2025-04,4620.38,Entertainment,347.95,3558.32,1062.07,22.99
10,31,Manager,2025-04,4620.38,Utilities,223.2,3558.32,1062.07,22.99
10,31,Manager,2025-04,4620.38,Healthcare,274.18,3558.32,1062.07,22.99
10,31,Manager,2025-04,4620.38,Education,32.51,3558.32,1062.07,22.99
10,31,Manager,2025-04,4620.38,Shopping,194.61,3558.32,1062.07,22.99
10,31,Manager,2025-05,4325.0,Rent,1467.9,3398.89,926.11,21.41
10,31,Manager,2025-05,4325.0,Groceries,573.99,3398.89,926.11,21.41
10,31,Manager,2025-05,4325.0,Transport,249.14,3398.89,926.11,21.41
10,31,Manager,2025-05,4325.0,Entertainment,224.97,3398.89,926.11,21.41
10,31,Manager,2025-05,4325.0,Utilities,252.83,3398.89,926.11,21.41
10,31,Manager,2025-05,4325.0,Healthcare,100.94,3398.89,926.11,21.41
10,31,Manager,2025-05,4325.0,Education,190.82,3398.89,926.11,21.41
10,31,Manager,2025-05,4325.0,Shopping,338.29,3398.89,926.11,21.41
10,31,Manager,2025-06,4510.3,Rent,1563.78,3678.72,831.58,18.44
10,31,Manager,2025-06,4510.3,Groceries,545.24,3678.72,831.58,18.44
10,31,Manager,2025-06,4510.3,Transport,447.45,3678.72,831.58,18.44
10,31,Manager,2025-06,4510.3,Entertainment,285.94,3678.72,831.58,18.44
10,31,Manager,2025-06,4510.3,Utilities,266.29,3678.72,831.58,18.44
10,31,Manager,2025-06,4510.3,Healthcare,120.15,3678.72,831.58,18.44
10,31,Manager,2025-06,4510.3,Education,198.89,3678.72,831.58,18.44
10,31,Manager,2025-06,4510.3,Shopping,251.0,3678.72,831.58,18.44
10,31,Manager,2025-07,4312.31,Rent,1083.51,2972.43,1339.88,31.07
10,31,Manager,2025-07,4312.31,Groceries,551.92,2972.43,1339.88,31.07
10,31,Manager,2025-07,4312.31,Transport,329.33,2972.43,1339.88,31.07
10,31,Manager,2025-07,4312.31,Entertainment,284.47,2972.43,1339.88,31.07
10,31,Manager,2025-07,4312.31,Utilities,287.66,2972.43,1339.88,31.07
10,31,Manager,2025-07,4312.31,Healthcare,99.94,2972.43,1339.88,31.07
10,31,Manager,2025-07,4312.31,Education,157.72,2972.43,1339.88,31.07
10,31,Manager,2025-07,4312.31,Shopping,177.86,2972.43,1339.88,31.07
10,31,Manager,2025-08,4714.07,Rent,1564.63,3637.41,1076.66,22.84
10,31,Manager,2025-08,4714.07,Groceries,598.87,3637.41,1076.66,22.84
10,31,Manager,2025-08,4714.07,Transport,403.11,3637.41,1076.66,22.84
10,31,Manager,2025-08,4714.07,Entertainment,215.52,3637.41,1076.66,22.84
10,31,Manager,2025-08,4714.07,Utilities,255.2,3637.41,1076.66,22.84
10,31,Manager,2025-08,4714.07,Healthcare,249.21,3637.41,1076.66,22.84
10,31,Manager,2025-08,4714.07,Education,108.25,3637.41,1076.66,22.84
10,31,Manager,2025-08,4714.07,Shopping,242.62,3637.41,1076.66,22.84
10,31,Manager,2025-09,4503.95,Rent,1499.03,3212.18,1291.77,28.68
10,31,Manager,2025-09,4503.95,Groceries,525.88,3212.18,1291.77,28.68
10,31,Manager,2025-09,4503.95,Transport,264.33,3212.18,1291.77,28.68
10,31,Manager,2025-09,4503.95,Entertainment,295.46,3212.18,1291.77,28.68
10,31,Manager,2025-09,4503.95,Utilities,291.76,3212.18,1291.77,28.68
10,31,Manager,2025-09,4503.95,Healthcare,108.21,3212.18,1291.77,28.68
10,31,Manager,2025-09,4503.95,Education,54.02,3212.18,1291.77,28.68
10,31,Manager,2025-09,4503.95,Shopping,173.48,3212.18,1291.77,28.68
10,31,Manager,2025-10,4419.51,Rent,1303.91,3502.99,916.52,20.74
10,31,Manager,2025-10,4419.51,Groceries,607.42,3502.99,916.52,20.74
10,31,Manager,2025-10,4419.51,Transport,364.86,3502.99,916.52,20.74
10,31,Manager,2025-10,4419.51,Entertainment,269.8,3502.99,916.52,20.74
10,31,Manager,2025-10,4419.51,Utilities,223.5,3502.99,916.52,20.74
10,31,Manager,2025-10,4419.51,Healthcare,237.14,3502.99,916.52,20.74
10,31,Manager,2025-10,4419.51,Education,104.14,3502.99,916.52,20.74
10,31,Manager,2025-10,4419.51,Shopping,392.22,3502.99,916.52,20.74
10,31,Manager,2025-11,4584.73,Rent,1204.07,3129.12,1455.61,31.75
10,31,Manager,2025-11,4584.73,Groceries,613.48,3129.12,1455.61,31.75
10,31,Manager,2025-11,4584.73,Transport,303.76,3129.12,1455.61,31.75
10,31,Manager,2025-11,4584.73,Entertainment,294.87,3129.12,1455.61,31.75
10,31,Manager,2025-11,4584.73,Utilities,192.97,3129.12,1455.61,31.75
10,31,Manager,2025-11,4584.73,Healthcare,123.77,3129.12,1455.61,31.75
10,31,Manager,2025-11,4584.73,Education,196.17,3129.12,1455.61,31.75
10,31,Manager,2025-11,4584.73,Shopping,200.04,3129.12,1455.61,31.75
10,31,Manager,2025-12,4701.86,Rent,1306.78,3187.74,1514.13,32.2
10,31,Manager,2025-12,4701.86,Groceries,621.32,3187.74,1514.13,32.2
10,31,Manager,2025-12,4701.86,Transport,398.28,3187.74,1514.13,32.2
10,31,Manager,2025-12,4701.86,Entertainment,261.58,3187.74,1514.13,32.2
10,31,Manager,2025-12,4701.86,Utilities,231.14,3187.74,1514.13,32.2
10,31,Manager,2025-12,4701.86,Healthcare,134.03,3187.74,1514.13,32.2
10,31,Manager,2025-12,4701.86,Education,7.8,3187.74,1514.13,32.2
10,31,Manager,2025-12,4701.86,Shopping,226.8,3187.74,1514.13,32.2
11,35,Student,2024-01,1161.12,Rent,297.14,808.29,352.83,30.39
11,35,Student,2024-01,1161.12,Groceries,168.3,808.29,352.83,30.39
11,35,Student,2024-01,1161.12,Transport,95.84,808.29,352.83,30.39
11,35,Student,2024-01,1161.12,Entertainment,85.59,808.29,352.83,30.39
11,35,Student,2024-01,1161.12,Utilities,46.45,808.29,352.83,30.39
11,35,Student,2024-01,1161.12,Healthcare,31.08,808.29,352.83,30.39
11,35,Student,2024-01,1161.12,Education,22.63,808.29,352.83,30.39
11,35,Student,2024-01,1161.12,Shopping,61.27,808.29,352.83,30.39
11,35,Student,2024-02,1078.04,Rent,310.65,714.91,363.13,33.68
11,35,Student,2024-02,1078.04,Groceries,114.75,714.91,363.13,33.68
11,35,Student,2024-02,1078.04,Transport,76.15,714.91,363.13,33.68
11,35,Student,2024-02,1078.04,Entertainment,75.59,714.91,363.13,33.68
11,35,Student,2024-02,1078.04,Utilities,58.62,714.91,363.13,33.68
11,35,Student,2024-02,1078.04,Healthcare,22.34,714.91,363.13,33.68
11,35,Student,2024-02,1078.04,Education,22.72,714.91,363.13,33.68
11,35,Student,2024-02,1078.04,Shopping,34.1,714.91,363.13,33.68
11,35,Student,2024-03,1183.85,Rent,311.05,945.9,237.96,20.1
11,35,Student,2024-03,1183.85,Groceries,160.27,945.9,237.96,20.1
11,35,Student,2024-03,1183.85,Transport,116.77,945.9,237.96,20.1
11,35,Student,2024-03,1183.85,Entertainment,84.41,945.9,237.96,20.1
11,35,Student,2024-03,1183.85,Utilities,72.19,945.9,237.96,20.1
11,35,Student,2024-03,1183.85,Healthcare,63.43,945.9,237.96,20.1
11,35,Student,2024-03,1183.85,Education,58.12,945.9,237.96,20.1
11,35,Student,2024-03,1183.85,Shopping,79.65,945.9,237.96,20.1
11,35,Student,2024-04,1125.61,Rent,352.12,781.49,344.12,30.57
11,35,Student,2024-04,1125.61,Groceries,142.54,781.49,344.12,30.57
11,35,Student,2024-04,1125.61,Transport,92.02,781.49,344.12,30.57
11,35,Student,2024-04,1125.61,Entertainment,59.09,781.49,344.12,30.57
11,35,Student,2024-04,1125.61,Utilities,52.4,781.49,344.12,30.57
11,35,Student,2024-04,1125.61,Healthcare,27.93,781.49,344.12,30.57
11,35,Student,2024-04,1125.61,Education,3.85,781.49,344.12,30.57
11,35,Student,2024-04,1125.61,Shopping,51.55,781.49,344.12,30.57
11,35,Student,2024-05,1052.2,Rent,322.73,742.49,309.71,29.43
11,35,Student,2024-05,1052.2,Groceries,120.15,742.49,309.71,29.43
11,35,Student,2024-05,1052.2,Transport,95.99,742.49,309.71,29.43
11,35,Student,2024-05,1052.2,Entertainment,35.47,742.49,309.71,29.43
11,35,Student,2024-05,1052.2,Utilities,49.23,742.49,309.71,29.43
11,35,Student,2024-05,1052.2,Healthcare,51.78,742.49,309.71,29.43
11,35,Student,2024-05,1052.2,Education,31.5,742.49,309.71,29.43
11,35,Student,2024-05,1052.2,Shopping,35.64,742.49,309.71,29.43
11,35,Student,2024-06,1171.12,Rent,395.52,924.93,246.19,21.02
11,35,Student,2024-06,1171.12,Groceries,136.46,924.93,246.19,21.02
11,35,Student,2024-06,1171.12,Transport,78.49,924.93,246.19,21.02
11,35,Student,2024-06,1171.12,Entertainment,93.05,924.93,246.19,21.02
11,35,Student,2024-06,1171.12,Utilities,68.84,924.93,246.19,21.02
11,35,Student,2024-06,1171.12,Healthcare,48.31,924.93,246.19,21.02
11,35,Student,2024-06,1171.12,Education,49.08,924.93,246.19,21.02
11,35,Student,2024-06,1171.12,Shopping,55.18,924.93,246.19,21.02
11,35,Student,2024-07,1107.01,Rent,306.39,811.32,295.69,26.71
11,35,Student,2024-07,1107.01,Groceries,154.38,811.32,295.69,26.71
11,35,Student,2024-07,1107.01,Transport,87.09,811.32,295.69,26.71
11,35,Student,2024-07,1107.01,Entertainment,69.68,811.32,295.69,26.71
11,35,Student,2024-07,1107.01,Utilities,52.66,811.32,295.69,26.71
11,35,Student,2024-07,1107.01,Healthcare,31.89,811.32,295.69,26.71
11,35,Student,2024-07,1107.01,Education,27.03,811.32,295.69,26.71
11,35,Student,2024-07,1107.01,Shopping,82.2,811.32,295.69,26.71
11,35,Student,2024-08,1120.75,Rent,283.85,790.13,330.62,29.5
11,35,Student,2024-08,1120.75,Groceries,160.75,790.13,330.62,29.5
11,35,Student,2024-08,1120.75,Transport,59.66,790.13,330.62,29.5
11,35,Student,2024-08,1120.75,Entertainment,87.18,790.13,330.62,29.5
11,35,Student,2024-08,1120.75,Utilities,45.68,790.13,330.62,29.5
11,35,Student,2024-08,1120.75,Healthcare,53.55,790.13,330.62,29.5
11,35,Student,2024-08,1120.75,Education,4.61,790.13,330.62,29.5
11,35,Student,2024-08,1120.75,Shopping,94.86,790.13,330.62,29.5
11,35,Student,2024-09,1112.05,Rent,293.31,769.13,342.92,30.84
11,35,Student,2024-09,1112.05,Groceries,130.16,769.13,342.92,30.84
11,35,Student,2024-09,1112.05,Transport,64.77,769.13,342.92,30.84
11,35,Student,2024-09,1112.05,Entertainment,42.85,769.13,342.92,30.84
11,35,Student,2024-09,1112.05,Utilities,76.11,769.13,342.92,30.84
11,35,Student,2024-09,1112.05,Healthcare,42.05,769.13,342.92,30.84
11,35,Student,2024-09,1112.05,Education,43.86,769.13,342.92,30.84
11,35,Student,2024-09,1112.05,Shopping,76.04,769.13,342.92,30.84
11,35,Student,2024-10,1142.38,Rent,300.64,838.71,303.68,26.58
11,35,Student,2024-10,1142.38,Groceries,127.61,838.71,303.68,26.58
11,35,Student,2024-10,1142.38,Transport,102.06,838.71,303.68,26.58
11,35,Student,2024-10,1142.38,Entertainment,89.72,838.71,303.68,26.58
11,35,Student,2024-10,1142.38,Utilities,54.7,838.71,303.68,26.58
11,35,Student,2024-10,1142.38,Healthcare,35.26,838.71,303.68,26.58
11,35,Student,2024-10,1142.38,Education,27.01,838.71,303.68,26.58
11,35,Student,2024-10,1142.38,Shopping,101.71,838.71,303.68,26.58
11,35,Student,2024-11,1084.08,Rent,315.14,760.97,323.12,29.81
11,35,Student,2024-11,1084.08,Groceries,156.73,760.97,323.12,29.81
11,35,Student,2024-11,1084.08,Transport,54.36,760.97,323.12,29.81
11,35,Student,2024-11,1084.08,Entertainment,34.68,760.97,323.12,29.81
11,35,Student,2024-11,1084.08,Utilities,63.01,760.97,323.12,29.81
11,35,Student,2024-11,1084.08,Healthcare,61.03,760.97,323.12,29.81
11,35,Student,2024-11,1084.08,Education,12.95,760.97,323.12,29.81
11,35,Student,2024-11,1084.08,Shopping,63.07,760.97,323.12,29.81
11,35,Student,2024-12,1110.05,Rent,330.02,843.91,266.14,23.98
11,35,Student,2024-12,1110.05,Groceries,145.56,843.91,266.14,23.98
11,35,Student,2024-12,1110.05,Transport,81.57,843.91,266.14,23.98
11,35,Student,2024-12,1110.05,Entertainment,58.14,843.91,266.14,23.98
11,35,Student,2024-12,1110.05,Utilities,60.2,843.91,266.14,23.98
11,35,Student,2024-12,1110.05,Healthcare,48.44,843.91,266.14,23.98
11,35,Student,2024-12,1110.05,Education,29.81,843.91,266.14,23.98
11,35,Student,2024-12,1110.05,Shopping,90.19,843.91,266.14,23.98
11,35,Student,2025-01,1052.68,Rent,350.89,765.63,287.05,27.27
11,35,Student,2025-01,1052.68,Groceries,149.69,765.63,287.05,27.27
11,35,Student,2025-01,1052.68,Transport,67.63,765.63,287.05,27.27
11,35,Student,2025-01,1052.68,Entertainment,55.94,765.63,287.05,27.27
11,35,Student,2025-01,1052.68,Utilities,55.96,765.63,287.05,27.27
11,35,Student,2025-01,1052.68,Healthcare,30.25,765.63,287.05,27.27
11,35,Student,2025-01,1052.68,Education,20.89,765.63,287.05,27.27
11,35,Student,2025-01,1052.68,Shopping,34.38,765.63,287.05,27.27
11,35,Student,2025-02,1085.35,Rent,359.98,840.91,244.44,22.52
11,35,Student,2025-02,1085.35,Groceries,123.98,840.91,244.44,22.52
11,35,Student,2025-02,1085.35,Transport,98.67,840.91,244.44,22.52
11,35,Student,2025-02,1085.35,Entertainment,61.41,840.91,244.44,22.52
11,35,Student,2025-02,1085.35,Utilities,72.06,840.91,244.44,22.52
11,35,Student,2025-02,1085.35,Healthcare,46.66,840.91,244.44,22.52
11,35,Student,2025-02,1085.35,Education,1.61,840.91,244.44,22.52
11,35,Student,2025-02,1085.35,Shopping,76.54,840.91,244.44,22.52
11,35,Student,2025-03,1052.02,Rent,310.41,784.29,267.73,25.45
11,35,Student,2025-03,1052.02,Groceries,154.09,784.29,267.73,25.45
11,35,Student,2025-03,1052.02,Transport,61.29,784.29,267.73,25.45
11,35,Student,2025-03,1052.02,Entertainment,52.07,784.29,267.73,25.45
11,35,Student,2025-03,1052.02,Utilities,65.12,784.29,267.73,25.45
11,35,Student,2025-03,1052.02,Healthcare,58.17,784.29,267.73,25.45
11,35,Student,2025-03,1052.02,Education,35.29,784.29,267.73,25.45
11,35,Student,2025-03,1052.02,Shopping,47.86,784.29,267.73,25.45
11,35,Student,2025-04,1142.12,Rent,319.42,891.99,250.14,21.9
11,35,Student,2025-04,1142.12,Groceries,155.24,891.99,250.14,21.9
11,35,Student,2025-04,1142.12,Transport,111.59,891.99,250.14,21.9
11,35,Student,2025-04,1142.12,Entertainment,75.46,891.99,250.14,21.9
11,35,Student,2025-04,1142.12,Utilities,75.25,891.99,250.14,21.9
11,35,Student,2025-04,1142.12,Healthcare,22.94,891.99,250.14,21.9
11,35,Student,2025-04,1142.12,Education,40.98,891.99,250.14,21.9
11,35,Student,2025-04,1142.12,Shopping,91.11,891.99,250.14,21.9
11,35,Student,2025-05,1051.4,Rent,354.49,819.71,231.69,22.04
11,35,Student,2025-05,1051.4,Groceries,118.63,819.71,231.69,22.04
11,35,Student,2025-05,1051.4,Transport,87.54,819.71,231.69,22.04
11,35,Student,2025-05,1051.4,Entertainment,73.62,819.71,231.69,22.04
11,35,Student,2025-05,1051.4,Utilities,62.96,819.71,231.69,22.04
11,35,Student,2025-05,1051.4,Healthcare,24.91,819.71,231.69,22.04
11,35,Student,2025-05,1051.4,Education,31.35,819.71,231.69,22.04
11,35,Student,2025-05,1051.4,Shopping,66.21,819.71,231.69,22.04
11,35,Student,2025-06,1174.42,Rent,341.08,892.76,281.66,23.98
11,35,Student,2025-06,1174.42,Groceries,136.3,892.76,281.66,23.98
11,35,Student,2025-06,1174.42,Transport,102.75,892.76,281.66,23.98
11,35,Student,2025-06,1174.42,Entertainment,59.47,892.76,281.66,23.98
11,35,Student,2025-06,1174.42,Utilities,69.74,892.76,281.66,23.98
11,35,Student,2025-06,1174.42,Healthcare,53.86,892.76,281.66,23.98
11,35,Student,2025-06,1174.42,Education,52.15,892.76,281.66,23.98
11,35,Student,2025-06,1174.42,Shopping,77.42,892.76,281.66,23.98
11,35,Student,2025-07,1117.45,Rent,294.88,760.98,356.47,31.9
11,35,Student,2025-07,1117.45,Groceries,118.21,760.98,356.47,31.9
11,35,Student,2025-07,1117.45,Transport,64.49,760.98,356.47,31.9
11,35,Student,2025-07,1117.45,Entertainment,43.13,760.98,356.47,31.9
11,35,Student,2025-07,1117.45,Utilities,66.08,760.98,356.47,31.9
11,35,Student,2025-07,1117.45,Healthcare,55.47,760.98,356.47,31.9
11,35,Student,2025-07,1117.45,Education,29.61,760.98,356.47,31.9
11,35,Student,2025-07,1117.45,Shopping,89.11,760.98,356.47,31.9
11,35,Student,2025-08,1187.43,Rent,394.23,947.93,239.5,20.17
11,35,Student,2025-08,1187.43,Groceries,160.0,947.93,239.5,20.17
11,35,Student,2025-08,1187.43,Transport,90.99,947.93,239.5,20.17
11,35,Student,2025-08,1187.43,Entertainment,62.27,947.93,239.5,20.17
11,35,Student,2025-08,1187.43,Utilities,50.5,947.93,239.5,20.17
11,35,Student,2025-08,1187.43,Healthcare,42.72,947.93,239.5,20.17
11,35,Student,2025-08,1187.43,Education,54.04,947.93,239.5,20.17
11,35,Student,2025-08,1187.43,Shopping,93.19,947.93,239.5,20.17
11,35,Student,2025-09,1076.51,Rent,319.36,762.58,313.93,29.16
11,35,Student,2025-09,1076.51,Groceries,151.61,762.58,313.93,29.16
11,35,Student,2025-09,1076.51,Transport,57.45,762.58,313.93,29.16
11,35,Student,2025-09,1076.51,Entertainment,53.15,762.58,313.93,29.16
11,35,Student,2025-09,1076.51,Utilities,70.57,762.58,313.93,29.16
11,35,Student,2025-09,1076.51,Healthcare,38.92,762.58,313.93,29.16
11,35,Student,2025-09,1076.51,Education,4.18,762.58,313.93,29.16
11,35,Student,2025-09,1076.51,Shopping,67.34,762.58,313.93,29.16
11,35,Student,2025-10,1168.9,Rent,361.22,862.81,306.09,26.19
11,35,Student,2025-10,1168.9,Groceries,130.11,862.81,306.09,26.19
11,35,Student,2025-10,1168.9,Transport,80.9,862.81,306.09,26.19
11,35,Student,2025-10,1168.9,Entertainment,61.37,862.81,306.09,26.19
11,35,Student,2025-10,1168.9,Utilities,67.07,862.81,306.09,26.19
11,35,Student,2025-10,1168.9,Healthcare,58.88,862.81,306.09,26.19
11,35,Student,2025-10,1168.9,Education,5.78,862.81,306.09,26.19
11,35,Student,2025-10,1168.9,Shopping,97.46,862.81,306.09,26.19
11,35,Student,2025-11,1047.36,Rent,300.6,692.58,354.78,33.87
11,35,Student,2025-11,1047.36,Groceries,106.17,692.58,354.78,33.87
11,35,Student,2025-11,1047.36,Transport,72.95,692.58,354.78,33.87
11,35,Student,2025-11,1047.36,Entertainment,58.96,692.58,354.78,33.87
11,35,Student,2025-11,1047.36,Utilities,57.97,692.58,354.78,33.87
11,35,Student,2025-11,1047.36,Healthcare,27.89,692.58,354.78,33.87
11,35,Student,2025-11,1047.36,Education,33.82,692.58,354.78,33.87
11,35,Student,2025-11,1047.36,Shopping,34.23,692.58,354.78,33.87
11,35,Student,2025-12,1154.61,Rent,397.95,886.1,268.51,23.26
11,35,Student,2025-12,1154.61,Groceries,135.08,886.1,268.51,23.26
11,35,Student,2025-12,1154.61,Transport,87.59,886.1,268.51,23.26
11,35,Student,2025-12,1154.61,Entertainment,56.51,886.1,268.51,23.26
11,35,Student,2025-12,1154.61,Utilities,46.42,886.1,268.51,23.26
11,35,Student,2025-12,1154.61,Healthcare,40.91,886.1,268.51,23.26
11,35,Student,2025-12,1154.61,Education,45.71,886.1,268.51,23.26
11,35,Student,2025-12,1154.61,Shopping,75.93,886.1,268.51,23.26
12,59,Engineer,2024-01,4929.68,Rent,1494.23,3669.42,1260.26,25.56
12,59,Engineer,2024-01,4929.68,Groceries,700.44,3669.42,1260.26,25.56
12,59,Engineer,2024-01,4929.68,Transport,389.5,3669.42,1260.26,25.56
12,59,Engineer,2024-01,4929.68,Entertainment,285.84,3669.42,1260.26,25.56
12,59,Engineer,2024-01,4929.68,Utilities,212.75,3669.42,1260.26,25.56
12,59,Engineer,2024-01,4929.68,Healthcare,131.59,3669.42,1260.26,25.56
12,59,Engineer,2024-01,4929.68,Education,239.59,3669.42,1260.26,25.56
12,59,Engineer,2024-01,4929.68,Shopping,215.47,3669.42,1260.26,25.56
12,59,Engineer,2024-02,5008.45,Rent,1518.52,3397.18,1611.28,32.17
12,59,Engineer,2024-02,5008.45,Groceries,534.85,3397.18,1611.28,32.17
12,59,Engineer,2024-02,5008.45,Transport,275.29,3397.18,1611.28,32.17
12,59,Engineer,2024-02,5008.45,Entertainment,202.56,3397.18,1611.28,32.17
12,59,Engineer,2024-02,5008.45,Utilities,339.42,3397.18,1611.28,32.17
12,59,Engineer,2024-02,5008.45,Healthcare,183.14,3397.18,1611.28,32.17
12,59,Engineer,2024-02,5008.45,Education,99.03,3397.18,1611.28,32.17
12,59,Engineer,2024-02,5008.45,Shopping,244.37,3397.18,1611.28,32.17
12,59,Engineer,2024-03,4506.47,Rent,1346.47,3369.42,1137.06,25.23
12,59,Engineer,2024-03,4506.47,Groceries,479.95,3369.42,1137.06,25.23
12,59,Engineer,2024-03,4506.47,Transport,413.58,3369.42,1137.06,25.23
12,59,Engineer,2024-03,4506.47,Entertainment,218.65,3369.42,1137.06,25.23
12,59,Engineer,2024-03,4506.47,Utilities,230.93,3369.42,1137.06,25.23
12,59,Engineer,2024-03,4506.47,Healthcare,175.57,3369.42,1137.06,25.23
12,59,Engineer,2024-03,4506.47,Education,100.07,3369.42,1137.06,25.23
12,59,Engineer,2024-03,4506.47,Shopping,404.19,3369.42,1137.06,25.23
12,59,Engineer,2024-04,4747.26,Rent,1228.69,3351.72,1395.54,29.4
12,59,Engineer,2024-04,4747.26,Groceries,618.78,3351.72,1395.54,29.4
12,59,Engineer,2024-04,4747.26,Transport,273.34,3351.72,1395.54,29.4
12,59,Engineer,2024-04,4747.26,Entertainment,149.76,3351.72,1395.54,29.4
12,59,Engineer,2024-04,4747.26,Utilities,328.14,3351.72,1395.54,29.4
12,59,Engineer,2024-04,4747.26,Healthcare,241.83,3351.72,1395.54,29.4
12,59,Engineer,2024-04,4747.26,Education,232.64,3351.72,1395.54,29.4
12,59,Engineer,2024-04,4747.26,Shopping,278.53,3351.72,1395.54,29.4
12,59,Engineer,2024-05,4739.33,Rent,1264.61,3324.1,1415.23,29.86
12,59,Engineer,2024-05,4739.33,Groceries,532.44,3324.1,1415.23,29.86
12,59,Engineer,2024-05,4739.33,Transport,435.67,3324.1,1415.23,29.86
12,59,Engineer,2024-05,4739.33,Entertainment,226.58,3324.1,1415.23,29.86
12,59,Engineer,2024-05,4739.33,Utilities,307.13,3324.1,1415.23,29.86
12,59,Engineer,2024-05,4739.33,Healthcare,229.2,3324.1,1415.23,29.86
12,59,Engineer,2024-05,4739.33,Education,41.98,3324.1,1415.23,29.86
12,59,Engineer,2024-05,4739.33,Shopping,286.48,3324.1,1415.23,29.86
12,59,Engineer,2024-06,4827.06,Rent,1320.22,3545.72,1281.34,26.54
12,59,Engineer,2024-06,4827.06,Groceries,683.2,3545.72,1281.34,26.54
12,59,Engineer,2024-06,4827.06,Transport,372.85,3545.72,1281.34,26.54
12,59,Engineer,2024-06,4827.06,Entertainment,184.69,3545.72,1281.34,26.54
12,59,Engineer,2024-06,4827.06,Utilities,277.51,3545.72,1281.34,26.54
12,59,Engineer,2024-06,4827.06,Healthcare,289.57,3545.72,1281.34,26.54
12,59,Engineer,2024-06,4827.06,Education,36.33,3545.72,1281.34,26.54
12,59,Engineer,2024-06,4827.06,Shopping,381.36,3545.72,1281.34,26.54
12,59,Engineer,2024-07,4542.89,Rent,1491.15,3425.06,1117.84,24.61
12,59,Engineer,2024-07,4542.89,Groceries,621.14,3425.06,1117.84,24.61
12,59,Engineer,2024-07,4542.89,Transport,295.4,3425.06,1117.84,24.61
12,59,Engineer,2024-07,4542.89,Entertainment,210.3,3425.06,1117.84,24.61
12,59,Engineer,2024-07,4542.89,Utilities,289.73,3425.06,1117.84,24.61
12,59,Engineer,2024-07,4542.89,Healthcare,174.71,3425.06,1117.84,24.61
12,59,Engineer,2024-07,4542.89,Education,166.0,3425.06,1117.84,24.61
12,59,Engineer,2024-07,4542.89,Shopping,176.62,3425.06,1117.84,24.61
12,59,Engineer,2024-08,4932.95,Rent,1583.91,3601.15,1331.8,27.0
12,59,Engineer,2024-08,4932.95,Groceries,716.99,3601.15,1331.8,27.0
12,59,Engineer,2024-08,4932.95,Transport,279.3,3601.15,1331.8,27.0
12,59,Engineer,2024-08,4932.95,Entertainment,294.25,3601.15,1331.8,27.0
12,59,Engineer,2024-08,4932.95,Utilities,285.98,3601.15,1331.8,27.0
12,59,Engineer,2024-08,4932.95,Healthcare,168.4,3601.15,1331.8,27.0
12,59,Engineer,2024-08,4932.95,Education,113.08,3601.15,1331.8,27.0
12,59,Engineer,2024-08,4932.95,Shopping,159.23,3601.15,1331.8,27.0
12,59,Engineer,2024-09,4868.45,Rent,1484.55,3667.13,1201.32,24.68
12,59,Engineer,2024-09,4868.45,Groceries,500.9,3667.13,1201.32,24.68
12,59,Engineer,2024-09,4868.45,Transport,409.13,3667.13,1201.32,24.68
12,59,Engineer,2024-09,4868.45,Entertainment,259.68,3667.13,1201.32,24.68
12,59,Engineer,2024-09,4868.45,Utilities,199.77,3667.13,1201.32,24.68
12,59,Engineer,2024-09,4868.45,Healthcare,286.19,3667.13,1201.32,24.68
12,59,Engineer,2024-09,4868.45,Education,231.04,3667.13,1201.32,24.68
12,59,Engineer,2024-09,4868.45,Shopping,295.88,3667.13,1201.32,24.68
12,59,Engineer,2024-10,4474.2,Rent,1456.18,3384.02,1090.18,24.37
12,59,Engineer,2024-10,4474.2,Groceries,557.47,3384.02,1090.18,24.37
12,59,Engineer,2024-10,4474.2,Transport,291.37,3384.02,1090.18,24.37
12,59,Engineer,2024-10,4474.2,Entertainment,244.16,3384.02,1090.18,24.37
12,59,Engineer,2024-10,4474.2,Utilities,249.09,3384.02,1090.18,24.37
12,59,Engineer,2024-10,4474.2,Healthcare,190.19,3384.02,1090.18,24.37
12,59,Engineer,2024-10,4474.2,Education,98.71,3384.02,1090.18,24.37
12,59,Engineer,2024-10,4474.2,Shopping,296.84,3384.02,1090.18,24.37
12,59,Engineer,2024-11,4972.96,Rent,1423.39,3855.97,1116.98,22.46
12,59,Engineer,2024-11,4972.96,Groceries,677.74,3855.97,1116.98,22.46
12,59,Engineer,2024-11,4972.96,Transport,471.05,3855.97,1116.98,22.46
12,59,Engineer,2024-11,4972.96,Entertainment,262.57,3855.97,1116.98,22.46
12,59,Engineer,2024-11,4972.96,Utilities,265.08,3855.97,1116.98,22.46
12,59,Engineer,2024-11,4972.96,Healthcare,219.23,3855.97,1116.98,22.46
12,59,Engineer,2024-11,4972.96,Education,147.05,3855.97,1116.98,22.46
12,59,Engineer,2024-11,4972.96,Shopping,389.86,3855.97,1116.98,22.46
12,59,Engineer,2024-12,4705.61,Rent,1645.14,3314.07,1391.54,29.57
12,59,Engineer,2024-12,4705.61,Groceries,484.55,3314.07,1391.54,29.57
12,59,Engineer,2024-12,4705.61,Transport,236.03,3314.07,1391.54,29.57
12,59,Engineer,2024-12,4705.61,Entertainment,291.79,3314.07,1391.54,29.57
12,59,Engineer,2024-12,4705.61,Utilities,230.35,3314.07,1391.54,29.57
12,59,Engineer,2024-12,4705.61,Healthcare,139.36,3314.07,1391.54,29.57
12,59,Engineer,2024-12,4705.61,Education,73.38,3314.07,1391.54,29.57
12,59,Engineer,2024-12,4705.61,Shopping,213.46,3314.07,1391.54,29.57
12,59,Engineer,2025-01,4436.19,Rent,1540.04,3581.59,854.6,19.26
12,59,Engineer,2025-01,4436.19,Groceries,492.58,3581.59,854.6,19.26
12,59,Engineer,2025-01,4436.19,Transport,384.62,3581.59,854.6,19.26
12,59,Engineer,2025-01,4436.19,Entertainment,302.24,3581.59,854.6,19.26
12,59,Engineer,2025-01,4436.19,Utilities,301.12,3581.59,854.6,19.26
12,59,Engineer,2025-01,4436.19,Healthcare,94.14,3581.59,854.6,19.26
12,59,Engineer,2025-01,4436.19,Education,193.43,3581.59,854.6,19.26
12,59,Engineer,2025-01,4436.19,Shopping,273.42,3581.59,854.6,19.26
12,59,Engineer,2025-02,4799.95,Rent,1509.33,3781.98,1017.98,21.21
12,59,Engineer,2025-02,4799.95,Groceries,676.74,3781.98,1017.98,21.21
12,59,Engineer,2025-02,4799.95,Transport,320.01,3781.98,1017.98,21.21
12,59,Engineer,2025-02,4799.95,Entertainment,319.93,3781.98,1017.98,21.21
12,59,Engineer,2025-02,4799.95,Utilities,268.11,3781.98,1017.98,21.21
12,59,Engineer,2025-02,4799.95,Healthcare,248.33,3781.98,1017.98,21.21
12,59,Engineer,2025-02,4799.95,Education,237.73,3781.98,1017.98,21.21
12,59,Engineer,2025-02,4799.95,Shopping,201.79,3781.98,1017.98,21.21
12,59,Engineer,2025-03,5018.85,Rent,1299.79,3145.07,1873.78,37.33
12,59,Engineer,2025-03,5018.85,Groceries,502.47,3145.07,1873.78,37.33
12,59,Engineer,2025-03,5018.85,Transport,262.02,3145.07,1873.78,37.33
12,59,Engineer,2025-03,5018.85,Entertainment,236.33,3145.07,1873.78,37.33
12,59,Engineer,2025-03,5018.85,Utilities,296.05,3145.07,1873.78,37.33
12,59,Engineer,2025-03,5018.85,Healthcare,114.23,3145.07,1873.78,37.33
12,59,Engineer,2025-03,5018.85,Education,1.42,3145.07,1873.78,37.33
12,59,Engineer,2025-03,5018.85,Shopping,432.75,3145.07,1873.78,37.33
12,59,Engineer,2025-04,4914.44,Rent,1626.28,3840.74,1073.7,21.85
12,59,Engineer,2025-04,4914.44,Groceries,708.77,3840.74,1073.7,21.85
12,59,Engineer,2025-04,4914.44,Transport,417.74,3840.74,1073.7,21.85
12,59,Engineer,2025-04,4914.44,Entertainment,173.09,3840.74,1073.7,21.85
12,59,Engineer,2025-04,4914.44,Utilities,255.42,3840.74,1073.7,21.85
12,59,Engineer,2025-04,4914.44,Healthcare,240.44,3840.74,1073.7,21.85
12,59,Engineer,2025-04,4914.44,Education,68.88,3840.74,1073.7,21.85
12,59,Engineer,2025-04,4914.44,Shopping,350.13,3840.74,1073.7,21.85
12,59,Engineer,2025-05,4432.38,Rent,1243.79,3177.52,1254.87,28.31
12,59,Engineer,2025-05,4432.38,Groceries,564.94,3177.52,1254.87,28.31
12,59,Engineer,2025-05,4432.38,Transport,361.7,3177.52,1254.87,28.31
12,59,Engineer,2025-05,4432.38,Entertainment,260.85,3177.52,1254.87,28.31
12,59,Engineer,2025-05,4432.38,Utilities,270.08,3177.52,1254.87,28.31
12,59,Engineer,2025-05,4432.38,Healthcare,89.73,3177.52,1254.87,28.31
12,59,Engineer,2025-05,4432.38,Education,22.37,3177.52,1254.87,28.31
12,59,Engineer,2025-05,4432.38,Shopping,364.06,3177.52,1254.87,28.31
12,59,Engineer,2025-06,4829.7,Rent,1261.97,3323.76,1505.94,31.18
12,59,Engineer,2025-06,4829.7,Groceries,686.32,3323.76,1505.94,31.18
12,59,Engineer,2025-06,4829.7,Transport,299.98,3323.76,1505.94,31.18
12,59,Engineer,2025-06,4829.7,Entertainment,260.38,3323.76,1505.94,31.18
12,59,Engineer,2025-06,4829.7,Utilities,214.23,3323.76,1505.94,31.18
12,59,Engineer,2025-06,4829.7,Healthcare,233.78,3323.76,1505.94,31.18
12,59,Engineer,2025-06,4829.7,Education,161.04,3323.76,1505.94,31.18
12,59,Engineer,2025-06,4829.7,Shopping,206.07,3323.76,1505.94,31.18
12,59,Engineer,2025-07,4939.51,Rent,1433.1,3431.59,1507.92,30.53
12,59,Engineer,2025-07,4939.51,Groceries,566.19,3431.59,1507.92,30.53
12,59,Engineer,2025-07,4939.51,Transport,284.6,3431.59,1507.92,30.53
12,59,Engineer,2025-07,4939.51,Entertainment,213.92,3431.59,1507.92,30.53
12,59,Engineer,2025-07,4939.51,Utilities,200.84,3431.59,1507.92,30.53
12,59,Engineer,2025-07,4939.51,Healthcare,214.03,3431.59,1507.92,30.53
12,59,Engineer,2025-07,4939.51,Education,208.01,3431.59,1507.92,30.53
12,59,Engineer,2025-07,4939.51,Shopping,310.89,3431.59,1507.92,30.53
12,59,Engineer,2025-08,4550.13,Rent,1152.85,3175.51,1374.61,30.21
12,59,Engineer,2025-08,4550.13,Groceries,503.84,3175.51,1374.61,30.21
12,59,Engineer,2025-08,4550.13,Transport,322.18,3175.51,1374.61,30.21
12,59,Engineer,2025-08,4550.13,Entertainment,309.32,3175.51,1374.61,30.21
12,59,Engineer,2025-08,4550.13,Utilities,207.65,3175.51,1374.61,30.21
12,59,Engineer,2025-08,4550.13,Healthcare,222.01,3175.51,1374.61,30.21
12,59,Engineer,2025-08,4550.13,Education,197.23,3175.51,1374.61,30.21
12,59,Engineer,2025-08,4550.13,Shopping,260.43,3175.51,1374.61,30.21
12,59,Engineer,2025-09,4914.14,Rent,1501.1,3559.09,1355.04,27.57
12,59,Engineer,2025-09,4914.14,Groceries,647.95,3559.09,1355.04,27.57
12,59,Engineer,2025-09,4914.14,Transport,375.02,3559.09,1355.04,27.57
12,59,Engineer,2025-09,4914.14,Entertainment,261.23,3559.09,1355.04,27.57
12,59,Engineer,2025-09,4914.14,Utilities,231.16,3559.09,1355.04,27.57
12,59,Engineer,2025-09,4914.14,Healthcare,157.88,3559.09,1355.04,27.57
12,59,Engineer,2025-09,4914.14,Education,71.25,3559.09,1355.04,27.57
12,59,Engineer,2025-09,4914.14,Shopping,313.51,3559.09,1355.04,27.57
12,59,Engineer,2025-10,4490.09,Rent,1534.17,3535.97,954.12,21.25
12,59,Engineer,2025-10,4490.09,Groceries,610.8,3535.97,954.12,21.25
12,59,Engineer,2025-10,4490.09,Transport,314.63,3535.97,954.12,21.25
12,59,Engineer,2025-10,4490.09,Entertainment,170.31,3535.97,954.12,21.25
12,59,Engineer,2025-10,4490.09,Utilities,298.41,3535.97,954.12,21.25
12,59,Engineer,2025-10,4490.09,Healthcare,237.76,3535.97,954.12,21.25
12,59,Engineer,2025-10,4490.09,Education,162.03,3535.97,954.12,21.25
12,59,Engineer,2025-10,4490.09,Shopping,207.86,3535.97,954.12,21.25
12,59,Engineer,2025-11,4660.86,Rent,1213.1,3381.19,1279.66,27.46
12,59,Engineer,2025-11,4660.86,Groceries,510.14,3381.19,1279.66,27.46
12,59,Engineer,2025-11,4660.86,Transport,415.52,3381.19,1279.66,27.46
12,59,Engineer,2025-11,4660.86,Entertainment,306.46,3381.19,1279.66,27.46
12,59,Engineer,2025-11,4660.86,Utilities,269.42,3381.19,1279.66,27.46
12,59,Engineer,2025-11,4660.86,Healthcare,260.21,3381.19,1279.66,27.46
12,59,Engineer,2025-11,4660.86,Education,135.93,3381.19,1279.66,27.46
12,59,Engineer,2025-11,4660.86,Shopping,270.41,3381.19,1279.66,27.46
12,59,Engineer,2025-12,4623.33,Rent,1590.63,3745.8,877.54,18.98
12,59,Engineer,2025-12,4623.33,Groceries,481.45,3745.8,877.54,18.98
12,59,Engineer,2025-12,4623.33,Transport,446.36,3745.8,877.54,18.98
12,59,Engineer,2025-12,4623.33,Entertainment,329.81,3745.8,877.54,18.98
12,59,Engineer,2025-12,4623.33,Utilities,202.95,3745.8,877.54,18.98
12,59,Engineer,2025-12,4623.33,Healthcare,196.95,3745.8,877.54,18.98
12,59,Engineer,2025-12,4623.33,Education,200.32,3745.8,877.54,18.98
12,59,Engineer,2025-12,4623.33,Shopping,297.32,3745.8,877.54,18.98
13,36,Teacher,2024-01,2741.22,Rent,941.97,2171.63,569.59,20.78
13,36,Teacher,2024-01,2741.22,Groceries,366.66,2171.63,569.59,20.78
13,36,Teacher,2024-01,2741.22,Transport,152.96,2171.63,569.59,20.78
13,36,Teacher,2024-01,2741.22,Entertainment,88.03,2171.63,569.59,20.78
13,36,Teacher,2024-01,2741.22,Utilities,156.08,2171.63,569.59,20.78
13,36,Teacher,2024-01,2741.22,Healthcare,156.82,2171.63,569.59,20.78
13,36,Teacher,2024-01,2741.22,Education,115.71,2171.63,569.59,20.78
13,36,Teacher,2024-01,2741.22,Shopping,193.4,2171.63,569.59,20.78
13,36,Teacher,2024-02,2656.25,Rent,731.59,1876.72,779.53,29.35
13,36,Teacher,2024-02,2656.25,Groceries,381.9,1876.72,779.53,29.35
13,36,Teacher,2024-02,2656.25,Transport,157.09,1876.72,779.53,29.35
13,36,Teacher,2024-02,2656.25,Entertainment,116.67,1876.72,779.53,29.35
13,36,Teacher,2024-02,2656.25,Utilities,116.58,1876.72,779.53,29.35
13,36,Teacher,2024-02,2656.25,Healthcare,124.96,1876.72,779.53,29.35
13,36,Teacher,2024-02,2656.25,Education,125.37,1876.72,779.53,29.35
13,36,Teacher,2024-02,2656.25,Shopping,122.55,1876.72,779.53,29.35
13,36,Teacher,2024-03,2776.21,Rent,870.16,2055.0,721.2,25.98
13,36,Teacher,2024-03,2776.21,Groceries,416.36,2055.0,721.2,25.98
13,36,Teacher,2024-03,2776.21,Transport,153.36,2055.0,721.2,25.98
13,36,Teacher,2024-03,2776.21,Entertainment,152.49,2055.0,721.2,25.98
13,36,Teacher,2024-03,2776.21,Utilities,143.12,2055.0,721.2,25.98
13,36,Teacher,2024-03,2776.21,Healthcare,151.67,2055.0,721.2,25.98
13,36,Teacher,2024-03,2776.21,Education,66.07,2055.0,721.2,25.98
13,36,Teacher,2024-03,2776.21,Shopping,101.77,2055.0,721.2,25.98
13,36,Teacher,2024-04,2832.93,Rent,926.59,2098.97,733.96,25.91
13,36,Teacher,2024-04,2832.93,Groceries,283.7,2098.97,733.96,25.91
13,36,Teacher,2024-04,2832.93,Transport,263.31,2098.97,733.96,25.91
13,36,Teacher,2024-04,2832.93,Entertainment,111.34,2098.97,733.96,25.91
13,36,Teacher,2024-04,2832.93,Utilities,160.24,2098.97,733.96,25.91
13,36,Teacher,2024-04,2832.93,Healthcare,103.78,2098.97,733.96,25.91
13,36,Teacher,2024-04,2832.93,Education,101.94,2098.97,733.96,25.91
13,36,Teacher,2024-04,2832.93,Shopping,148.08,2098.97,733.96,25.91
13,36,Teacher,2024-05,2916.87,Rent,942.3,2257.37,659.51,22.61
13,36,Teacher,2024-05,2916.87,Groceries,386.15,2257.37,659.51,22.61
13,36,Teacher,2024-05,2916.87,Transport,261.97,2257.37,659.51,22.61
13,36,Teacher,2024-05,2916.87,Entertainment,197.48,2257.37,659.51,22.61
13,36,Teacher,2024-05,2916.87,Utilities,119.82,2257.37,659.51,22.61
13,36,Teacher,2024-05,2916.87,Healthcare,104.39,2257.37,659.51,22.61
13,36,Teacher,2024-05,2916.87,Education,135.75,2257.37,659.51,22.61
13,36,Teacher,2024-05,2916.87,Shopping,109.51,2257.37,659.51,22.61
13,36,Teacher,2024-06,2869.55,Rent,997.05,2125.01,744.54,25.95
13,36,Teacher,2024-06,2869.55,Groceries,294.44,2125.01,744.54,25.95
13,36,Teacher,2024-06,2869.55,Transport,241.36,2125.01,744.54,25.95
13,36,Teacher,2024-06,2869.55,Entertainment,153.26,2125.01,744.54,25.95
13,36,Teacher,2024-06,2869.55,Utilities,164.64,2125.01,744.54,25.95
13,36,Teacher,2024-06,2869.55,Healthcare,67.19,2125.01,744.54,25.95
13,36,Teacher,2024-06,2869.55,Education,6.17,2125.01,744.54,25.95
13,36,Teacher,2024-06,2869.55,Shopping,200.9,2125.01,744.54,25.95
13,36,Teacher,2024-07,2900.3,Rent,951.88,2299.83,600.47,20.7
13,36,Teacher,2024-07,2900.3,Groceries,368.89,2299.83,600.47,20.7
13,36,Teacher,2024-07,2900.3,Transport,159.5,2299.83,600.47,20.7
13,36,Teacher,2024-07,2900.3,Entertainment,186.79,2299.83,600.47,20.7
13,36,Teacher,2024-07,2900.3,Utilities,137.06,2299.83,600.47,20.7
13,36,Teacher,2024-07,2900.3,Healthcare,163.7,2299.83,600.47,20.7
13,36,Teacher,2024-07,2900.3,Education,121.56,2299.83,600.47,20.7
13,36,Teacher,2024-07,2900.3,Shopping,210.45,2299.83,600.47,20.7
13,36,Teacher,2024-08,2945.08,Rent,745.52,2076.71,868.38,29.49
13,36,Teacher,2024-08,2945.08,Groceries,402.92,2076.71,868.38,29.49
13,36,Teacher,2024-08,2945.08,Transport,195.88,2076.71,868.38,29.49
13,36,Teacher,2024-08,2945.08,Entertainment,221.77,2076.71,868.38,29.49
13,36,Teacher,2024-08,2945.08,Utilities,141.36,2076.71,868.38,29.49
13,36,Teacher,2024-08,2945.08,Healthcare,144.29,2076.71,868.38,29.49
13,36,Teacher,2024-08,2945.08,Education,129.24,2076.71,868.38,29.49
13,36,Teacher,2024-08,2945.08,Shopping,95.71,2076.71,868.38,29.49
13,36,Teacher,2024-09,2748.47,Rent,896.64,1964.91,783.56,28.51
13,36,Teacher,2024-09,2748.47,Groceries,337.36,1964.91,783.56,28.51
13,36,Teacher,2024-09,2748.47,Transport,174.15,1964.91,783.56,28.51
13,36,Teacher,2024-09,2748.47,Entertainment,112.66,1964.91,783.56,28.51
13,36,Teacher,2024-09,2748.47,Utilities,120.78,1964.91,783.56,28.51
13,36,Teacher,2024-09,2748.47,Healthcare,149.2,1964.91,783.56,28.51
13,36,Teacher,2024-09,2748.47,Education,79.07,1964.91,783.56,28.51
13,36,Teacher,2024-09,2748.47,Shopping,95.05,1964.91,783.56,28.51
13,36,Teacher,2024-10,2743.1,Rent,786.65,1902.97,840.13,30.63
13,36,Teacher,2024-10,2743.1,Groceries,299.24,1902.97,840.13,30.63
13,36,Teacher,2024-10,2743.1,Transport,196.89,1902.97,840.13,30.63
13,36,Teacher,2024-10,2743.1,Entertainment,127.84,1902.97,840.13,30.63
13,36,Teacher,2024-10,2743.1,Utilities,137.85,1902.97,840.13,30.63
13,36,Teacher,2024-10,2743.1,Healthcare,135.95,1902.97,840.13,30.63
13,36,Teacher,2024-10,2743.1,Education,30.62,1902.97,840.13,30.63
13,36,Teacher,2024-10,2743.1,Shopping,187.93,1902.97,840.13,30.63
13,36,Teacher,2024-11,2810.18,Rent,862.19,2251.92,558.26,19.87
13,36,Teacher,2024-11,2810.18,Groceries,374.18,2251.92,558.26,19.87
13,36,Teacher,2024-11,2810.18,Transport,217.56,2251.92,558.26,19.87
13,36,Teacher,2024-11,2810.18,Entertainment,207.85,2251.92,558.26,19.87
13,36,Teacher,2024-11,2810.18,Utilities,169.36,2251.92,558.26,19.87
13,36,Teacher,2024-11,2810.18,Healthcare,117.69,2251.92,558.26,19.87
13,36,Teacher,2024-11,2810.18,Education,116.59,2251.92,558.26,19.87
13,36,Teacher,2024-11,2810.18,Shopping,186.51,2251.92,558.26,19.87
13,36,Teacher,2024-12,2710.48,Rent,733.75,1919.87,790.62,29.17
13,36,Teacher,2024-12,2710.48,Groceries,291.69,1919.87,790.62,29.17
13,36,Teacher,2024-12,2710.48,Transport,257.42,1919.87,790.62,29.17
13,36,Teacher,2024-12,2710.48,Entertainment,177.55,1919.87,790.62,29.17
13,36,Teacher,2024-12,2710.48,Utilities,184.64,1919.87,790.62,29.17
13,36,Teacher,2024-12,2710.48,Healthcare,119.62,1919.87,790.62,29.17
13,36,Teacher,2024-12,2710.48,Education,64.16,1919.87,790.62,29.17
13,36,Teacher,2024-12,2710.48,Shopping,91.03,1919.87,790.62,29.17
13,36,Teacher,2025-01,2846.2,Rent,877.26,2237.74,608.46,21.38
13,36,Teacher,2025-01,2846.2,Groceries,425.54,2237.74,608.46,21.38
13,36,Teacher,2025-01,2846.2,Transport,176.34,2237.74,608.46,21.38
13,36,Teacher,2025-01,2846.2,Entertainment,160.92,2237.74,608.46,21.38
13,36,Teacher,2025-01,2846.2,Utilities,169.43,2237.74,608.46,21.38
13,36,Teacher,2025-01,2846.2,Healthcare,130.31,2237.74,608.46,21.38
13,36,Teacher,2025-01,2846.2,Education,79.88,2237.74,608.46,21.38
13,36,Teacher,2025-01,2846.2,Shopping,218.06,2237.74,608.46,21.38
13,36,Teacher,2025-02,2679.75,Rent,864.39,2175.78,503.97,18.81
13,36,Teacher,2025-02,2679.75,Groceries,351.01,2175.78,503.97,18.81
13,36,Teacher,2025-02,2679.75,Transport,254.05,2175.78,503.97,18.81
13,36,Teacher,2025-02,2679.75,Entertainment,193.91,2175.78,503.97,18.81
13,36,Teacher,2025-02,2679.75,Utilities,132.53,2175.78,503.97,18.81
13,36,Teacher,2025-02,2679.75,Healthcare,83.2,2175.78,503.97,18.81
13,36,Teacher,2025-02,2679.75,Education,131.53,2175.78,503.97,18.81
13,36,Teacher,2025-02,2679.75,Shopping,165.17,2175.78,503.97,18.81
13,36,Teacher,2025-03,2929.95,Rent,780.5,2127.41,802.54,27.39
13,36,Teacher,2025-03,2929.95,Groceries,387.17,2127.41,802.54,27.39
13,36,Teacher,2025-03,2929.95,Transport,265.14,2127.41,802.54,27.39
13,36,Teacher,2025-03,2929.95,Entertainment,226.69,2127.41,802.54,27.39
13,36,Teacher,2025-03,2929.95,Utilities,146.85,2127.41,802.54,27.39
13,36,Teacher,2025-03,2929.95,Healthcare,143.57,2127.41,802.54,27.39
13,36,Teacher,2025-03,2929.95,Education,78.93,2127.41,802.54,27.39
13,36,Teacher,2025-03,2929.95,Shopping,98.56,2127.41,802.54,27.39
13,36,Teacher,2025-04,2852.75,Rent,910.06,2141.4,711.36,24.94
13,36,Teacher,2025-04,2852.75,Groceries,418.01,2141.4,711.36,24.94
13,36,Teacher,2025-04,2852.75,Transport,213.57,2141.4,711.36,24.94
13,36,Teacher,2025-04,2852.75,Entertainment,118.43,2141.4,711.36,24.94
13,36,Teacher,2025-04,2852.75,Utilities,117.92,2141.4,711.36,24.94
13,36,Teacher,2025-04,2852.75,Healthcare,104.48,2141.4,711.36,24.94
13,36,Teacher,2025-04,2852.75,Education,43.06,2141.4,711.36,24.94
13,36,Teacher,2025-04,2852.75,Shopping,215.85,2141.4,711.36,24.94
13,36,Teacher,2025-05,2733.0,Rent,942.63,2245.79,487.21,17.83
13,36,Teacher,2025-05,2733.0,Groceries,404.8,2245.79,487.21,17.83
13,36,Teacher,2025-05,2733.0,Transport,221.5,2245.79,487.21,17.83
13,36,Teacher,2025-05,2733.0,Entertainment,208.89,2245.79,487.21,17.83
13,36,Teacher,2025-05,2733.0,Utilities,171.7,2245.79,487.21,17.83
13,36,Teacher,2025-05,2733.0,Healthcare,114.44,2245.79,487.21,17.83
13,36,Teacher,2025-05,2733.0,Education,24.64,2245.79,487.21,17.83
13,36,Teacher,2025-05,2733.0,Shopping,157.19,2245.79,487.21,17.83
13,36,Teacher,2025-06,2806.69,Rent,944.16,2253.34,553.35,19.72
13,36,Teacher,2025-06,2806.69,Groceries,348.22,2253.34,553.35,19.72
13,36,Teacher,2025-06,2806.69,Transport,266.31,2253.34,553.35,19.72
13,36,Teacher,2025-06,2806.69,Entertainment,178.84,2253.34,553.35,19.72
13,36,Teacher,2025-06,2806.69,Utilities,123.8,2253.34,553.35,19.72
13,36,Teacher,2025-06,2806.69,Healthcare,167.84,2253.34,553.35,19.72
13,36,Teacher,2025-06,2806.69,Education,73.99,2253.34,553.35,19.72
13,36,Teacher,2025-06,2806.69,Shopping,150.19,2253.34,553.35,19.72
13,36,Teacher,2025-07,2841.74,Rent,741.38,1977.7,864.04,30.41
13,36,Teacher,2025-07,2841.74,Groceries,374.62,1977.7,864.04,30.41
13,36,Teacher,2025-07,2841.74,Transport,212.88,1977.7,864.04,30.41
13,36,Teacher,2025-07,2841.74,Entertainment,143.04,1977.7,864.04,30.41
13,36,Teacher,2025-07,2841.74,Utilities,194.92,1977.7,864.04,30.41
13,36,Teacher,2025-07,2841.74,Healthcare,116.23,1977.7,864.04,30.41
13,36,Teacher,2025-07,2841.74,Education,31.13,1977.7,864.04,30.41
13,36,Teacher,2025-07,2841.74,Shopping,163.51,1977.7,864.04,30.41
13,36,Teacher,2025-08,2934.57,Rent,785.32,1947.05,987.53,33.65
13,36,Teacher,2025-08,2934.57,Groceries,324.85,1947.05,987.53,33.65
13,36,Teacher,2025-08,2934.57,Transport,148.64,1947.05,987.53,33.65
13,36,Teacher,2025-08,2934.57,Entertainment,90.12,1947.05,987.53,33.65
13,36,Teacher,2025-08,2934.57,Utilities,190.4,1947.05,987.53,33.65
13,36,Teacher,2025-08,2934.57,Healthcare,144.63,1947.05,987.53,33.65
13,36,Teacher,2025-08,2934.57,Education,52.09,1947.05,987.53,33.65
13,36,Teacher,2025-08,2934.57,Shopping,210.99,1947.05,987.53,33.65
13,36,Teacher,2025-09,2747.6,Rent,948.72,2199.95,547.65,19.93
13,36,Teacher,2025-09,2747.6,Groceries,407.61,2199.95,547.65,19.93
13,36,Teacher,2025-09,2747.6,Transport,191.34,2199.95,547.65,19.93
13,36,Teacher,2025-09,2747.6,Entertainment,199.78,2199.95,547.65,19.93
13,36,Teacher,2025-09,2747.6,Utilities,173.63,2199.95,547.65,19.93
13,36,Teacher,2025-09,2747.6,Healthcare,89.02,2199.95,547.65,19.93
13,36,Teacher,2025-09,2747.6,Education,31.88,2199.95,547.65,19.93
13,36,Teacher,2025-09,2747.6,Shopping,157.97,2199.95,547.65,19.93
13,36,Teacher,2025-10,2885.34,Rent,998.37,2410.75,474.59,16.45
13,36,Teacher,2025-10,2885.34,Groceries,398.69,2410.75,474.59,16.45
13,36,Teacher,2025-10,2885.34,Transport,267.64,2410.75,474.59,16.45
13,36,Teacher,2025-10,2885.34,Entertainment,173.56,2410.75,474.59,16.45
13,36,Teacher,2025-10,2885.34,Utilities,187.73,2410.75,474.59,16.45
13,36,Teacher,2025-10,2885.34,Healthcare,148.24,2410.75,474.59,16.45
13,36,Teacher,2025-10,2885.34,Education,54.39,2410.75,474.59,16.45
13,36,Teacher,2025-10,2885.34,Shopping,182.12,2410.75,474.59,16.45
13,36,Teacher,2025-11,2893.68,Rent,736.75,1940.2,953.48,32.95
13,36,Teacher,2025-11,2893.68,Groceries,406.28,1940.2,953.48,32.95
13,36,Teacher,2025-11,2893.68,Transport,170.42,1940.2,953.48,32.95
13,36,Teacher,2025-11,2893.68,Entertainment,161.28,1940.2,953.48,32.95
13,36,Teacher,2025-11,2893.68,Utilities,185.91,1940.2,953.48,32.95
13,36,Teacher,2025-11,2893.68,Healthcare,87.25,1940.2,953.48,32.95
13,36,Teacher,2025-11,2893.68,Education,35.56,1940.2,953.48,32.95
13,36,Teacher,2025-11,2893.68,Shopping,156.74,1940.2,953.48,32.95
13,36,Teacher,2025-12,2925.75,Rent,731.57,2121.96,803.79,27.47
13,36,Teacher,2025-12,2925.75,Groceries,424.44,2121.96,803.79,27.47
13,36,Teacher,2025-12,2925.75,Transport,168.79,2121.96,803.79,27.47
13,36,Teacher,2025-12,2925.75,Entertainment,232.61,2121.96,803.79,27.47
13,36,Teacher,2025-12,2925.75,Utilities,200.84,2121.96,803.79,27.47
13,36,Teacher,2025-12,2925.75,Healthcare,116.41,2121.96,803.79,27.47
13,36,Teacher,2025-12,2925.75,Education,75.0,2121.96,803.79,27.47
13,36,Teacher,2025-12,2925.75,Shopping,172.31,2121.96,803.79,27.47
14,41,Doctor,2024-01,6079.14,Rent,1539.61,4098.85,1980.29,32.58
14,41,Doctor,2024-01,6079.14,Groceries,625.45,4098.85,1980.29,32.58
14,41,Doctor,2024-01,6079.14,Transport,439.02,4098.85,1980.29,32.58
14,41,Doctor,2024-01,6079.14,Entertainment,266.13,4098.85,1980.29,32.58
14,41,Doctor,2024-01,6079.14,Utilities,356.61,4098.85,1980.29,32.58
14,41,Doctor,2024-01,6079.14,Healthcare,362.91,4098.85,1980.29,32.58
14,41,Doctor,2024-01,6079.14,Education,117.43,4098.85,1980.29,32.58
14,41,Doctor,2024-01,6079.14,Shopping,391.68,4098.85,1980.29,32.58
14,41,Doctor,2024-02,6346.09,Rent,2124.21,5255.54,1090.55,17.18
14,41,Doctor,2024-02,6346.09,Groceries,920.89,5255.54,1090.55,17.18
14,41,Doctor,2024-02,6346.09,Transport,595.69,5255.54,1090.55,17.18
14,41,Doctor,2024-02,6346.09,Entertainment,499.56,5255.54,1090.55,17.18
14,41,Doctor,2024-02,6346.09,Utilities,259.08,5255.54,1090.55,17.18
14,41,Doctor,2024-02,6346.09,Healthcare,340.1,5255.54,1090.55,17.18
14,41,Doctor,2024-02,6346.09,Education,238.54,5255.54,1090.55,17.18
14,41,Doctor,2024-02,6346.09,Shopping,277.46,5255.54,1090.55,17.18
14,41,Doctor,2024-03,6790.38,Rent,1798.21,4662.77,2127.62,31.33
14,41,Doctor,2024-03,6790.38,Groceries,909.76,4662.77,2127.62,31.33
14,41,Doctor,2024-03,6790.38,Transport,415.87,4662.77,2127.62,31.33
14,41,Doctor,2024-03,6790.38,Entertainment,350.17,4662.77,2127.62,31.33
14,41,Doctor,2024-03,6790.38,Utilities,418.12,4662.77,2127.62,31.33
14,41,Doctor,2024-03,6790.38,Healthcare,288.82,4662.77,2127.62,31.33
14,41,Doctor,2024-03,6790.38,Education,145.15,4662.77,2127.62,31.33
14,41,Doctor,2024-03,6790.38,Shopping,336.67,4662.77,2127.62,31.33
14,41,Doctor,2024-04,6694.53,Rent,1769.91,5224.48,1470.05,21.96
14,41,Doctor,2024-04,6694.53,Groceries,813.42,5224.48,1470.05,21.96
14,41,Doctor,2024-04,6694.53,Transport,637.24,5224.48,1470.05,21.96
14,41,Doctor,2024-04,6694.53,Entertainment,483.96,5224.48,1470.05,21.96
14,41,Doctor,2024-04,6694.53,Utilities,348.3,5224.48,1470.05,21.96
14,41,Doctor,2024-04,6694.53,Healthcare,338.24,5224.48,1470.05,21.96
14,41,Doctor,2024-04,6694.53,Education,275.53,5224.48,1470.05,21.96
14,41,Doctor,2024-04,6694.53,Shopping,557.88,5224.48,1470.05,21.96
14,41,Doctor,2024-05,6452.0,Rent,1744.92,4258.61,2193.39,34.0
14,41,Doctor,2024-05,6452.0,Groceries,727.56,4258.61,2193.39,34.0
14,41,Doctor,2024-05,6452.0,Transport,417.99,4258.61,2193.39,34.0
14,41,Doctor,2024-05,6452.0,Entertainment,385.12,4258.61,2193.39,34.0
14,41,Doctor,2024-05,6452.0,Utilities,264.43,4258.61,2193.39,34.0
14,41,Doctor,2024-05,6452.0,Healthcare,293.19,4258.61,2193.39,34.0
14,41,Doctor,2024-05,6452.0,Education,117.54,4258.61,2193.39,34.0
14,41,Doctor,2024-05,6452.0,Shopping,307.85,4258.61,2193.39,34.0
14,41,Doctor,2024-06,6727.26,Rent,1991.27,4940.15,1787.11,26.57
14,41,Doctor,2024-06,6727.26,Groceries,704.7,4940.15,1787.11,26.57
14,41,Doctor,2024-06,6727.26,Transport,614.45,4940.15,1787.11,26.57
14,41,Doctor,2024-06,6727.26,Entertainment,217.84,4940.15,1787.11,26.57
14,41,Doctor,2024-06,6727.26,Utilities,415.76,4940.15,1787.11,26.57
14,41,Doctor,2024-06,6727.26,Healthcare,342.8,4940.15,1787.11,26.57
14,41,Doctor,2024-06,6727.26,Education,118.6,4940.15,1787.11,26.57
14,41,Doctor,2024-06,6727.26,Shopping,534.73,4940.15,1787.11,26.57
14,41,Doctor,2024-07,6428.3,Rent,1904.89,4662.45,1765.85,27.47
14,41,Doctor,2024-07,6428.3,Groceries,657.42,4662.45,1765.85,27.47
14,41,Doctor,2024-07,6428.3,Transport,414.63,4662.45,1765.85,27.47
14,41,Doctor,2024-07,6428.3,Entertainment,492.09,4662.45,1765.85,27.47
14,41,Doctor,2024-07,6428.3,Utilities,332.69,4662.45,1765.85,27.47
14,41,Doctor,2024-07,6428.3,Healthcare,269.14,4662.45,1765.85,27.47
14,41,Doctor,2024-07,6428.3,Education,171.0,4662.45,1765.85,27.47
14,41,Doctor,2024-07,6428.3,Shopping,420.58,4662.45,1765.85,27.47
14,41,Doctor,2024-08,6054.99,Rent,1733.04,4103.06,1951.92,32.24
14,41,Doctor,2024-08,6054.99,Groceries,824.43,4103.06,1951.92,32.24
14,41,Doctor,2024-08,6054.99,Transport,363.47,4103.06,1951.92,32.24
14,41,Doctor,2024-08,6054.99,Entertainment,243.28,4103.06,1951.92,32.24
14,41,Doctor,2024-08,6054.99,Utilities,244.03,4103.06,1951.92,32.24
14,41,Doctor,2024-08,6054.99,Healthcare,227.06,4103.06,1951.92,32.24
14,41,Doctor,2024-08,6054.99,Education,267.25,4103.06,1951.92,32.24
14,41,Doctor,2024-08,6054.99,Shopping,200.51,4103.06,1951.92,32.24
14,41,Doctor,2024-09,6161.63,Rent,1731.47,4815.1,1346.53,21.85
14,41,Doctor,2024-09,6161.63,Groceries,841.59,4815.1,1346.53,21.85
14,41,Doctor,2024-09,6161.63,Transport,505.45,4815.1,1346.53,21.85
14,41,Doctor,2024-09,6161.63,Entertainment,312.99,4815.1,1346.53,21.85
14,41,Doctor,2024-09,6161.63,Utilities,386.78,4815.1,1346.53,21.85
14,41,Doctor,2024-09,6161.63,Healthcare,273.49,4815.1,1346.53,21.85
14,41,Doctor,2024-09,6161.63,Education,276.05,4815.1,1346.53,21.85
14,41,Doctor,2024-09,6161.63,Shopping,487.27,4815.1,1346.53,21.85
14,41,Doctor,2024-10,6212.33,Rent,1721.71,4422.56,1789.76,28.81
14,41,Doctor,2024-10,6212.33,Groceries,660.17,4422.56,1789.76,28.81
14,41,Doctor,2024-10,6212.33,Transport,415.28,4422.56,1789.76,28.81
14,41,Doctor,2024-10,6212.33,Entertainment,496.84,4422.56,1789.76,28.81
14,41,Doctor,2024-10,6212.33,Utilities,324.11,4422.56,1789.76,28.81
14,41,Doctor,2024-10,6212.33,Healthcare,179.04,4422.56,1789.76,28.81
14,41,Doctor,2024-10,6212.33,Education,236.84,4422.56,1789.76,28.81
14,41,Doctor,2024-10,6212.33,Shopping,388.57,4422.56,1789.76,28.81
14,41,Doctor,2024-11,6127.52,Rent,1765.15,4273.58,1853.94,30.26
14,41,Doctor,2024-11,6127.52,Groceries,739.74,4273.58,1853.94,30.26
14,41,Doctor,2024-11,6127.52,Transport,537.33,4273.58,1853.94,30.26
14,41,Doctor,2024-11,6127.52,Entertainment,190.16,4273.58,1853.94,30.26
14,41,Doctor,2024-11,6127.52,Utilities,294.55,4273.58,1853.94,30.26
14,41,Doctor,2024-11,6127.52,Healthcare,249.41,4273.58,1853.94,30.26
14,41,Doctor,2024-11,6127.52,Education,82.37,4273.58,1853.94,30.26
14,41,Doctor,2024-11,6127.52,Shopping,414.87,4273.58,1853.94,30.26
14,41,Doctor,2024-12,6400.54,Rent,1831.65,4707.71,1692.82,26.45
14,41,Doctor,2024-12,6400.54,Groceries,943.83,4707.71,1692.82,26.45
14,41,Doctor,2024-12,6400.54,Transport,522.33,4707.71,1692.82,26.45
14,41,Doctor,2024-12,6400.54,Entertainment,233.6,4707.71,1692.82,26.45
14,41,Doctor,2024-12,6400.54,Utilities,363.57,4707.71,1692.82,26.45
14,41,Doctor,2024-12,6400.54,Healthcare,327.89,4707.71,1692.82,26.45
14,41,Doctor,2024-12,6400.54,Education,226.74,4707.71,1692.82,26.45
14,41,Doctor,2024-12,6400.54,Shopping,258.1,4707.71,1692.82,26.45
14,41,Doctor,2025-01,6803.61,Rent,2006.26,4579.01,2224.61,32.7
14,41,Doctor,2025-01,6803.61,Groceries,734.46,4579.01,2224.61,32.7
14,41,Doctor,2025-01,6803.61,Transport,401.48,4579.01,2224.61,32.7
14,41,Doctor,2025-01,6803.61,Entertainment,237.53,4579.01,2224.61,32.7
14,41,Doctor,2025-01,6803.61,Utilities,436.15,4579.01,2224.61,32.7
14,41,Doctor,2025-01,6803.61,Healthcare,169.28,4579.01,2224.61,32.7
14,41,Doctor,2025-01,6803.61,Education,42.57,4579.01,2224.61,32.7
14,41,Doctor,2025-01,6803.61,Shopping,551.29,4579.01,2224.61,32.7
14,41,Doctor,2025-02,6287.75,Rent,1591.34,3908.04,2379.71,37.85
14,41,Doctor,2025-02,6287.75,Groceries,645.09,3908.04,2379.71,37.85
14,41,Doctor,2025-02,6287.75,Transport,359.08,3908.04,2379.71,37.85
14,41,Doctor,2025-02,6287.75,Entertainment,255.72,3908.04,2379.71,37.85
14,41,Doctor,2025-02,6287.75,Utilities,376.98,3908.04,2379.71,37.85
14,41,Doctor,2025-02,6287.75,Healthcare,165.32,3908.04,2379.71,37.85
14,41,Doctor,2025-02,6287.75,Education,37.37,3908.04,2379.71,37.85
14,41,Doctor,2025-02,6287.75,Shopping,477.13,3908.04,2379.71,37.85
14,41,Doctor,2025-03,6555.99,Rent,1924.39,4639.7,1916.29,29.23
14,41,Doctor,2025-03,6555.99,Groceries,835.66,4639.7,1916.29,29.23
14,41,Doctor,2025-03,6555.99,Transport,430.07,4639.7,1916.29,29.23
14,41,Doctor,2025-03,6555.99,Entertainment,354.84,4639.7,1916.29,29.23
14,41,Doctor,2025-03,6555.99,Utilities,361.89,4639.7,1916.29,29.23
14,41,Doctor,2025-03,6555.99,Healthcare,232.67,4639.7,1916.29,29.23
14,41,Doctor,2025-03,6555.99,Education,297.17,4639.7,1916.29,29.23
14,41,Doctor,2025-03,6555.99,Shopping,203.0,4639.7,1916.29,29.23
14,41,Doctor,2025-04,6647.29,Rent,1744.5,4905.61,1741.68,26.2
14,41,Doctor,2025-04,6647.29,Groceries,929.81,4905.61,1741.68,26.2
14,41,Doctor,2025-04,6647.29,Transport,537.07,4905.61,1741.68,26.2
14,41,Doctor,2025-04,6647.29,Entertainment,479.69,4905.61,1741.68,26.2
14,41,Doctor,2025-04,6647.29,Utilities,285.34,4905.61,1741.68,26.2
14,41,Doctor,2025-04,6647.29,Healthcare,281.57,4905.61,1741.68,26.2
14,41,Doctor,2025-04,6647.29,Education,166.54,4905.61,1741.68,26.2
14,41,Doctor,2025-04,6647.29,Shopping,481.07,4905.61,1741.68,26.2
14,41,Doctor,2025-05,6443.61,Rent,1959.33,4961.53,1482.08,23.0
14,41,Doctor,2025-05,6443.61,Groceries,782.77,4961.53,1482.08,23.0
14,41,Doctor,2025-05,6443.61,Transport,421.68,4961.53,1482.08,23.0
14,41,Doctor,2025-05,6443.61,Entertainment,348.68,4961.53,1482.08,23.0
14,41,Doctor,2025-05,6443.61,Utilities,280.65,4961.53,1482.08,23.0
14,41,Doctor,2025-05,6443.61,Healthcare,376.7,4961.53,1482.08,23.0
14,41,Doctor,2025-05,6443.61,Education,230.17,4961.53,1482.08,23.0
14,41,Doctor,2025-05,6443.61,Shopping,561.55,4961.53,1482.08,23.0
14,41,Doctor,2025-06,6190.89,Rent,2092.11,4859.63,1331.26,21.5
14,41,Doctor,2025-06,6190.89,Groceries,869.45,4859.63,1331.26,21.5
14,41,Doctor,2025-06,6190.89,Transport,519.15,4859.63,1331.26,21.5
14,41,Doctor,2025-06,6190.89,Entertainment,379.2,4859.63,1331.26,21.5
14,41,Doctor,2025-06,6190.89,Utilities,306.43,4859.63,1331.26,21.5
14,41,Doctor,2025-06,6190.89,Healthcare,325.99,4859.63,1331.26,21.5
14,41,Doctor,2025-06,6190.89,Education,155.24,4859.63,1331.26,21.5
14,41,Doctor,2025-06,6190.89,Shopping,212.06,4859.63,1331.26,21.5
14,41,Doctor,2025-07,6261.67,Rent,2151.07,4765.32,1496.35,23.9
14,41,Doctor,2025-07,6261.67,Groceries,892.5,4765.32,1496.35,23.9
14,41,Doctor,2025-07,6261.67,Transport,620.5,4765.32,1496.35,23.9
14,41,Doctor,2025-07,6261.67,Entertainment,384.46,4765.32,1496.35,23.9
14,41,Doctor,2025-07,6261.67,Utilities,296.96,4765.32,1496.35,23.9
14,41,Doctor,2025-07,6261.67,Healthcare,166.01,4765.32,1496.35,23.9
14,41,Doctor,2025-07,6261.67,Education,58.52,4765.32,1496.35,23.9
14,41,Doctor,2025-07,6261.67,Shopping,195.29,4765.32,1496.35,23.9
14,41,Doctor,2025-08,6325.61,Rent,1702.49,4505.54,1820.07,28.77
14,41,Doctor,2025-08,6325.61,Groceries,762.76,4505.54,1820.07,28.77
14,41,Doctor,2025-08,6325.61,Transport,612.0,4505.54,1820.07,28.77
14,41,Doctor,2025-08,6325.61,Entertainment,325.94,4505.54,1820.07,28.77
14,41,Doctor,2025-08,6325.61,Utilities,419.64,4505.54,1820.07,28.77
14,41,Doctor,2025-08,6325.61,Healthcare,279.72,4505.54,1820.07,28.77
14,41,Doctor,2025-08,6325.61,Education,78.16,4505.54,1820.07,28.77
14,41,Doctor,2025-08,6325.61,Shopping,324.83,4505.54,1820.07,28.77
14,41,Doctor,2025-09,6073.55,Rent,1720.92,4464.52,1609.03,26.49
14,41,Doctor,2025-09,6073.55,Groceries,813.11,4464.52,1609.03,26.49
14,41,Doctor,2025-09,6073.55,Transport,325.58,4464.52,1609.03,26.49
14,41,Doctor,2025-09,6073.55,Entertainment,244.58,4464.52,1609.03,26.49
14,41,Doctor,2025-09,6073.55,Utilities,312.44,4464.52,1609.03,26.49
14,41,Doctor,2025-09,6073.55,Healthcare,360.05,4464.52,1609.03,26.49
14,41,Doctor,2025-09,6073.55,Education,238.34,4464.52,1609.03,26.49
14,41,Doctor,2025-09,6073.55,Shopping,449.5,4464.52,1609.03,26.49
14,41,Doctor,2025-10,6100.07,Rent,2001.43,4945.75,1154.31,18.92
14,41,Doctor,2025-10,6100.07,Groceries,849.52,4945.75,1154.31,18.92
14,41,Doctor,2025-10,6100.07,Transport,488.34,4945.75,1154.31,18.92
14,41,Doctor,2025-10,6100.07,Entertainment,485.07,4945.75,1154.31,18.92
14,41,Doctor,2025-10,6100.07,Utilities,303.52,4945.75,1154.31,18.92
14,41,Doctor,2025-10,6100.07,Healthcare,351.67,4945.75,1154.31,18.92
14,41,Doctor,2025-10,6100.07,Education,279.0,4945.75,1154.31,18.92
14,41,Doctor,2025-10,6100.07,Shopping,187.2,4945.75,1154.31,18.92
14,41,Doctor,2025-11,6374.45,Rent,2216.46,4875.41,1499.04,23.52
14,41,Doctor,2025-11,6374.45,Groceries,670.31,4875.41,1499.04,23.52
14,41,Doctor,2025-11,6374.45,Transport,493.31,4875.41,1499.04,23.52
14,41,Doctor,2025-11,6374.45,Entertainment,503.25,4875.41,1499.04,23.52
14,41,Doctor,2025-11,6374.45,Utilities,361.21,4875.41,1499.04,23.52
14,41,Doctor,2025-11,6374.45,Healthcare,175.89,4875.41,1499.04,23.52
14,41,Doctor,2025-11,6374.45,Education,185.55,4875.41,1499.04,23.52
14,41,Doctor,2025-11,6374.45,Shopping,269.43,4875.41,1499.04,23.52
14,41,Doctor,2025-12,6431.63,Rent,1655.53,4531.44,1900.18,29.54
14,41,Doctor,2025-12,6431.63,Groceries,837.87,4531.44,1900.18,29.54
14,41,Doctor,2025-12,6431.63,Transport,487.77,4531.44,1900.18,29.54
14,41,Doctor,2025-12,6431.63,Entertainment,430.97,4531.44,1900.18,29.54
14,41,Doctor,2025-12,6431.63,Utilities,378.96,4531.44,1900.18,29.54
14,41,Doctor,2025-12,6431.63,Healthcare,270.03,4531.44,1900.18,29.54
14,41,Doctor,2025-12,6431.63,Education,221.82,4531.44,1900.18,29.54
14,41,Doctor,2025-12,6431.63,Shopping,248.5,4531.44,1900.18,29.54
15,48,Freelancer,2024-01,2802.67,Rent,875.45,2085.47,717.2,25.59
15,48,Freelancer,2024-01,2802.67,Groceries,371.14,2085.47,717.2,25.59
15,48,Freelancer,2024-01,2802.67,Transport,177.61,2085.47,717.2,25.59
15,48,Freelancer,2024-01,2802.67,Entertainment,86.2,2085.47,717.2,25.59
15,48,Freelancer,2024-01,2802.67,Utilities,193.25,2085.47,717.2,25.59
15,48,Freelancer,2024-01,2802.67,Healthcare,84.18,2085.47,717.2,25.59
15,48,Freelancer,2024-01,2802.67,Education,94.73,2085.47,717.2,25.59
15,48,Freelancer,2024-01,2802.67,Shopping,202.91,2085.47,717.2,25.59
15,48,Freelancer,2024-02,2806.55,Rent,789.46,2063.09,743.46,26.49
15,48,Freelancer,2024-02,2806.55,Groceries,318.7,2063.09,743.46,26.49
15,48,Freelancer,2024-02,2806.55,Transport,224.2,2063.09,743.46,26.49
15,48,Freelancer,2024-02,2806.55,Entertainment,205.73,2063.09,743.46,26.49
15,48,Freelancer,2024-02,2806.55,Utilities,191.97,2063.09,743.46,26.49
15,48,Freelancer,2024-02,2806.55,Healthcare,68.02,2063.09,743.46,26.49
15,48,Freelancer,2024-02,2806.55,Education,21.73,2063.09,743.46,26.49
15,48,Freelancer,2024-02,2806.55,Shopping,243.28,2063.09,743.46,26.49
15,48,Freelancer,2024-03,2851.4,Rent,964.63,2153.78,697.62,24.47
15,48,Freelancer,2024-03,2851.4,Groceries,314.03,2153.78,697.62,24.47
15,48,Freelancer,2024-03,2851.4,Transport,226.34,2153.78,697.62,24.47
15,48,Freelancer,2024-03,2851.4,Entertainment,185.5,2153.78,697.62,24.47
15,48,Freelancer,2024-03,2851.4,Utilities,172.23,2153.78,697.62,24.47
15,48,Freelancer,2024-03,2851.4,Healthcare,103.58,2153.78,697.62,24.47
15,48,Freelancer,2024-03,2851.4,Education,2.19,2153.78,697.62,24.47
15,48,Freelancer,2024-03,2851.4,Shopping,185.27,2153.78,697.62,24.47
15,48,Freelancer,2024-04,2680.04,Rent,790.68,2043.17,636.87,23.76
15,48,Freelancer,2024-04,2680.04,Groceries,396.32,2043.17,636.87,23.76
15,48,Freelancer,2024-04,2680.04,Transport,187.47,2043.17,636.87,23.76
15,48,Freelancer,2024-04,2680.04,Entertainment,192.94,2043.17,636.87,23.76
15,48,Freelancer,2024-04,2680.04,Utilities,122.36,2043.17,636.87,23.76
15,48,Freelancer,2024-04,2680.04,Healthcare,125.69,2043.17,636.87,23.76
15,48,Freelancer,2024-04,2680.04,Education,130.92,2043.17,636.87,23.76
15,48,Freelancer,2024-04,2680.04,Shopping,96.79,2043.17,636.87,23.76
15,48,Freelancer,2024-05,2593.28,Rent,760.76,1918.07,675.21,26.04
15,48,Freelancer,2024-05,2593.28,Groceries,271.34,1918.07,675.21,26.04
15,48,Freelancer,2024-05,2593.28,Transport,226.7,1918.07,675.21,26.04
15,48,Freelancer,2024-05,2593.28,Entertainment,196.38,1918.07,675.21,26.04
15,48,Freelancer,2024-05,2593.28,Utilities,137.5,1918.07,675.21,26.04
15,48,Freelancer,2024-05,2593.28,Healthcare,78.7,1918.07,675.21,26.04
15,48,Freelancer,2024-05,2593.28,Education,56.33,1918.07,675.21,26.04
15,48,Freelancer,2024-05,2593.28,Shopping,190.36,1918.07,675.21,26.04
15,48,Freelancer,2024-06,2593.54,Rent,801.26,1922.55,670.99,25.87
15,48,Freelancer,2024-06,2593.54,Groceries,338.88,1922.55,670.99,25.87
15,48,Freelancer,2024-06,2593.54,Transport,212.37,1922.55,670.99,25.87
15,48,Freelancer,2024-06,2593.54,Entertainment,109.19,1922.55,670.99,25.87
15,48,Freelancer,2024-06,2593.54,Utilities,159.3,1922.55,670.99,25.87
15,48,Freelancer,2024-06,2593.54,Healthcare,61.35,1922.55,670.99,25.87
15,48,Freelancer,2024-06,2593.54,Education,25.84,1922.55,670.99,25.87
15,48,Freelancer,2024-06,2593.54,Shopping,214.35,1922.55,670.99,25.87
15,48,Freelancer,2024-07,2852.18,Rent,716.97,1810.83,1041.35,36.51
15,48,Freelancer,2024-07,2852.18,Groceries,320.64,1810.83,1041.35,36.51
15,48,Freelancer,2024-07,2852.18,Transport,173.19,1810.83,1041.35,36.51
15,48,Freelancer,2024-07,2852.18,Entertainment,124.18,1810.83,1041.35,36.51
15,48,Freelancer,2024-07,2852.18,Utilities,135.27,1810.83,1041.35,36.51
15,48,Freelancer,2024-07,2852.18,Healthcare,64.18,1810.83,1041.35,36.51
15,48,Freelancer,2024-07,2852.18,Education,65.45,1810.83,1041.35,36.51
15,48,Freelancer,2024-07,2852.18,Shopping,210.96,1810.83,1041.35,36.51
15,48,Freelancer,2024-08,2805.39,Rent,890.12,2292.59,512.81,18.28
15,48,Freelancer,2024-08,2805.39,Groceries,291.92,2292.59,512.81,18.28
15,48,Freelancer,2024-08,2805.39,Transport,273.73,2292.59,512.81,18.28
15,48,Freelancer,2024-08,2805.39,Entertainment,201.78,2292.59,512.81,18.28
15,48,Freelancer,2024-08,2805.39,Utilities,179.97,2292.59,512.81,18.28
15,48,Freelancer,2024-08,2805.39,Healthcare,148.46,2292.59,512.81,18.28
15,48,Freelancer,2024-08,2805.39,Education,130.83,2292.59,512.81,18.28
15,48,Freelancer,2024-08,2805.39,Shopping,175.77,2292.59,512.81,18.28
15,48,Freelancer,2024-09,2661.32,Rent,829.48,2075.28,586.04,22.02
15,48,Freelancer,2024-09,2661.32,Groceries,364.98,2075.28,586.04,22.02
15,48,Freelancer,2024-09,2661.32,Transport,231.26,2075.28,586.04,22.02
15,48,Freelancer,2024-09,2661.32,Entertainment,149.23,2075.28,586.04,22.02
15,48,Freelancer,2024-09,2661.32,Utilities,111.92,2075.28,586.04,22.02
15,48,Freelancer,2024-09,2661.32,Healthcare,92.73,2075.28,586.04,22.02
15,48,Freelancer,2024-09,2661.32,Education,122.52,2075.28,586.04,22.02
15,48,Freelancer,2024-09,2661.32,Shopping,173.16,2075.28,586.04,22.02
15,48,Freelancer,2024-10,2781.15,Rent,770.06,2034.71,746.43,26.84
15,48,Freelancer,2024-10,2781.15,Groceries,329.35,2034.71,746.43,26.84
15,48,Freelancer,2024-10,2781.15,Transport,263.56,2034.71,746.43,26.84
15,48,Freelancer,2024-10,2781.15,Entertainment,176.11,2034.71,746.43,26.84
15,48,Freelancer,2024-10,2781.15,Utilities,176.94,2034.71,746.43,26.84
15,48,Freelancer,2024-10,2781.15,Healthcare,106.17,2034.71,746.43,26.84
15,48,Freelancer,2024-10,2781.15,Education,87.64,2034.71,746.43,26.84
15,48,Freelancer,2024-10,2781.15,Shopping,124.88,2034.71,746.43,26.84
15,48,Freelancer,2024-11,2840.39,Rent,831.55,2102.83,737.56,25.97
15,48,Freelancer,2024-11,2840.39,Groceries,346.89,2102.83,737.56,25.97
15,48,Freelancer,2024-11,2840.39,Transport,234.24,2102.83,737.56,25.97
15,48,Freelancer,2024-11,2840.39,Entertainment,218.18,2102.83,737.56,25.97
15,48,Freelancer,2024-11,2840.39,Utilities,119.07,2102.83,737.56,25.97
15,48,Freelancer,2024-11,2840.39,Healthcare,150.51,2102.83,737.56,25.97
15,48,Freelancer,2024-11,2840.39,Education,41.52,2102.83,737.56,25.97
15,48,Freelancer,2024-11,2840.39,Shopping,160.87,2102.83,737.56,25.97
15,48,Freelancer,2024-12,2598.09,Rent,727.74,1811.99,786.1,30.26
15,48,Freelancer,2024-12,2598.09,Groceries,325.1,1811.99,786.1,30.26
15,48,Freelancer,2024-12,2598.09,Transport,137.2,1811.99,786.1,30.26
15,48,Freelancer,2024-12,2598.09,Entertainment,141.74,1811.99,786.1,30.26
15,48,Freelancer,2024-12,2598.09,Utilities,176.19,1811.99,786.1,30.26
15,48,Freelancer,2024-12,2598.09,Healthcare,62.91,1811.99,786.1,30.26
15,48,Freelancer,2024-12,2598.09,Education,99.3,1811.99,786.1,30.26
15,48,Freelancer,2024-12,2598.09,Shopping,141.8,1811.99,786.1,30.26
15,48,Freelancer,2025-01,2822.56,Rent,779.09,1949.31,873.26,30.94
15,48,Freelancer,2025-01,2822.56,Groceries,304.77,1949.31,873.26,30.94
15,48,Freelancer,2025-01,2822.56,Transport,163.77,1949.31,873.26,30.94
15,48,Freelancer,2025-01,2822.56,Entertainment,94.63,1949.31,873.26,30.94
15,48,Freelancer,2025-01,2822.56,Utilities,128.62,1949.31,873.26,30.94
15,48,Freelancer,2025-01,2822.56,Healthcare,131.44,1949.31,873.26,30.94
15,48,Freelancer,2025-01,2822.56,Education,124.43,1949.31,873.26,30.94
15,48,Freelancer,2025-01,2822.56,Shopping,222.55,1949.31,873.26,30.94
15,48,Freelancer,2025-02,2833.18,Rent,739.58,1839.97,993.22,35.06
15,48,Freelancer,2025-02,2833.18,Groceries,324.28,1839.97,993.22,35.06
15,48,Freelancer,2025-02,2833.18,Transport,185.55,1839.97,993.22,35.06
15,48,Freelancer,2025-02,2833.18,Entertainment,120.4,1839.97,993.22,35.06
15,48,Freelancer,2025-02,2833.18,Utilities,157.1,1839.97,993.22,35.06
15,48,Freelancer,2025-02,2833.18,Healthcare,117.36,1839.97,993.22,35.06
15,48,Freelancer,2025-02,2833.18,Education,50.56,1839.97,993.22,35.06
15,48,Freelancer,2025-02,2833.18,Shopping,145.14,1839.97,993.22,35.06
15,48,Freelancer,2025-03,2884.02,Rent,948.64,2345.8,538.22,18.66
15,48,Freelancer,2025-03,2884.02,Groceries,332.79,2345.8,538.22,18.66
15,48,Freelancer,2025-03,2884.02,Transport,275.97,2345.8,538.22,18.66
15,48,Freelancer,2025-03,2884.02,Entertainment,223.92,2345.8,538.22,18.66
15,48,Freelancer,2025-03,2884.02,Utilities,143.63,2345.8,538.22,18.66
15,48,Freelancer,2025-03,2884.02,Healthcare,98.57,2345.8,538.22,18.66
15,48,Freelancer,2025-03,2884.02,Education,72.91,2345.8,538.22,18.66
15,48,Freelancer,2025-03,2884.02,Shopping,249.37,2345.8,538.22,18.66
15,48,Freelancer,2025-04,2900.95,Rent,754.99,2109.02,791.93,27.3
15,48,Freelancer,2025-04,2900.95,Groceries,347.06,2109.02,791.93,27.3
15,48,Freelancer,2025-04,2900.95,Transport,225.31,2109.02,791.93,27.3
15,48,Freelancer,2025-04,2900.95,Entertainment,160.01,2109.02,791.93,27.3
15,48,Freelancer,2025-04,2900.95,Utilities,132.91,2109.02,791.93,27.3
15,48,Freelancer,2025-04,2900.95,Healthcare,157.67,2109.02,791.93,27.3
15,48,Freelancer,2025-04,2900.95,Education,98.19,2109.02,791.93,27.3
15,48,Freelancer,2025-04,2900.95,Shopping,232.87,2109.02,791.93,27.3
15,48,Freelancer,2025-05,2894.73,Rent,940.31,2116.61,778.12,26.88
15,48,Freelancer,2025-05,2894.73,Groceries,353.04,2116.61,778.12,26.88
15,48,Freelancer,2025-05,2894.73,Transport,233.1,2116.61,778.12,26.88
15,48,Freelancer,2025-05,2894.73,Entertainment,110.05,2116.61,778.12,26.88
15,48,Freelancer,2025-05,2894.73,Utilities,174.29,2116.61,778.12,26.88
15,48,Freelancer,2025-05,2894.73,Healthcare,78.65,2116.61,778.12,26.88
15,48,Freelancer,2025-05,2894.73,Education,100.44,2116.61,778.12,26.88
15,48,Freelancer,2025-05,2894.73,Shopping,126.72,2116.61,778.12,26.88
15,48,Freelancer,2025-06,2631.99,Rent,701.5,1675.04,956.96,36.36
15,48,Freelancer,2025-06,2631.99,Groceries,263.46,1675.04,956.96,36.36
15,48,Freelancer,2025-06,2631.99,Transport,226.19,1675.04,956.96,36.36
15,48,Freelancer,2025-06,2631.99,Entertainment,175.34,1675.04,956.96,36.36
15,48,Freelancer,2025-06,2631.99,Utilities,145.94,1675.04,956.96,36.36
15,48,Freelancer,2025-06,2631.99,Healthcare,69.63,1675.04,956.96,36.36
15,48,Freelancer,2025-06,2631.99,Education,11.0,1675.04,956.96,36.36
15,48,Freelancer,2025-06,2631.99,Shopping,81.98,1675.04,956.96,36.36
15,48,Freelancer,2025-07,2649.08,Rent,898.26,1898.57,750.51,28.33
15,48,Freelancer,2025-07,2649.08,Groceries,296.9,1898.57,750.51,28.33
15,48,Freelancer,2025-07,2649.08,Transport,179.38,1898.57,750.51,28.33
15,48,Freelancer,2025-07,2649.08,Entertainment,93.43,1898.57,750.51,28.33
15,48,Freelancer,2025-07,2649.08,Utilities,123.63,1898.57,750.51,28.33
15,48,Freelancer,2025-07,2649.08,Healthcare,108.0,1898.57,750.51,28.33
15,48,Freelancer,2025-07,2649.08,Education,80.5,1898.57,750.51,28.33
15,48,Freelancer,2025-07,2649.08,Shopping,118.47,1898.57,750.51,28.33
15,48,Freelancer,2025-08,2610.79,Rent,754.79,1872.13,738.66,28.29
15,48,Freelancer,2025-08,2610.79,Groceries,291.65,1872.13,738.66,28.29
15,48,Freelancer,2025-08,2610.79,Transport,159.2,1872.13,738.66,28.29
15,48,Freelancer,2025-08,2610.79,Entertainment,203.62,1872.13,738.66,28.29
15,48,Freelancer,2025-08,2610.79,Utilities,152.7,1872.13,738.66,28.29
15,48,Freelancer,2025-08,2610.79,Healthcare,110.37,1872.13,738.66,28.29
15,48,Freelancer,2025-08,2610.79,Education,54.28,1872.13,738.66,28.29
15,48,Freelancer,2025-08,2610.79,Shopping,145.52,1872.13,738.66,28.29
15,48,Freelancer,2025-09,2782.06,Rent,889.27,2139.52,642.54,23.1
15,48,Freelancer,2025-09,2782.06,Groceries,375.88,2139.52,642.54,23.1
15,48,Freelancer,2025-09,2782.06,Transport,162.99,2139.52,642.54,23.1
15,48,Freelancer,2025-09,2782.06,Entertainment,153.03,2139.52,642.54,23.1
15,48,Freelancer,2025-09,2782.06,Utilities,145.67,2139.52,642.54,23.1
15,48,Freelancer,2025-09,2782.06,Healthcare,152.52,2139.52,642.54,23.1
15,48,Freelancer,2025-09,2782.06,Education,87.83,2139.52,642.54,23.1
15,48,Freelancer,2025-09,2782.06,Shopping,172.35,2139.52,642.54,23.1
15,48,Freelancer,2025-10,2631.23,Rent,817.16,1875.47,755.76,28.72
15,48,Freelancer,2025-10,2631.23,Groceries,278.54,1875.47,755.76,28.72
15,48,Freelancer,2025-10,2631.23,Transport,175.92,1875.47,755.76,28.72
15,48,Freelancer,2025-10,2631.23,Entertainment,97.73,1875.47,755.76,28.72
15,48,Freelancer,2025-10,2631.23,Utilities,159.88,1875.47,755.76,28.72
15,48,Freelancer,2025-10,2631.23,Healthcare,74.33,1875.47,755.76,28.72
15,48,Freelancer,2025-10,2631.23,Education,51.55,1875.47,755.76,28.72
15,48,Freelancer,2025-10,2631.23,Shopping,220.34,1875.47,755.76,28.72
15,48,Freelancer,2025-11,2662.75,Rent,800.9,1914.7,748.05,28.09
15,48,Freelancer,2025-11,2662.75,Groceries,322.1,1914.7,748.05,28.09
15,48,Freelancer,2025-11,2662.75,Transport,135.55,1914.7,748.05,28.09
15,48,Freelancer,2025-11,2662.75,Entertainment,185.43,1914.7,748.05,28.09
15,48,Freelancer,2025-11,2662.75,Utilities,112.03,1914.7,748.05,28.09
15,48,Freelancer,2025-11,2662.75,Healthcare,103.77,1914.7,748.05,28.09
15,48,Freelancer,2025-11,2662.75,Education,74.65,1914.7,748.05,28.09
15,48,Freelancer,2025-11,2662.75,Shopping,180.28,1914.7,748.05,28.09
15,48,Freelancer,2025-12,2834.42,Rent,780.39,2091.78,742.64,26.2
15,48,Freelancer,2025-12,2834.42,Groceries,284.86,2091.78,742.64,26.2
15,48,Freelancer,2025-12,2834.42,Transport,244.25,2091.78,742.64,26.2
15,48,Freelancer,2025-12,2834.42,Entertainment,160.95,2091.78,742.64,26.2
15,48,Freelancer,2025-12,2834.42,Utilities,184.47,2091.78,742.64,26.2
15,48,Freelancer,2025-12,2834.42,Healthcare,149.81,2091.78,742.64,26.2
15,48,Freelancer,2025-12,2834.42,Education,119.52,2091.78,742.64,26.2
15,48,Freelancer,2025-12,2834.42,Shopping,167.53,2091.78,742.64,26.2
16,28,Doctor,2024-01,5915.0,Rent,1587.26,4498.97,1416.03,23.94
16,28,Doctor,2024-01,5915.0,Groceries,844.36,4498.97,1416.03,23.94
16,28,Doctor,2024-01,5915.0,Transport,556.77,4498.97,1416.03,23.94
16,28,Doctor,2024-01,5915.0,Entertainment,315.36,4498.97,1416.03,23.94
16,28,Doctor,2024-01,5915.0,Utilities,250.03,4498.97,1416.03,23.94
16,28,Doctor,2024-01,5915.0,Healthcare,210.06,4498.97,1416.03,23.94
16,28,Doctor,2024-01,5915.0,Education,237.65,4498.97,1416.03,23.94
16,28,Doctor,2024-01,5915.0,Shopping,497.49,4498.97,1416.03,23.94
16,28,Doctor,2024-02,5726.08,Rent,1469.87,3926.32,1799.76,31.43
16,28,Doctor,2024-02,5726.08,Groceries,823.8,3926.32,1799.76,31.43
16,28,Doctor,2024-02,5726.08,Transport,397.79,3926.32,1799.76,31.43
16,28,Doctor,2024-02,5726.08,Entertainment,326.89,3926.32,1799.76,31.43
16,28,Doctor,2024-02,5726.08,Utilities,395.34,3926.32,1799.76,31.43
16,28,Doctor,2024-02,5726.08,Healthcare,129.77,3926.32,1799.76,31.43
16,28,Doctor,2024-02,5726.08,Education,185.62,3926.32,1799.76,31.43
16,28,Doctor,2024-02,5726.08,Shopping,197.24,3926.32,1799.76,31.43
16,28,Doctor,2024-03,5857.2,Rent,1935.11,4440.84,1416.36,24.18
16,28,Doctor,2024-03,5857.2,Groceries,712.67,4440.84,1416.36,24.18
16,28,Doctor,2024-03,5857.2,Transport,584.89,4440.84,1416.36,24.18
16,28,Doctor,2024-03,5857.2,Entertainment,339.44,4440.84,1416.36,24.18
16,28,Doctor,2024-03,5857.2,Utilities,290.72,4440.84,1416.36,24.18
16,28,Doctor,2024-03,5857.2,Healthcare,168.71,4440.84,1416.36,24.18
16,28,Doctor,2024-03,5857.2,Education,102.65,4440.84,1416.36,24.18
16,28,Doctor,2024-03,5857.2,Shopping,306.64,4440.84,1416.36,24.18
16,28,Doctor,2024-04,5623.35,Rent,1613.66,4056.26,1567.09,27.87
16,28,Doctor,2024-04,5623.35,Groceries,692.86,4056.26,1567.09,27.87
16,28,Doctor,2024-04,5623.35,Transport,484.38,4056.26,1567.09,27.87
16,28,Doctor,2024-04,5623.35,Entertainment,353.35,4056.26,1567.09,27.87
16,28,Doctor,2024-04,5623.35,Utilities,344.5,4056.26,1567.09,27.87
16,28,Doctor,2024-04,5623.35,Healthcare,114.35,4056.26,1567.09,27.87
16,28,Doctor,2024-04,5623.35,Education,61.2,4056.26,1567.09,27.87
16,28,Doctor,2024-04,5623.35,Shopping,391.95,4056.26,1567.09,27.87
16,28,Doctor,2024-05,5939.93,Rent,1488.14,4369.27,1570.66,26.44
16,28,Doctor,2024-05,5939.93,Groceries,832.93,4369.27,1570.66,26.44
16,28,Doctor,2024-05,5939.93,Transport,526.52,4369.27,1570.66,26.44
16,28,Doctor,2024-05,5939.93,Entertainment,341.08,4369.27,1570.66,26.44
16,28,Doctor,2024-05,5939.93,Utilities,249.44,4369.27,1570.66,26.44
16,28,Doctor,2024-05,5939.93,Healthcare,300.92,4369.27,1570.66,26.44
16,28,Doctor,2024-05,5939.93,Education,173.36,4369.27,1570.66,26.44
16,28,Doctor,2024-05,5939.93,Shopping,456.89,4369.27,1570.66,26.44
16,28,Doctor,2024-06,6144.05,Rent,2029.38,4517.55,1626.51,26.47
16,28,Doctor,2024-06,6144.05,Groceries,773.54,4517.55,1626.51,26.47
16,28,Doctor,2024-06,6144.05,Transport,350.31,4517.55,1626.51,26.47
16,28,Doctor,2024-06,6144.05,Entertainment,390.5,4517.55,1626.51,26.47
16,28,Doctor,2024-06,6144.05,Utilities,360.13,4517.55,1626.51,26.47
16,28,Doctor,2024-06,6144.05,Healthcare,305.3,4517.55,1626.51,26.47
16,28,Doctor,2024-06,6144.05,Education,52.19,4517.55,1626.51,26.47
16,28,Doctor,2024-06,6144.05,Shopping,256.2,4517.55,1626.51,26.47
16,28,Doctor,2024-07,6249.76,Rent,2031.16,5189.02,1060.74,16.97
16,28,Doctor,2024-07,6249.76,Groceries,908.79,5189.02,1060.74,16.97
16,28,Doctor,2024-07,6249.76,Transport,549.58,5189.02,1060.74,16.97
16,28,Doctor,2024-07,6249.76,Entertainment,374.1,5189.02,1060.74,16.97
16,28,Doctor,2024-07,6249.76,Utilities,372.64,5189.02,1060.74,16.97
16,28,Doctor,2024-07,6249.76,Healthcare,347.27,5189.02,1060.74,16.97
16,28,Doctor,2024-07,6249.76,Education,180.87,5189.02,1060.74,16.97
16,28,Doctor,2024-07,6249.76,Shopping,424.63,5189.02,1060.74,16.97
16,28,Doctor,2024-08,5690.25,Rent,1692.24,3881.8,1808.46,31.78
16,28,Doctor,2024-08,5690.25,Groceries,772.85,3881.8,1808.46,31.78
16,28,Doctor,2024-08,5690.25,Transport,361.6,3881.8,1808.46,31.78
16,28,Doctor,2024-08,5690.25,Entertainment,228.25,3881.8,1808.46,31.78
16,28,Doctor,2024-08,5690.25,Utilities,281.18,3881.8,1808.46,31.78
16,28,Doctor,2024-08,5690.25,Healthcare,168.77,3881.8,1808.46,31.78
16,28,Doctor,2024-08,5690.25,Education,61.15,3881.8,1808.46,31.78
16,28,Doctor,2024-08,5690.25,Shopping,315.76,3881.8,1808.46,31.78
16,28,Doctor,2024-09,6263.05,Rent,1883.34,4658.87,1604.18,25.61
16,28,Doctor,2024-09,6263.05,Groceries,685.15,4658.87,1604.18,25.61
16,28,Doctor,2024-09,6263.05,Transport,337.26,4658.87,1604.18,25.61
16,28,Doctor,2024-09,6263.05,Entertainment,405.89,4658.87,1604.18,25.61
16,28,Doctor,2024-09,6263.05,Utilities,322.45,4658.87,1604.18,25.61
16,28,Doctor,2024-09,6263.05,Healthcare,331.15,4658.87,1604.18,25.61
16,28,Doctor,2024-09,6263.05,Education,206.53,4658.87,1604.18,25.61
16,28,Doctor,2024-09,6263.05,Shopping,487.11,4658.87,1604.18,25.61
16,28,Doctor,2024-10,5778.28,Rent,1844.63,4350.77,1427.51,24.7
16,28,Doctor,2024-10,5778.28,Groceries,654.12,4350.77,1427.51,24.7
16,28,Doctor,2024-10,5778.28,Transport,560.22,4350.77,1427.51,24.7
16,28,Doctor,2024-10,5778.28,Entertainment,357.21,4350.77,1427.51,24.7
16,28,Doctor,2024-10,5778.28,Utilities,287.38,4350.77,1427.51,24.7
16,28,Doctor,2024-10,5778.28,Healthcare,177.86,4350.77,1427.51,24.7
16,28,Doctor,2024-10,5778.28,Education,55.16,4350.77,1427.51,24.7
16,28,Doctor,2024-10,5778.28,Shopping,414.18,4350.77,1427.51,24.7
16,28,Doctor,2024-11,5737.7,Rent,1775.99,4217.62,1520.08,26.49
16,28,Doctor,2024-11,5737.7,Groceries,649.69,4217.62,1520.08,26.49
16,28,Doctor,2024-11,5737.7,Transport,476.79,4217.62,1520.08,26.49
16,28,Doctor,2024-11,5737.7,Entertainment,405.92,4217.62,1520.08,26.49
16,28,Doctor,2024-11,5737.7,Utilities,363.43,4217.62,1520.08,26.49
16,28,Doctor,2024-11,5737.7,Healthcare,289.38,4217.62,1520.08,26.49
16,28,Doctor,2024-11,5737.7,Education,53.85,4217.62,1520.08,26.49
16,28,Doctor,2024-11,5737.7,Shopping,202.56,4217.62,1520.08,26.49
16,28,Doctor,2024-12,6103.8,Rent,1750.78,4118.7,1985.1,32.52
16,28,Doctor,2024-12,6103.8,Groceries,742.33,4118.7,1985.1,32.52
16,28,Doctor,2024-12,6103.8,Transport,314.7,4118.7,1985.1,32.52
16,28,Doctor,2024-12,6103.8,Entertainment,262.33,4118.7,1985.1,32.52
16,28,Doctor,2024-12,6103.8,Utilities,250.32,4118.7,1985.1,32.52
16,28,Doctor,2024-12,6103.8,Healthcare,336.73,4118.7,1985.1,32.52
16,28,Doctor,2024-12,6103.8,Education,74.28,4118.7,1985.1,32.52
16,28,Doctor,2024-12,6103.8,Shopping,387.23,4118.7,1985.1,32.52
16,28,Doctor,2025-01,5600.68,Rent,1773.65,4689.27,911.41,16.27
16,28,Doctor,2025-01,5600.68,Groceries,650.53,4689.27,911.41,16.27
16,28,Doctor,2025-01,5600.68,Transport,531.48,4689.27,911.41,16.27
16,28,Doctor,2025-01,5600.68,Entertainment,416.72,4689.27,911.41,16.27
16,28,Doctor,2025-01,5600.68,Utilities,278.68,4689.27,911.41,16.27
16,28,Doctor,2025-01,5600.68,Healthcare,313.85,4689.27,911.41,16.27
16,28,Doctor,2025-01,5600.68,Education,278.96,4689.27,911.41,16.27
16,28,Doctor,2025-01,5600.68,Shopping,445.39,4689.27,911.41,16.27
16,28,Doctor,2025-02,6215.05,Rent,1708.52,4416.95,1798.1,28.93
16,28,Doctor,2025-02,6215.05,Groceries,800.72,4416.95,1798.1,28.93
16,28,Doctor,2025-02,6215.05,Transport,331.65,4416.95,1798.1,28.93
16,28,Doctor,2025-02,6215.05,Entertainment,215.95,4416.95,1798.1,28.93
16,28,Doctor,2025-02,6215.05,Utilities,434.85,4416.95,1798.1,28.93
16,28,Doctor,2025-02,6215.05,Healthcare,205.5,4416.95,1798.1,28.93
16,28,Doctor,2025-02,6215.05,Education,232.5,4416.95,1798.1,28.93
16,28,Doctor,2025-02,6215.05,Shopping,487.26,4416.95,1798.1,28.93
16,28,Doctor,2025-03,6225.07,Rent,2177.3,4508.57,1716.5,27.57
16,28,Doctor,2025-03,6225.07,Groceries,697.67,4508.57,1716.5,27.57
16,28,Doctor,2025-03,6225.07,Transport,323.81,4508.57,1716.5,27.57
16,28,Doctor,2025-03,6225.07,Entertainment,314.74,4508.57,1716.5,27.57
16,28,Doctor,2025-03,6225.07,Utilities,273.3,4508.57,1716.5,27.57
16,28,Doctor,2025-03,6225.07,Healthcare,130.09,4508.57,1716.5,27.57
16,28,Doctor,2025-03,6225.07,Education,112.18,4508.57,1716.5,27.57
16,28,Doctor,2025-03,6225.07,Shopping,479.48,4508.57,1716.5,27.57
16,28,Doctor,2025-04,6002.59,Rent,1688.39,4109.65,1892.94,31.54
16,28,Doctor,2025-04,6002.59,Groceries,796.65,4109.65,1892.94,31.54
16,28,Doctor,2025-04,6002.59,Transport,369.76,4109.65,1892.94,31.54
16,28,Doctor,2025-04,6002.59,Entertainment,184.39,4109.65,1892.94,31.54
16,28,Doctor,2025-04,6002.59,Utilities,377.75,4109.65,1892.94,31.54
16,28,Doctor,2025-04,6002.59,Healthcare,269.81,4109.65,1892.94,31.54
16,28,Doctor,2025-04,6002.59,Education,228.79,4109.65,1892.94,31.54
16,28,Doctor,2025-04,6002.59,Shopping,194.1,4109.65,1892.94,31.54
16,28,Doctor,2025-05,6209.14,Rent,1936.96,5093.72,1115.42,17.96
16,28,Doctor,2025-05,6209.14,Groceries,795.82,5093.72,1115.42,17.96
16,28,Doctor,2025-05,6209.14,Transport,504.37,5093.72,1115.42,17.96
16,28,Doctor,2025-05,6209.14,Entertainment,454.64,5093.72,1115.42,17.96
16,28,Doctor,2025-05,6209.14,Utilities,357.7,5093.72,1115.42,17.96
16,28,Doctor,2025-05,6209.14,Healthcare,268.47,5093.72,1115.42,17.96
16,28,Doctor,2025-05,6209.14,Education,307.56,5093.72,1115.42,17.96
16,28,Doctor,2025-05,6209.14,Shopping,468.19,5093.72,1115.42,17.96
16,28,Doctor,2025-06,5908.14,Rent,1894.98,4521.23,1386.91,23.47
16,28,Doctor,2025-06,5908.14,Groceries,705.8,4521.23,1386.91,23.47
16,28,Doctor,2025-06,5908.14,Transport,363.02,4521.23,1386.91,23.47
16,28,Doctor,2025-06,5908.14,Entertainment,353.56,4521.23,1386.91,23.47
16,28,Doctor,2025-06,5908.14,Utilities,400.84,4521.23,1386.91,23.47
16,28,Doctor,2025-06,5908.14,Healthcare,337.74,4521.23,1386.91,23.47
16,28,Doctor,2025-06,5908.14,Education,101.0,4521.23,1386.91,23.47
16,28,Doctor,2025-06,5908.14,Shopping,364.3,4521.23,1386.91,23.47
16,28,Doctor,2025-07,5732.3,Rent,2003.8,4680.13,1052.18,18.36
16,28,Doctor,2025-07,5732.3,Groceries,854.43,4680.13,1052.18,18.36
16,28,Doctor,2025-07,5732.3,Transport,472.77,4680.13,1052.18,18.36
16,28,Doctor,2025-07,5732.3,Entertainment,402.53,4680.13,1052.18,18.36
16,28,Doctor,2025-07,5732.3,Utilities,352.27,4680.13,1052.18,18.36
16,28,Doctor,2025-07,5732.3,Healthcare,250.65,4680.13,1052.18,18.36
16,28,Doctor,2025-07,5732.3,Education,15.29,4680.13,1052.18,18.36
16,28,Doctor,2025-07,5732.3,Shopping,328.38,4680.13,1052.18,18.36
16,28,Doctor,2025-08,6085.38,Rent,1933.65,4736.15,1349.23,22.17
16,28,Doctor,2025-08,6085.38,Groceries,722.07,4736.15,1349.23,22.17
16,28,Doctor,2025-08,6085.38,Transport,590.8,4736.15,1349.23,22.17
16,28,Doctor,2025-08,6085.38,Entertainment,233.48,4736.15,1349.23,22.17
16,28,Doctor,2025-08,6085.38,Utilities,334.76,4736.15,1349.23,22.17
16,28,Doctor,2025-08,6085.38,Healthcare,289.88,4736.15,1349.23,22.17
16,28,Doctor,2025-08,6085.38,Education,212.12,4736.15,1349.23,22.17
16,28,Doctor,2025-08,6085.38,Shopping,419.39,4736.15,1349.23,22.17
16,28,Doctor,2025-09,5780.83,Rent,1535.51,4216.2,1564.63,27.07
16,28,Doctor,2025-09,5780.83,Groceries,761.9,4216.2,1564.63,27.07
16,28,Doctor,2025-09,5780.83,Transport,462.26,4216.2,1564.63,27.07
16,28,Doctor,2025-09,5780.83,Entertainment,225.27,4216.2,1564.63,27.07
16,28,Doctor,2025-09,5780.83,Utilities,353.52,4216.2,1564.63,27.07
16,28,Doctor,2025-09,5780.83,Healthcare,220.87,4216.2,1564.63,27.07
16,28,Doctor,2025-09,5780.83,Education,193.01,4216.2,1564.63,27.07
16,28,Doctor,2025-09,5780.83,Shopping,463.87,4216.2,1564.63,27.07
16,28,Doctor,2025-10,5700.36,Rent,1436.0,4353.91,1346.45,23.62
16,28,Doctor,2025-10,5700.36,Groceries,792.09,4353.91,1346.45,23.62
16,28,Doctor,2025-10,5700.36,Transport,458.79,4353.91,1346.45,23.62
16,28,Doctor,2025-10,5700.36,Entertainment,370.42,4353.91,1346.45,23.62
16,28,Doctor,2025-10,5700.36,Utilities,371.35,4353.91,1346.45,23.62
16,28,Doctor,2025-10,5700.36,Healthcare,297.06,4353.91,1346.45,23.62
16,28,Doctor,2025-10,5700.36,Education,273.88,4353.91,1346.45,23.62
16,28,Doctor,2025-10,5700.36,Shopping,354.31,4353.91,1346.45,23.62
16,28,Doctor,2025-11,5943.36,Rent,1724.7,4233.21,1710.15,28.77
16,28,Doctor,2025-11,5943.36,Groceries,640.01,4233.21,1710.15,28.77
16,28,Doctor,2025-11,5943.36,Transport,467.33,4233.21,1710.15,28.77
16,28,Doctor,2025-11,5943.36,Entertainment,260.62,4233.21,1710.15,28.77
16,28,Doctor,2025-11,5943.36,Utilities,402.0,4233.21,1710.15,28.77
16,28,Doctor,2025-11,5943.36,Healthcare,257.51,4233.21,1710.15,28.77
16,28,Doctor,2025-11,5943.36,Education,176.17,4233.21,1710.15,28.77
16,28,Doctor,2025-11,5943.36,Shopping,304.87,4233.21,1710.15,28.77
16,28,Doctor,2025-12,5610.6,Rent,1420.46,3850.46,1760.14,31.37
16,28,Doctor,2025-12,5610.6,Groceries,679.82,3850.46,1760.14,31.37
16,28,Doctor,2025-12,5610.6,Transport,304.25,3850.46,1760.14,31.37
16,28,Doctor,2025-12,5610.6,Entertainment,338.56,3850.46,1760.14,31.37
16,28,Doctor,2025-12,5610.6,Utilities,372.71,3850.46,1760.14,31.37
16,28,Doctor,2025-12,5610.6,Healthcare,310.36,3850.46,1760.14,31.37
16,28,Doctor,2025-12,5610.6,Education,184.88,3850.46,1760.14,31.37
16,28,Doctor,2025-12,5610.6,Shopping,239.43,3850.46,1760.14,31.37
17,48,Manager,2024-01,4799.6,Rent,1678.54,3797.16,1002.45,20.89
17,48,Manager,2024-01,4799.6,Groceries,487.17,3797.16,1002.45,20.89
17,48,Manager,2024-01,4799.6,Transport,455.33,3797.16,1002.45,20.89
17,48,Manager,2024-01,4799.6,Entertainment,293.41,3797.16,1002.45,20.89
17,48,Manager,2024-01,4799.6,Utilities,332.14,3797.16,1002.45,20.89
17,48,Manager,2024-01,4799.6,Healthcare,185.27,3797.16,1002.45,20.89
17,48,Manager,2024-01,4799.6,Education,203.36,3797.16,1002.45,20.89
17,48,Manager,2024-01,4799.6,Shopping,161.96,3797.16,1002.45,20.89
17,48,Manager,2024-02,4523.03,Rent,1161.07,3229.58,1293.45,28.6
17,48,Manager,2024-02,4523.03,Groceries,672.88,3229.58,1293.45,28.6
17,48,Manager,2024-02,4523.03,Transport,410.91,3229.58,1293.45,28.6
17,48,Manager,2024-02,4523.03,Entertainment,328.5,3229.58,1293.45,28.6
17,48,Manager,2024-02,4523.03,Utilities,308.19,3229.58,1293.45,28.6
17,48,Manager,2024-02,4523.03,Healthcare,105.86,3229.58,1293.45,28.6
17,48,Manager,2024-02,4523.03,Education,87.2,3229.58,1293.45,28.6
17,48,Manager,2024-02,4523.03,Shopping,154.97,3229.58,1293.45,28.6
17,48,Manager,2024-03,4449.36,Rent,1214.39,3070.04,1379.32,31.0
17,48,Manager,2024-03,4449.36,Groceries,549.3,3070.04,1379.32,31.0
17,48,Manager,2024-03,4449.36,Transport,282.21,3070.04,1379.32,31.0
17,48,Manager,2024-03,4449.36,Entertainment,155.95,3070.04,1379.32,31.0
17,48,Manager,2024-03,4449.36,Utilities,200.33,3070.04,1379.32,31.0
17,48,Manager,2024-03,4449.36,Healthcare,115.2,3070.04,1379.32,31.0
17,48,Manager,2024-03,4449.36,Education,216.48,3070.04,1379.32,31.0
17,48,Manager,2024-03,4449.36,Shopping,336.18,3070.04,1379.32,31.0
17,48,Manager,2024-04,4897.32,Rent,1439.69,3302.13,1595.19,32.57
17,48,Manager,2024-04,4897.32,Groceries,557.9,3302.13,1595.19,32.57
17,48,Manager,2024-04,4897.32,Transport,440.34,3302.13,1595.19,32.57
17,48,Manager,2024-04,4897.32,Entertainment,226.81,3302.13,1595.19,32.57
17,48,Manager,2024-04,4897.32,Utilities,239.88,3302.13,1595.19,32.57
17,48,Manager,2024-04,4897.32,Healthcare,143.49,3302.13,1595.19,32.57
17,48,Manager,2024-04,4897.32,Education,31.75,3302.13,1595.19,32.57
17,48,Manager,2024-04,4897.32,Shopping,222.28,3302.13,1595.19,32.57
17,48,Manager,2024-05,4534.89,Rent,1439.37,3229.5,1305.38,28.79
17,48,Manager,2024-05,4534.89,Groceries,467.67,3229.5,1305.38,28.79
17,48,Manager,2024-05,4534.89,Transport,274.48,3229.5,1305.38,28.79
17,48,Manager,2024-05,4534.89,Entertainment,319.49,3229.5,1305.38,28.79
17,48,Manager,2024-05,4534.89,Utilities,201.38,3229.5,1305.38,28.79
17,48,Manager,2024-05,4534.89,Healthcare,152.85,3229.5,1305.38,28.79
17,48,Manager,2024-05,4534.89,Education,196.06,3229.5,1305.38,28.79
17,48,Manager,2024-05,4534.89,Shopping,178.2,3229.5,1305.38,28.79
17,48,Manager,2024-06,4373.57,Rent,1305.31,3119.22,1254.35,28.68
17,48,Manager,2024-06,4373.57,Groceries,503.49,3119.22,1254.35,28.68
17,48,Manager,2024-06,4373.57,Transport,341.88,3119.22,1254.35,28.68
17,48,Manager,2024-06,4373.57,Entertainment,306.98,3119.22,1254.35,28.68
17,48,Manager,2024-06,4373.57,Utilities,192.94,3119.22,1254.35,28.68
17,48,Manager,2024-06,4373.57,Healthcare,189.06,3119.22,1254.35,28.68
17,48,Manager,2024-06,4373.57,Education,110.54,3119.22,1254.35,28.68
17,48,Manager,2024-06,4373.57,Shopping,169.02,3119.22,1254.35,28.68
17,48,Manager,2024-07,4693.89,Rent,1301.92,3139.76,1554.13,33.11
17,48,Manager,2024-07,4693.89,Groceries,583.88,3139.76,1554.13,33.11
17,48,Manager,2024-07,4693.89,Transport,254.0,3139.76,1554.13,33.11
17,48,Manager,2024-07,4693.89,Entertainment,248.68,3139.76,1554.13,33.11
17,48,Manager,2024-07,4693.89,Utilities,230.91,3139.76,1554.13,33.11
17,48,Manager,2024-07,4693.89,Healthcare,248.28,3139.76,1554.13,33.11
17,48,Manager,2024-07,4693.89,Education,13.37,3139.76,1554.13,33.11
17,48,Manager,2024-07,4693.89,Shopping,258.71,3139.76,1554.13,33.11
17,48,Manager,2024-08,4595.91,Rent,1482.18,3718.81,877.1,19.08
17,48,Manager,2024-08,4595.91,Groceries,591.56,3718.81,877.1,19.08
17,48,Manager,2024-08,4595.91,Transport,383.12,3718.81,877.1,19.08
17,48,Manager,2024-08,4595.91,Entertainment,316.44,3718.81,877.1,19.08
17,48,Manager,2024-08,4595.91,Utilities,302.71,3718.81,877.1,19.08
17,48,Manager,2024-08,4595.91,Healthcare,149.62,3718.81,877.1,19.08
17,48,Manager,2024-08,4595.91,Education,123.64,3718.81,877.1,19.08
17,48,Manager,2024-08,4595.91,Shopping,369.54,3718.81,877.1,19.08
17,48,Manager,2024-09,4910.16,Rent,1664.31,3820.88,1089.28,22.18
17,48,Manager,2024-09,4910.16,Groceries,582.21,3820.88,1089.28,22.18
17,48,Manager,2024-09,4910.16,Transport,293.42,3820.88,1089.28,22.18
17,48,Manager,2024-09,4910.16,Entertainment,267.45,3820.88,1089.28,22.18
17,48,Manager,2024-09,4910.16,Utilities,305.65,3820.88,1089.28,22.18
17,48,Manager,2024-09,4910.16,Healthcare,194.95,3820.88,1089.28,22.18
17,48,Manager,2024-09,4910.16,Education,118.62,3820.88,1089.28,22.18
17,48,Manager,2024-09,4910.16,Shopping,394.26,3820.88,1089.28,22.18
17,48,Manager,2024-10,4538.49,Rent,1524.84,3450.39,1088.09,23.97
17,48,Manager,2024-10,4538.49,Groceries,546.16,3450.39,1088.09,23.97
17,48,Manager,2024-10,4538.49,Transport,301.41,3450.39,1088.09,23.97
17,48,Manager,2024-10,4538.49,Entertainment,239.18,3450.39,1088.09,23.97
17,48,Manager,2024-10,4538.49,Utilities,285.35,3450.39,1088.09,23.97
17,48,Manager,2024-10,4538.49,Healthcare,113.64,3450.39,1088.09,23.97
17,48,Manager,2024-10,4538.49,Education,44.57,3450.39,1088.09,23.97
17,48,Manager,2024-10,4538.49,Shopping,395.24,3450.39,1088.09,23.97
17,48,Manager,2024-11,4428.46,Rent,1358.53,3320.32,1108.15,25.02
17,48,Manager,2024-11,4428.46,Groceries,571.12,3320.32,1108.15,25.02
17,48,Manager,2024-11,4428.46,Transport,329.84,3320.32,1108.15,25.02
17,48,Manager,2024-11,4428.46,Entertainment,275.62,3320.32,1108.15,25.02
17,48,Manager,2024-11,4428.46,Utilities,207.67,3320.32,1108.15,25.02
17,48,Manager,2024-11,4428.46,Healthcare,186.47,3320.32,1108.15,25.02
17,48,Manager,2024-11,4428.46,Education,82.41,3320.32,1108.15,25.02
17,48,Manager,2024-11,4428.46,Shopping,308.66,3320.32,1108.15,25.02
17,48,Manager,2024-12,4408.19,Rent,1353.7,3172.33,1235.86,28.04
17,48,Manager,2024-12,4408.19,Groceries,481.65,3172.33,1235.86,28.04
17,48,Manager,2024-12,4408.19,Transport,281.82,3172.33,1235.86,28.04
17,48,Manager,2024-12,4408.19,Entertainment,180.45,3172.33,1235.86,28.04
17,48,Manager,2024-12,4408.19,Utilities,200.51,3172.33,1235.86,28.04
17,48,Manager,2024-12,4408.19,Healthcare,233.76,3172.33,1235.86,28.04
17,48,Manager,2024-12,4408.19,Education,62.97,3172.33,1235.86,28.04
17,48,Manager,2024-12,4408.19,Shopping,377.46,3172.33,1235.86,28.04
17,48,Manager,2025-01,4898.6,Rent,1504.49,3605.07,1293.53,26.41
17,48,Manager,2025-01,4898.6,Groceries,524.89,3605.07,1293.53,26.41
17,48,Manager,2025-01,4898.6,Transport,336.67,3605.07,1293.53,26.41
17,48,Manager,2025-01,4898.6,Entertainment,342.35,3605.07,1293.53,26.41
17,48,Manager,2025-01,4898.6,Utilities,249.94,3605.07,1293.53,26.41
17,48,Manager,2025-01,4898.6,Healthcare,115.02,3605.07,1293.53,26.41
17,48,Manager,2025-01,4898.6,Education,136.37,3605.07,1293.53,26.41
17,48,Manager,2025-01,4898.6,Shopping,395.35,3605.07,1293.53,26.41
17,48,Manager,2025-02,4795.63,Rent,1282.89,3081.18,1714.45,35.75
17,48,Manager,2025-02,4795.63,Groceries,640.88,3081.18,1714.45,35.75
17,48,Manager,2025-02,4795.63,Transport,292.65,3081.18,1714.45,35.75
17,48,Manager,2025-02,4795.63,Entertainment,196.19,3081.18,1714.45,35.75
17,48,Manager,2025-02,4795.63,Utilities,317.58,3081.18,1714.45,35.75
17,48,Manager,2025-02,4795.63,Healthcare,143.81,3081.18,1714.45,35.75
17,48,Manager,2025-02,4795.63,Education,63.12,3081.18,1714.45,35.75
17,48,Manager,2025-02,4795.63,Shopping,144.06,3081.18,1714.45,35.75
17,48,Manager,2025-03,4839.86,Rent,1593.57,3568.9,1270.96,26.26
17,48,Manager,2025-03,4839.86,Groceries,635.8,3568.9,1270.96,26.26
17,48,Manager,2025-03,4839.86,Transport,423.55,3568.9,1270.96,26.26
17,48,Manager,2025-03,4839.86,Entertainment,181.99,3568.9,1270.96,26.26
17,48,Manager,2025-03,4839.86,Utilities,260.14,3568.9,1270.96,26.26
17,48,Manager,2025-03,4839.86,Healthcare,164.79,3568.9,1270.96,26.26
17,48,Manager,2025-03,4839.86,Education,22.69,3568.9,1270.96,26.26
17,48,Manager,2025-03,4839.86,Shopping,286.36,3568.9,1270.96,26.26
17,48,Manager,2025-04,4869.49,Rent,1236.88,3290.75,1578.75,32.42
17,48,Manager,2025-04,4869.49,Groceries,557.91,3290.75,1578.75,32.42
17,48,Manager,2025-04,4869.49,Transport,294.01,3290.75,1578.75,32.42
17,48,Manager,2025-04,4869.49,Entertainment,204.07,3290.75,1578.75,32.42
17,48,Manager,2025-04,4869.49,Utilities,327.49,3290.75,1578.75,32.42
17,48,Manager,2025-04,4869.49,Healthcare,188.56,3290.75,1578.75,32.42
17,48,Manager,2025-04,4869.49,Education,113.53,3290.75,1578.75,32.42
17,48,Manager,2025-04,4869.49,Shopping,368.3,3290.75,1578.75,32.42
17,48,Manager,2025-05,4416.04,Rent,1319.19,3359.14,1056.9,23.93
17,48,Manager,2025-05,4416.04,Groceries,536.55,3359.14,1056.9,23.93
17,48,Manager,2025-05,4416.04,Transport,352.6,3359.14,1056.9,23.93
17,48,Manager,2025-05,4416.04,Entertainment,353.19,3359.14,1056.9,23.93
17,48,Manager,2025-05,4416.04,Utilities,278.58,3359.14,1056.9,23.93
17,48,Manager,2025-05,4416.04,Healthcare,158.6,3359.14,1056.9,23.93
17,48,Manager,2025-05,4416.04,Education,182.73,3359.14,1056.9,23.93
17,48,Manager,2025-05,4416.04,Shopping,177.71,3359.14,1056.9,23.93
17,48,Manager,2025-06,4342.64,Rent,1174.44,2994.43,1348.21,31.05
17,48,Manager,2025-06,4342.64,Groceries,508.18,2994.43,1348.21,31.05
17,48,Manager,2025-06,4342.64,Transport,328.0,2994.43,1348.21,31.05
17,48,Manager,2025-06,4342.64,Entertainment,263.84,2994.43,1348.21,31.05
17,48,Manager,2025-06,4342.64,Utilities,292.34,2994.43,1348.21,31.05
17,48,Manager,2025-06,4342.64,Healthcare,175.42,2994.43,1348.21,31.05
17,48,Manager,2025-06,4342.64,Education,108.84,2994.43,1348.21,31.05
17,48,Manager,2025-06,4342.64,Shopping,143.37,2994.43,1348.21,31.05
17,48,Manager,2025-07,4345.27,Rent,1325.81,2957.3,1387.97,31.94
17,48,Manager,2025-07,4345.27,Groceries,529.73,2957.3,1387.97,31.94
17,48,Manager,2025-07,4345.27,Transport,399.59,2957.3,1387.97,31.94
17,48,Manager,2025-07,4345.27,Entertainment,165.27,2957.3,1387.97,31.94
17,48,Manager,2025-07,4345.27,Utilities,177.07,2957.3,1387.97,31.94
17,48,Manager,2025-07,4345.27,Healthcare,164.95,2957.3,1387.97,31.94
17,48,Manager,2025-07,4345.27,Education,51.6,2957.3,1387.97,31.94
17,48,Manager,2025-07,4345.27,Shopping,143.29,2957.3,1387.97,31.94
17,48,Manager,2025-08,4753.42,Rent,1241.4,3291.29,1462.13,30.76
17,48,Manager,2025-08,4753.42,Groceries,619.92,3291.29,1462.13,30.76
17,48,Manager,2025-08,4753.42,Transport,304.47,3291.29,1462.13,30.76
17,48,Manager,2025-08,4753.42,Entertainment,183.84,3291.29,1462.13,30.76
17,48,Manager,2025-08,4753.42,Utilities,244.29,3291.29,1462.13,30.76
17,48,Manager,2025-08,4753.42,Healthcare,247.45,3291.29,1462.13,30.76
17,48,Manager,2025-08,4753.42,Education,93.19,3291.29,1462.13,30.76
17,48,Manager,2025-08,4753.42,Shopping,356.73,3291.29,1462.13,30.76
17,48,Manager,2025-09,4398.87,Rent,1439.65,3163.26,1235.61,28.09
17,48,Manager,2025-09,4398.87,Groceries,492.0,3163.26,1235.61,28.09
17,48,Manager,2025-09,4398.87,Transport,368.93,3163.26,1235.61,28.09
17,48,Manager,2025-09,4398.87,Entertainment,256.41,3163.26,1235.61,28.09
17,48,Manager,2025-09,4398.87,Utilities,298.57,3163.26,1235.61,28.09
17,48,Manager,2025-09,4398.87,Healthcare,156.13,3163.26,1235.61,28.09
17,48,Manager,2025-09,4398.87,Education,14.55,3163.26,1235.61,28.09
17,48,Manager,2025-09,4398.87,Shopping,137.02,3163.26,1235.61,28.09
17,48,Manager,2025-10,4813.94,Rent,1456.09,3701.72,1112.21,23.1
17,48,Manager,2025-10,4813.94,Groceries,667.99,3701.72,1112.21,23.1
17,48,Manager,2025-10,4813.94,Transport,297.12,3701.72,1112.21,23.1
17,48,Manager,2025-10,4813.94,Entertainment,227.48,3701.72,1112.21,23.1
17,48,Manager,2025-10,4813.94,Utilities,196.91,3701.72,1112.21,23.1
17,48,Manager,2025-10,4813.94,Healthcare,281.42,3701.72,1112.21,23.1
17,48,Manager,2025-10,4813.94,Education,160.75,3701.72,1112.21,23.1
17,48,Manager,2025-10,4813.94,Shopping,413.96,3701.72,1112.21,23.1
17,48,Manager,2025-11,4481.73,Rent,1394.47,3543.99,937.74,20.92
17,48,Manager,2025-11,4481.73,Groceries,600.22,3543.99,937.74,20.92
17,48,Manager,2025-11,4481.73,Transport,295.25,3543.99,937.74,20.92
17,48,Manager,2025-11,4481.73,Entertainment,324.5,3543.99,937.74,20.92
17,48,Manager,2025-11,4481.73,Utilities,306.62,3543.99,937.74,20.92
17,48,Manager,2025-11,4481.73,Healthcare,248.26,3543.99,937.74,20.92
17,48,Manager,2025-11,4481.73,Education,165.61,3543.99,937.74,20.92
17,48,Manager,2025-11,4481.73,Shopping,209.06,3543.99,937.74,20.92
17,48,Manager,2025-12,4491.27,Rent,1555.49,3513.26,978.01,21.78
17,48,Manager,2025-12,4491.27,Groceries,451.44,3513.26,978.01,21.78
17,48,Manager,2025-12,4491.27,Transport,385.36,3513.26,978.01,21.78
17,48,Manager,2025-12,4491.27,Entertainment,293.34,3513.26,978.01,21.78
17,48,Manager,2025-12,4491.27,Utilities,263.55,3513.26,978.01,21.78
17,48,Manager,2025-12,4491.27,Healthcare,267.7,3513.26,978.01,21.78
17,48,Manager,2025-12,4491.27,Education,70.04,3513.26,978.01,21.78
17,48,Manager,2025-12,4491.27,Shopping,226.35,3513.26,978.01,21.78
18,49,Doctor,2024-01,6393.62,Rent,1817.95,4533.59,1860.03,29.09
18,49,Doctor,2024-01,6393.62,Groceries,906.16,4533.59,1860.03,29.09
18,49,Doctor,2024-01,6393.62,Transport,618.74,4533.59,1860.03,29.09
18,49,Doctor,2024-01,6393.62,Entertainment,251.18,4533.59,1860.03,29.09
18,49,Doctor,2024-01,6393.62,Utilities,327.2,4533.59,1860.03,29.09
18,49,Doctor,2024-01,6393.62,Healthcare,365.36,4533.59,1860.03,29.09
18,49,Doctor,2024-01,6393.62,Education,19.76,4533.59,1860.03,29.09
18,49,Doctor,2024-01,6393.62,Shopping,227.24,4533.59,1860.03,29.09
18,49,Doctor,2024-02,6310.62,Rent,1953.27,4707.46,1603.16,25.4
18,49,Doctor,2024-02,6310.62,Groceries,678.54,4707.46,1603.16,25.4
18,49,Doctor,2024-02,6310.62,Transport,620.99,4707.46,1603.16,25.4
18,49,Doctor,2024-02,6310.62,Entertainment,330.27,4707.46,1603.16,25.4
18,49,Doctor,2024-02,6310.62,Utilities,347.37,4707.46,1603.16,25.4
18,49,Doctor,2024-02,6310.62,Healthcare,188.48,4707.46,1603.16,25.4
18,49,Doctor,2024-02,6310.62,Education,148.6,4707.46,1603.16,25.4
18,49,Doctor,2024-02,6310.62,Shopping,439.94,4707.46,1603.16,25.4
18,49,Doctor,2024-03,6807.65,Rent,2215.12,5094.82,1712.83,25.16
18,49,Doctor,2024-03,6807.65,Groceries,877.47,5094.82,1712.83,25.16
18,49,Doctor,2024-03,6807.65,Transport,648.21,5094.82,1712.83,25.16
18,49,Doctor,2024-03,6807.65,Entertainment,482.46,5094.82,1712.83,25.16
18,49,Doctor,2024-03,6807.65,Utilities,426.92,5094.82,1712.83,25.16
18,49,Doctor,2024-03,6807.65,Healthcare,151.29,5094.82,1712.83,25.16
18,49,Doctor,2024-03,6807.65,Education,2.34,5094.82,1712.83,25.16
18,49,Doctor,2024-03,6807.65,Shopping,291.01,5094.82,1712.83,25.16
18,49,Doctor,2024-04,6733.61,Rent,1960.29,5123.8,1609.81,23.91
18,49,Doctor,2024-04,6733.61,Groceries,808.84,5123.8,1609.81,23.91
18,49,Doctor,2024-04,6733.61,Transport,634.5,5123.8,1609.81,23.91
18,49,Doctor,2024-04,6733.61,Entertainment,503.53,5123.8,1609.81,23.91
18,49,Doctor,2024-04,6733.61,Utilities,453.01,5123.8,1609.81,23.91
18,49,Doctor,2024-04,6733.61,Healthcare,219.21,5123.8,1609.81,23.91
18,49,Doctor,2024-04,6733.61,Education,232.66,5123.8,1609.81,23.91
18,49,Doctor,2024-04,6733.61,Shopping,311.75,5123.8,1609.81,23.91
18,49,Doctor,2024-05,6334.12,Rent,1700.48,4405.11,1929.01,30.45
18,49,Doctor,2024-05,6334.12,Groceries,741.76,4405.11,1929.01,30.45
18,49,Doctor,2024-05,6334.12,Transport,452.88,4405.11,1929.01,30.45
18,49,Doctor,2024-05,6334.12,Entertainment,453.19,4405.11,1929.01,30.45
18,49,Doctor,2024-05,6334.12,Utilities,276.15,4405.11,1929.01,30.45
18,49,Doctor,2024-05,6334.12,Healthcare,312.89,4405.11,1929.01,30.45
18,49,Doctor,2024-05,6334.12,Education,168.31,4405.11,1929.01,30.45
18,49,Doctor,2024-05,6334.12,Shopping,299.46,4405.11,1929.01,30.45
18,49,Doctor,2024-06,6589.41,Rent,1845.0,4618.08,1971.33,29.92
18,49,Doctor,2024-06,6589.41,Groceries,855.33,4618.08,1971.33,29.92
18,49,Doctor,2024-06,6589.41,Transport,472.41,4618.08,1971.33,29.92
18,49,Doctor,2024-06,6589.41,Entertainment,251.85,4618.08,1971.33,29.92
18,49,Doctor,2024-06,6589.41,Utilities,286.62,4618.08,1971.33,29.92
18,49,Doctor,2024-06,6589.41,Healthcare,275.88,4618.08,1971.33,29.92
18,49,Doctor,2024-06,6589.41,Education,297.32,4618.08,1971.33,29.92
18,49,Doctor,2024-06,6589.41,Shopping,333.67,4618.08,1971.33,29.92
18,49,Doctor,2024-07,6792.3,Rent,2145.46,5413.82,1378.48,20.29
18,49,Doctor,2024-07,6792.3,Groceries,995.6,5413.82,1378.48,20.29
18,49,Doctor,2024-07,6792.3,Transport,618.43,5413.82,1378.48,20.29
18,49,Doctor,2024-07,6792.3,Entertainment,396.2,5413.82,1378.48,20.29
18,49,Doctor,2024-07,6792.3,Utilities,405.57,5413.82,1378.48,20.29
18,49,Doctor,2024-07,6792.3,Healthcare,379.93,5413.82,1378.48,20.29
18,49,Doctor,2024-07,6792.3,Education,135.68,5413.82,1378.48,20.29
18,49,Doctor,2024-07,6792.3,Shopping,336.95,5413.82,1378.48,20.29
18,49,Doctor,2024-08,6182.24,Rent,2056.55,4682.1,1500.13,24.27
18,49,Doctor,2024-08,6182.24,Groceries,865.82,4682.1,1500.13,24.27
18,49,Doctor,2024-08,6182.24,Transport,341.4,4682.1,1500.13,24.27
18,49,Doctor,2024-08,6182.24,Entertainment,363.78,4682.1,1500.13,24.27
18,49,Doctor,2024-08,6182.24,Utilities,333.34,4682.1,1500.13,24.27
18,49,Doctor,2024-08,6182.24,Healthcare,153.0,4682.1,1500.13,24.27
18,49,Doctor,2024-08,6182.24,Education,303.11,4682.1,1500.13,24.27
18,49,Doctor,2024-08,6182.24,Shopping,265.11,4682.1,1500.13,24.27
18,49,Doctor,2024-09,6229.9,Rent,1928.06,4446.84,1783.06,28.62
18,49,Doctor,2024-09,6229.9,Groceries,853.14,4446.84,1783.06,28.62
18,49,Doctor,2024-09,6229.9,Transport,321.6,4446.84,1783.06,28.62
18,49,Doctor,2024-09,6229.9,Entertainment,392.08,4446.84,1783.06,28.62
18,49,Doctor,2024-09,6229.9,Utilities,348.68,4446.84,1783.06,28.62
18,49,Doctor,2024-09,6229.9,Healthcare,150.33,4446.84,1783.06,28.62
18,49,Doctor,2024-09,6229.9,Education,53.74,4446.84,1783.06,28.62
18,49,Doctor,2024-09,6229.9,Shopping,399.2,4446.84,1783.06,28.62
18,49,Doctor,2024-10,6423.45,Rent,2208.58,5033.85,1389.59,21.63
18,49,Doctor,2024-10,6423.45,Groceries,905.3,5033.85,1389.59,21.63
18,49,Doctor,2024-10,6423.45,Transport,637.07,5033.85,1389.59,21.63
18,49,Doctor,2024-10,6423.45,Entertainment,276.1,5033.85,1389.59,21.63
18,49,Doctor,2024-10,6423.45,Utilities,443.81,5033.85,1389.59,21.63
18,49,Doctor,2024-10,6423.45,Healthcare,239.27,5033.85,1389.59,21.63
18,49,Doctor,2024-10,6423.45,Education,111.61,5033.85,1389.59,21.63
18,49,Doctor,2024-10,6423.45,Shopping,212.11,5033.85,1389.59,21.63
18,49,Doctor,2024-11,6217.68,Rent,1984.69,4676.85,1540.82,24.78
18,49,Doctor,2024-11,6217.68,Groceries,764.13,4676.85,1540.82,24.78
18,49,Doctor,2024-11,6217.68,Transport,381.31,4676.85,1540.82,24.78
18,49,Doctor,2024-11,6217.68,Entertainment,377.4,4676.85,1540.82,24.78
18,49,Doctor,2024-11,6217.68,Utilities,295.87,4676.85,1540.82,24.78
18,49,Doctor,2024-11,6217.68,Healthcare,268.01,4676.85,1540.82,24.78
18,49,Doctor,2024-11,6217.68,Education,111.67,4676.85,1540.82,24.78
18,49,Doctor,2024-11,6217.68,Shopping,493.77,4676.85,1540.82,24.78
18,49,Doctor,2024-12,6866.38,Rent,2044.36,4766.18,2100.2,30.59
18,49,Doctor,2024-12,6866.38,Groceries,807.08,4766.18,2100.2,30.59
18,49,Doctor,2024-12,6866.38,Transport,467.79,4766.18,2100.2,30.59
18,49,Doctor,2024-12,6866.38,Entertainment,482.61,4766.18,2100.2,30.59
18,49,Doctor,2024-12,6866.38,Utilities,342.26,4766.18,2100.2,30.59
18,49,Doctor,2024-12,6866.38,Healthcare,194.75,4766.18,2100.2,30.59
18,49,Doctor,2024-12,6866.38,Education,29.08,4766.18,2100.2,30.59
18,49,Doctor,2024-12,6866.38,Shopping,398.26,4766.18,2100.2,30.59
18,49,Doctor,2025-01,6580.38,Rent,2198.45,4973.91,1606.47,24.41
18,49,Doctor,2025-01,6580.38,Groceries,730.83,4973.91,1606.47,24.41
18,49,Doctor,2025-01,6580.38,Transport,454.37,4973.91,1606.47,24.41
18,49,Doctor,2025-01,6580.38,Entertainment,463.39,4973.91,1606.47,24.41
18,49,Doctor,2025-01,6580.38,Utilities,425.81,4973.91,1606.47,24.41
18,49,Doctor,2025-01,6580.38,Healthcare,232.84,4973.91,1606.47,24.41
18,49,Doctor,2025-01,6580.38,Education,151.06,4973.91,1606.47,24.41
18,49,Doctor,2025-01,6580.38,Shopping,317.16,4973.91,1606.47,24.41
18,49,Doctor,2025-02,6960.87,Rent,1822.8,4798.74,2162.13,31.06
18,49,Doctor,2025-02,6960.87,Groceries,1021.07,4798.74,2162.13,31.06
18,49,Doctor,2025-02,6960.87,Transport,586.06,4798.74,2162.13,31.06
18,49,Doctor,2025-02,6960.87,Entertainment,393.84,4798.74,2162.13,31.06
18,49,Doctor,2025-02,6960.87,Utilities,285.25,4798.74,2162.13,31.06
18,49,Doctor,2025-02,6960.87,Healthcare,271.64,4798.74,2162.13,31.06
18,49,Doctor,2025-02,6960.87,Education,141.91,4798.74,2162.13,31.06
18,49,Doctor,2025-02,6960.87,Shopping,276.16,4798.74,2162.13,31.06
18,49,Doctor,2025-03,6727.6,Rent,2335.25,5304.83,1422.77,21.15
18,49,Doctor,2025-03,6727.6,Groceries,861.87,5304.83,1422.77,21.15
18,49,Doctor,2025-03,6727.6,Transport,576.81,5304.83,1422.77,21.15
18,49,Doctor,2025-03,6727.6,Entertainment,224.85,5304.83,1422.77,21.15
18,49,Doctor,2025-03,6727.6,Utilities,353.4,5304.83,1422.77,21.15
18,49,Doctor,2025-03,6727.6,Healthcare,165.86,5304.83,1422.77,21.15
18,49,Doctor,2025-03,6727.6,Education,206.13,5304.83,1422.77,21.15
18,49,Doctor,2025-03,6727.6,Shopping,580.65,5304.83,1422.77,21.15
18,49,Doctor,2025-04,6732.13,Rent,1734.74,4737.42,1994.72,29.63
18,49,Doctor,2025-04,6732.13,Groceries,792.6,4737.42,1994.72,29.63
18,49,Doctor,2025-04,6732.13,Transport,521.96,4737.42,1994.72,29.63
18,49,Doctor,2025-04,6732.13,Entertainment,337.69,4737.42,1994.72,29.63
18,49,Doctor,2025-04,6732.13,Utilities,437.65,4737.42,1994.72,29.63
18,49,Doctor,2025-04,6732.13,Healthcare,354.02,4737.42,1994.72,29.63
18,49,Doctor,2025-04,6732.13,Education,205.95,4737.42,1994.72,29.63
18,49,Doctor,2025-04,6732.13,Shopping,352.81,4737.42,1994.72,29.63
18,49,Doctor,2025-05,6388.8,Rent,1664.84,4191.06,2197.74,34.4
18,49,Doctor,2025-05,6388.8,Groceries,752.25,4191.06,2197.74,34.4
18,49,Doctor,2025-05,6388.8,Transport,451.42,4191.06,2197.74,34.4
18,49,Doctor,2025-05,6388.8,Entertainment,407.55,4191.06,2197.74,34.4
18,49,Doctor,2025-05,6388.8,Utilities,381.7,4191.06,2197.74,34.4
18,49,Doctor,2025-05,6388.8,Healthcare,145.69,4191.06,2197.74,34.4
18,49,Doctor,2025-05,6388.8,Education,126.26,4191.06,2197.74,34.4
18,49,Doctor,2025-05,6388.8,Shopping,261.34,4191.06,2197.74,34.4
18,49,Doctor,2025-06,6305.57,Rent,2098.05,4568.84,1736.73,27.54
18,49,Doctor,2025-06,6305.57,Groceries,643.77,4568.84,1736.73,27.54
18,49,Doctor,2025-06,6305.57,Transport,447.44,4568.84,1736.73,27.54
18,49,Doctor,2025-06,6305.57,Entertainment,242.2,4568.84,1736.73,27.54
18,49,Doctor,2025-06,6305.57,Utilities,418.56,4568.84,1736.73,27.54
18,49,Doctor,2025-06,6305.57,Healthcare,266.61,4568.84,1736.73,27.54
18,49,Doctor,2025-06,6305.57,Education,72.95,4568.84,1736.73,27.54
18,49,Doctor,2025-06,6305.57,Shopping,379.25,4568.84,1736.73,27.54
18,49,Doctor,2025-07,6791.02,Rent,2348.41,5612.45,1178.57,17.35
18,49,Doctor,2025-07,6791.02,Groceries,753.95,5612.45,1178.57,17.35
18,49,Doctor,2025-07,6791.02,Transport,640.45,5612.45,1178.57,17.35
18,49,Doctor,2025-07,6791.02,Entertainment,520.97,5612.45,1178.57,17.35
18,49,Doctor,2025-07,6791.02,Utilities,458.34,5612.45,1178.57,17.35
18,49,Doctor,2025-07,6791.02,Healthcare,308.42,5612.45,1178.57,17.35
18,49,Doctor,2025-07,6791.02,Education,213.86,5612.45,1178.57,17.35
18,49,Doctor,2025-07,6791.02,Shopping,368.02,5612.45,1178.57,17.35
18,49,Doctor,2025-08,6808.69,Rent,2063.91,5240.34,1568.35,23.03
18,49,Doctor,2025-08,6808.69,Groceries,911.49,5240.34,1568.35,23.03
18,49,Doctor,2025-08,6808.69,Transport,486.3,5240.34,1568.35,23.03
18,49,Doctor,2025-08,6808.69,Entertainment,453.29,5240.34,1568.35,23.03
18,49,Doctor,2025-08,6808.69,Utilities,440.75,5240.34,1568.35,23.03
18,49,Doctor,2025-08,6808.69,Healthcare,176.06,5240.34,1568.35,23.03
18,49,Doctor,2025-08,6808.69,Education,283.56,5240.34,1568.35,23.03
18,49,Doctor,2025-08,6808.69,Shopping,424.98,5240.34,1568.35,23.03
18,49,Doctor,2025-09,6886.63,Rent,2018.68,5022.37,1864.25,27.07
18,49,Doctor,2025-09,6886.63,Groceries,819.18,5022.37,1864.25,27.07
18,49,Doctor,2025-09,6886.63,Transport,659.42,5022.37,1864.25,27.07
18,49,Doctor,2025-09,6886.63,Entertainment,293.08,5022.37,1864.25,27.07
18,49,Doctor,2025-09,6886.63,Utilities,449.88,5022.37,1864.25,27.07
18,49,Doctor,2025-09,6886.63,Healthcare,271.06,5022.37,1864.25,27.07
18,49,Doctor,2025-09,6886.63,Education,177.02,5022.37,1864.25,27.07
18,49,Doctor,2025-09,6886.63,Shopping,334.06,5022.37,1864.25,27.07
18,49,Doctor,2025-10,6657.18,Rent,1880.79,4658.98,1998.19,30.02
18,49,Doctor,2025-10,6657.18,Groceries,678.79,4658.98,1998.19,30.02
18,49,Doctor,2025-10,6657.18,Transport,423.4,4658.98,1998.19,30.02
18,49,Doctor,2025-10,6657.18,Entertainment,201.84,4658.98,1998.19,30.02
18,49,Doctor,2025-10,6657.18,Utilities,461.68,4658.98,1998.19,30.02
18,49,Doctor,2025-10,6657.18,Healthcare,390.31,4658.98,1998.19,30.02
18,49,Doctor,2025-10,6657.18,Education,131.53,4658.98,1998.19,30.02
18,49,Doctor,2025-10,6657.18,Shopping,490.65,4658.98,1998.19,30.02
18,49,Doctor,2025-11,6465.22,Rent,2050.18,5042.41,1422.81,22.01
18,49,Doctor,2025-11,6465.22,Groceries,906.89,5042.41,1422.81,22.01
18,49,Doctor,2025-11,6465.22,Transport,629.31,5042.41,1422.81,22.01
18,49,Doctor,2025-11,6465.22,Entertainment,323.33,5042.41,1422.81,22.01
18,49,Doctor,2025-11,6465.22,Utilities,410.53,5042.41,1422.81,22.01
18,49,Doctor,2025-11,6465.22,Healthcare,198.08,5042.41,1422.81,22.01
18,49,Doctor,2025-11,6465.22,Education,320.14,5042.41,1422.81,22.01
18,49,Doctor,2025-11,6465.22,Shopping,203.95,5042.41,1422.81,22.01
18,49,Doctor,2025-12,6682.93,Rent,2111.48,4900.0,1782.93,26.68
18,49,Doctor,2025-12,6682.93,Groceries,898.2,4900.0,1782.93,26.68
18,49,Doctor,2025-12,6682.93,Transport,374.37,4900.0,1782.93,26.68
18,49,Doctor,2025-12,6682.93,Entertainment,514.09,4900.0,1782.93,26.68
18,49,Doctor,2025-12,6682.93,Utilities,303.64,4900.0,1782.93,26.68
18,49,Doctor,2025-12,6682.93,Healthcare,300.13,4900.0,1782.93,26.68
18,49,Doctor,2025-12,6682.93,Education,74.41,4900.0,1782.93,26.68
18,49,Doctor,2025-12,6682.93,Shopping,323.67,4900.0,1782.93,26.68
19,51,Freelancer,2024-01,2838.09,Rent,835.04,2070.19,767.9,27.06
19,51,Freelancer,2024-01,2838.09,Groceries,396.94,2070.19,767.9,27.06
19,51,Freelancer,2024-01,2838.09,Transport,244.68,2070.19,767.9,27.06
19,51,Freelancer,2024-01,2838.09,Entertainment,183.11,2070.19,767.9,27.06
19,51,Freelancer,2024-01,2838.09,Utilities,142.52,2070.19,767.9,27.06
19,51,Freelancer,2024-01,2838.09,Healthcare,148.14,2070.19,767.9,27.06
19,51,Freelancer,2024-01,2838.09,Education,7.43,2070.19,767.9,27.06
19,51,Freelancer,2024-01,2838.09,Shopping,112.32,2070.19,767.9,27.06
19,51,Freelancer,2024-02,2755.26,Rent,709.98,1870.07,885.19,32.13
19,51,Freelancer,2024-02,2755.26,Groceries,307.9,1870.07,885.19,32.13
19,51,Freelancer,2024-02,2755.26,Transport,252.13,1870.07,885.19,32.13
19,51,Freelancer,2024-02,2755.26,Entertainment,213.29,1870.07,885.19,32.13
19,51,Freelancer,2024-02,2755.26,Utilities,135.39,1870.07,885.19,32.13
19,51,Freelancer,2024-02,2755.26,Healthcare,84.26,1870.07,885.19,32.13
19,51,Freelancer,2024-02,2755.26,Education,38.56,1870.07,885.19,32.13
19,51,Freelancer,2024-02,2755.26,Shopping,128.57,1870.07,885.19,32.13
19,51,Freelancer,2024-03,2647.22,Rent,907.18,2102.11,545.11,20.59
19,51,Freelancer,2024-03,2647.22,Groceries,293.01,2102.11,545.11,20.59
19,51,Freelancer,2024-03,2647.22,Transport,187.95,2102.11,545.11,20.59
19,51,Freelancer,2024-03,2647.22,Entertainment,80.7,2102.11,545.11,20.59
19,51,Freelancer,2024-03,2647.22,Utilities,174.02,2102.11,545.11,20.59
19,51,Freelancer,2024-03,2647.22,Healthcare,130.37,2102.11,545.11,20.59
19,51,Freelancer,2024-03,2647.22,Education,125.31,2102.11,545.11,20.59
19,51,Freelancer,2024-03,2647.22,Shopping,203.56,2102.11,545.11,20.59
19,51,Freelancer,2024-04,2747.35,Rent,754.94,1894.54,852.82,31.04
19,51,Freelancer,2024-04,2747.35,Groceries,370.58,1894.54,852.82,31.04
19,51,Freelancer,2024-04,2747.35,Transport,187.39,1894.54,852.82,31.04
19,51,Freelancer,2024-04,2747.35,Entertainment,160.2,1894.54,852.82,31.04
19,51,Freelancer,2024-04,2747.35,Utilities,110.41,1894.54,852.82,31.04
19,51,Freelancer,2024-04,2747.35,Healthcare,61.75,1894.54,852.82,31.04
19,51,Freelancer,2024-04,2747.35,Education,73.54,1894.54,852.82,31.04
19,51,Freelancer,2024-04,2747.35,Shopping,175.73,1894.54,852.82,31.04
19,51,Freelancer,2024-05,2905.15,Rent,764.63,1807.67,1097.48,37.78
19,51,Freelancer,2024-05,2905.15,Groceries,365.06,1807.67,1097.48,37.78
19,51,Freelancer,2024-05,2905.15,Transport,173.5,1807.67,1097.48,37.78
19,51,Freelancer,2024-05,2905.15,Entertainment,100.69,1807.67,1097.48,37.78
19,51,Freelancer,2024-05,2905.15,Utilities,151.98,1807.67,1097.48,37.78
19,51,Freelancer,2024-05,2905.15,Healthcare,77.08,1807.67,1097.48,37.78
19,51,Freelancer,2024-05,2905.15,Education,32.22,1807.67,1097.48,37.78
19,51,Freelancer,2024-05,2905.15,Shopping,142.51,1807.67,1097.48,37.78
19,51,Freelancer,2024-06,2727.77,Rent,705.84,1662.96,1064.82,39.04
19,51,Freelancer,2024-06,2727.77,Groceries,285.04,1662.96,1064.82,39.04
19,51,Freelancer,2024-06,2727.77,Transport,162.75,1662.96,1064.82,39.04
19,51,Freelancer,2024-06,2727.77,Entertainment,88.73,1662.96,1064.82,39.04
19,51,Freelancer,2024-06,2727.77,Utilities,160.38,1662.96,1064.82,39.04
19,51,Freelancer,2024-06,2727.77,Healthcare,85.91,1662.96,1064.82,39.04
19,51,Freelancer,2024-06,2727.77,Education,38.15,1662.96,1064.82,39.04
19,51,Freelancer,2024-06,2727.77,Shopping,136.17,1662.96,1064.82,39.04
19,51,Freelancer,2024-07,2873.19,Rent,968.45,2217.72,655.47,22.81
19,51,Freelancer,2024-07,2873.19,Groceries,396.37,2217.72,655.47,22.81
19,51,Freelancer,2024-07,2873.19,Transport,248.18,2217.72,655.47,22.81
19,51,Freelancer,2024-07,2873.19,Entertainment,155.78,2217.72,655.47,22.81
19,51,Freelancer,2024-07,2873.19,Utilities,174.73,2217.72,655.47,22.81
19,51,Freelancer,2024-07,2873.19,Healthcare,120.99,2217.72,655.47,22.81
19,51,Freelancer,2024-07,2873.19,Education,31.07,2217.72,655.47,22.81
19,51,Freelancer,2024-07,2873.19,Shopping,122.15,2217.72,655.47,22.81
19,51,Freelancer,2024-08,2741.11,Rent,934.94,2105.0,636.12,23.21
19,51,Freelancer,2024-08,2741.11,Groceries,349.14,2105.0,636.12,23.21
19,51,Freelancer,2024-08,2741.11,Transport,237.64,2105.0,636.12,23.21
19,51,Freelancer,2024-08,2741.11,Entertainment,129.73,2105.0,636.12,23.21
19,51,Freelancer,2024-08,2741.11,Utilities,143.17,2105.0,636.12,23.21
19,51,Freelancer,2024-08,2741.11,Healthcare,68.59,2105.0,636.12,23.21
19,51,Freelancer,2024-08,2741.11,Education,23.48,2105.0,636.12,23.21
19,51,Freelancer,2024-08,2741.11,Shopping,218.31,2105.0,636.12,23.21
19,51,Freelancer,2024-09,2845.09,Rent,807.3,1996.64,848.46,29.82
19,51,Freelancer,2024-09,2845.09,Groceries,398.72,1996.64,848.46,29.82
19,51,Freelancer,2024-09,2845.09,Transport,177.32,1996.64,848.46,29.82
19,51,Freelancer,2024-09,2845.09,Entertainment,224.2,1996.64,848.46,29.82
19,51,Freelancer,2024-09,2845.09,Utilities,143.23,1996.64,848.46,29.82
19,51,Freelancer,2024-09,2845.09,Healthcare,95.29,1996.64,848.46,29.82
19,51,Freelancer,2024-09,2845.09,Education,44.37,1996.64,848.46,29.82
19,51,Freelancer,2024-09,2845.09,Shopping,106.2,1996.64,848.46,29.82
19,51,Freelancer,2024-10,2674.33,Rent,841.91,1972.02,702.31,26.26
19,51,Freelancer,2024-10,2674.33,Groceries,384.45,1972.02,702.31,26.26
19,51,Freelancer,2024-10,2674.33,Transport,239.42,1972.02,702.31,26.26
19,51,Freelancer,2024-10,2674.33,Entertainment,99.1,1972.02,702.31,26.26
19,51,Freelancer,2024-10,2674.33,Utilities,150.75,1972.02,702.31,26.26
19,51,Freelancer,2024-10,2674.33,Healthcare,64.78,1972.02,702.31,26.26
19,51,Freelancer,2024-10,2674.33,Education,6.06,1972.02,702.31,26.26
19,51,Freelancer,2024-10,2674.33,Shopping,185.55,1972.02,702.31,26.26
19,51,Freelancer,2024-11,2827.18,Rent,729.98,1782.44,1044.74,36.95
19,51,Freelancer,2024-11,2827.18,Groceries,287.66,1782.44,1044.74,36.95
19,51,Freelancer,2024-11,2827.18,Transport,281.27,1782.44,1044.74,36.95
19,51,Freelancer,2024-11,2827.18,Entertainment,89.06,1782.44,1044.74,36.95
19,51,Freelancer,2024-11,2827.18,Utilities,150.79,1782.44,1044.74,36.95
19,51,Freelancer,2024-11,2827.18,Healthcare,113.61,1782.44,1044.74,36.95
19,51,Freelancer,2024-11,2827.18,Education,16.58,1782.44,1044.74,36.95
19,51,Freelancer,2024-11,2827.18,Shopping,113.49,1782.44,1044.74,36.95
19,51,Freelancer,2024-12,2761.09,Rent,900.58,2215.88,545.21,19.75
19,51,Freelancer,2024-12,2761.09,Groceries,346.11,2215.88,545.21,19.75
19,51,Freelancer,2024-12,2761.09,Transport,226.12,2215.88,545.21,19.75
19,51,Freelancer,2024-12,2761.09,Entertainment,218.84,2215.88,545.21,19.75
19,51,Freelancer,2024-12,2761.09,Utilities,174.06,2215.88,545.21,19.75
19,51,Freelancer,2024-12,2761.09,Healthcare,103.19,2215.88,545.21,19.75
19,51,Freelancer,2024-12,2761.09,Education,61.63,2215.88,545.21,19.75
19,51,Freelancer,2024-12,2761.09,Shopping,185.34,2215.88,545.21,19.75
19,51,Freelancer,2025-01,2874.12,Rent,862.44,1953.47,920.65,32.03
19,51,Freelancer,2025-01,2874.12,Groceries,380.08,1953.47,920.65,32.03
19,51,Freelancer,2025-01,2874.12,Transport,147.09,1953.47,920.65,32.03
19,51,Freelancer,2025-01,2874.12,Entertainment,147.96,1953.47,920.65,32.03
19,51,Freelancer,2025-01,2874.12,Utilities,139.02,1953.47,920.65,32.03
19,51,Freelancer,2025-01,2874.12,Healthcare,72.33,1953.47,920.65,32.03
19,51,Freelancer,2025-01,2874.12,Education,14.31,1953.47,920.65,32.03
19,51,Freelancer,2025-01,2874.12,Shopping,190.24,1953.47,920.65,32.03
19,51,Freelancer,2025-02,2823.02,Rent,777.34,2060.21,762.81,27.02
19,51,Freelancer,2025-02,2823.02,Groceries,348.78,2060.21,762.81,27.02
19,51,Freelancer,2025-02,2823.02,Transport,210.63,2060.21,762.81,27.02
19,51,Freelancer,2025-02,2823.02,Entertainment,112.22,2060.21,762.81,27.02
19,51,Freelancer,2025-02,2823.02,Utilities,168.15,2060.21,762.81,27.02
19,51,Freelancer,2025-02,2823.02,Healthcare,144.64,2060.21,762.81,27.02
19,51,Freelancer,2025-02,2823.02,Education,111.72,2060.21,762.81,27.02
19,51,Freelancer,2025-02,2823.02,Shopping,186.74,2060.21,762.81,27.02
19,51,Freelancer,2025-03,2818.7,Rent,721.87,1986.02,832.69,29.54
19,51,Freelancer,2025-03,2818.7,Groceries,322.44,1986.02,832.69,29.54
19,51,Freelancer,2025-03,2818.7,Transport,154.08,1986.02,832.69,29.54
19,51,Freelancer,2025-03,2818.7,Entertainment,220.4,1986.02,832.69,29.54
19,51,Freelancer,2025-03,2818.7,Utilities,124.17,1986.02,832.69,29.54
19,51,Freelancer,2025-03,2818.7,Healthcare,73.49,1986.02,832.69,29.54
19,51,Freelancer,2025-03,2818.7,Education,125.37,1986.02,832.69,29.54
19,51,Freelancer,2025-03,2818.7,Shopping,244.2,1986.02,832.69,29.54
19,51,Freelancer,2025-04,2910.34,Rent,729.16,1840.44,1069.9,36.76
19,51,Freelancer,2025-04,2910.34,Groceries,291.23,1840.44,1069.9,36.76
19,51,Freelancer,2025-04,2910.34,Transport,200.54,1840.44,1069.9,36.76
19,51,Freelancer,2025-04,2910.34,Entertainment,108.18,1840.44,1069.9,36.76
19,51,Freelancer,2025-04,2910.34,Utilities,118.02,1840.44,1069.9,36.76
19,51,Freelancer,2025-04,2910.34,Healthcare,112.23,1840.44,1069.9,36.76
19,51,Freelancer,2025-04,2910.34,Education,137.23,1840.44,1069.9,36.76
19,51,Freelancer,2025-04,2910.34,Shopping,143.86,1840.44,1069.9,36.76
19,51,Freelancer,2025-05,2872.6,Rent,905.51,2120.31,752.28,26.19
19,51,Freelancer,2025-05,2872.6,Groceries,323.32,2120.31,752.28,26.19
19,51,Freelancer,2025-05,2872.6,Transport,237.05,2120.31,752.28,26.19
19,51,Freelancer,2025-05,2872.6,Entertainment,116.68,2120.31,752.28,26.19
19,51,Freelancer,2025-05,2872.6,Utilities,125.42,2120.31,752.28,26.19
19,51,Freelancer,2025-05,2872.6,Healthcare,138.04,2120.31,752.28,26.19
19,51,Freelancer,2025-05,2872.6,Education,16.29,2120.31,752.28,26.19
19,51,Freelancer,2025-05,2872.6,Shopping,258.0,2120.31,752.28,26.19
19,51,Freelancer,2025-06,2700.4,Rent,835.54,1970.51,729.89,27.03
19,51,Freelancer,2025-06,2700.4,Groceries,325.58,1970.51,729.89,27.03
19,51,Freelancer,2025-06,2700.4,Transport,152.08,1970.51,729.89,27.03
19,51,Freelancer,2025-06,2700.4,Entertainment,84.77,1970.51,729.89,27.03
19,51,Freelancer,2025-06,2700.4,Utilities,158.46,1970.51,729.89,27.03
19,51,Freelancer,2025-06,2700.4,Healthcare,141.15,1970.51,729.89,27.03
19,51,Freelancer,2025-06,2700.4,Education,113.69,1970.51,729.89,27.03
19,51,Freelancer,2025-06,2700.4,Shopping,159.22,1970.51,729.89,27.03
19,51,Freelancer,2025-07,2914.53,Rent,924.73,2319.09,595.44,20.43
19,51,Freelancer,2025-07,2914.53,Groceries,397.0,2319.09,595.44,20.43
19,51,Freelancer,2025-07,2914.53,Transport,217.51,2319.09,595.44,20.43
19,51,Freelancer,2025-07,2914.53,Entertainment,179.74,2319.09,595.44,20.43
19,51,Freelancer,2025-07,2914.53,Utilities,187.01,2319.09,595.44,20.43
19,51,Freelancer,2025-07,2914.53,Healthcare,104.68,2319.09,595.44,20.43
19,51,Freelancer,2025-07,2914.53,Education,117.45,2319.09,595.44,20.43
19,51,Freelancer,2025-07,2914.53,Shopping,190.96,2319.09,595.44,20.43
19,51,Freelancer,2025-08,2694.07,Rent,680.17,1880.35,813.73,30.2
19,51,Freelancer,2025-08,2694.07,Groceries,318.27,1880.35,813.73,30.2
19,51,Freelancer,2025-08,2694.07,Transport,208.35,1880.35,813.73,30.2
19,51,Freelancer,2025-08,2694.07,Entertainment,193.95,1880.35,813.73,30.2
19,51,Freelancer,2025-08,2694.07,Utilities,118.07,1880.35,813.73,30.2
19,51,Freelancer,2025-08,2694.07,Healthcare,140.11,1880.35,813.73,30.2
19,51,Freelancer,2025-08,2694.07,Education,116.25,1880.35,813.73,30.2
19,51,Freelancer,2025-08,2694.07,Shopping,105.18,1880.35,813.73,30.2
19,51,Freelancer,2025-09,2941.25,Rent,1026.92,2510.86,430.39,14.63
19,51,Freelancer,2025-09,2941.25,Groceries,401.02,2510.86,430.39,14.63
19,51,Freelancer,2025-09,2941.25,Transport,262.47,2510.86,430.39,14.63
19,51,Freelancer,2025-09,2941.25,Entertainment,234.48,2510.86,430.39,14.63
19,51,Freelancer,2025-09,2941.25,Utilities,171.08,2510.86,430.39,14.63
19,51,Freelancer,2025-09,2941.25,Healthcare,95.05,2510.86,430.39,14.63
19,51,Freelancer,2025-09,2941.25,Education,123.17,2510.86,430.39,14.63
19,51,Freelancer,2025-09,2941.25,Shopping,196.68,2510.86,430.39,14.63
19,51,Freelancer,2025-10,2843.78,Rent,783.07,1913.95,929.83,32.7
19,51,Freelancer,2025-10,2843.78,Groceries,391.92,1913.95,929.83,32.7
19,51,Freelancer,2025-10,2843.78,Transport,153.8,1913.95,929.83,32.7
19,51,Freelancer,2025-10,2843.78,Entertainment,216.74,1913.95,929.83,32.7
19,51,Freelancer,2025-10,2843.78,Utilities,141.55,1913.95,929.83,32.7
19,51,Freelancer,2025-10,2843.78,Healthcare,71.41,1913.95,929.83,32.7
19,51,Freelancer,2025-10,2843.78,Education,62.9,1913.95,929.83,32.7
19,51,Freelancer,2025-10,2843.78,Shopping,92.56,1913.95,929.83,32.7
19,51,Freelancer,2025-11,2881.06,Rent,980.34,2244.81,636.25,22.08
19,51,Freelancer,2025-11,2881.06,Groceries,408.72,2244.81,636.25,22.08
19,51,Freelancer,2025-11,2881.06,Transport,162.4,2244.81,636.25,22.08
19,51,Freelancer,2025-11,2881.06,Entertainment,104.62,2244.81,636.25,22.08
19,51,Freelancer,2025-11,2881.06,Utilities,185.55,2244.81,636.25,22.08
19,51,Freelancer,2025-11,2881.06,Healthcare,164.13,2244.81,636.25,22.08
19,51,Freelancer,2025-11,2881.06,Education,66.36,2244.81,636.25,22.08
19,51,Freelancer,2025-11,2881.06,Shopping,172.69,2244.81,636.25,22.08
19,51,Freelancer,2025-12,2749.0,Rent,933.08,2055.43,693.57,25.23
19,51,Freelancer,2025-12,2749.0,Groceries,363.54,2055.43,693.57,25.23
19,51,Freelancer,2025-12,2749.0,Transport,177.07,2055.43,693.57,25.23
19,51,Freelancer,2025-12,2749.0,Entertainment,123.54,2055.43,693.57,25.23
19,51,Freelancer,2025-12,2749.0,Utilities,183.46,2055.43,693.57,25.23
19,51,Freelancer,2025-12,2749.0,Healthcare,56.48,2055.43,693.57,25.23
19,51,Freelancer,2025-12,2749.0,Education,44.36,2055.43,693.57,25.23
19,51,Freelancer,2025-12,2749.0,Shopping,173.91,2055.43,693.57,25.23
20,44,Student,2024-01,1446.49,Rent,491.0,1237.6,208.89,14.44
20,44,Student,2024-01,1446.49,Groceries,204.22,1237.6,208.89,14.44
20,44,Student,2024-01,1446.49,Transport,137.33,1237.6,208.89,14.44
20,44,Student,2024-01,1446.49,Entertainment,83.4,1237.6,208.89,14.44
20,44,Student,2024-01,1446.49,Utilities,93.11,1237.6,208.89,14.44
20,44,Student,2024-01,1446.49,Healthcare,51.15,1237.6,208.89,14.44
20,44,Student,2024-01,1446.49,Education,48.19,1237.6,208.89,14.44
20,44,Student,2024-01,1446.49,Shopping,129.22,1237.6,208.89,14.44
20,44,Student,2024-02,1341.51,Rent,387.68,916.79,424.72,31.66
20,44,Student,2024-02,1341.51,Groceries,166.35,916.79,424.72,31.66
20,44,Student,2024-02,1341.51,Transport,76.33,916.79,424.72,31.66
20,44,Student,2024-02,1341.51,Entertainment,45.68,916.79,424.72,31.66
20,44,Student,2024-02,1341.51,Utilities,87.05,916.79,424.72,31.66
20,44,Student,2024-02,1341.51,Healthcare,79.25,916.79,424.72,31.66
20,44,Student,2024-02,1341.51,Education,27.15,916.79,424.72,31.66
20,44,Student,2024-02,1341.51,Shopping,47.3,916.79,424.72,31.66
20,44,Student,2024-03,1313.03,Rent,445.29,1023.87,289.16,22.02
20,44,Student,2024-03,1313.03,Groceries,161.75,1023.87,289.16,22.02
20,44,Student,2024-03,1313.03,Transport,86.66,1023.87,289.16,22.02
20,44,Student,2024-03,1313.03,Entertainment,70.67,1023.87,289.16,22.02
20,44,Student,2024-03,1313.03,Utilities,65.06,1023.87,289.16,22.02
20,44,Student,2024-03,1313.03,Healthcare,51.95,1023.87,289.16,22.02
20,44,Student,2024-03,1313.03,Education,56.43,1023.87,289.16,22.02
20,44,Student,2024-03,1313.03,Shopping,86.05,1023.87,289.16,22.02
20,44,Student,2024-04,1425.01,Rent,408.22,1034.43,390.58,27.41
20,44,Student,2024-04,1425.01,Groceries,195.12,1034.43,390.58,27.41
20,44,Student,2024-04,1425.01,Transport,118.75,1034.43,390.58,27.41
20,44,Student,2024-04,1425.01,Entertainment,51.27,1034.43,390.58,27.41
20,44,Student,2024-04,1425.01,Utilities,81.48,1034.43,390.58,27.41
20,44,Student,2024-04,1425.01,Healthcare,43.13,1034.43,390.58,27.41
20,44,Student,2024-04,1425.01,Education,57.29,1034.43,390.58,27.41
20,44,Student,2024-04,1425.01,Shopping,79.17,1034.43,390.58,27.41
20,44,Student,2024-05,1478.44,Rent,383.29,1068.93,409.51,27.7
20,44,Student,2024-05,1478.44,Groceries,205.53,1068.93,409.51,27.7
20,44,Student,2024-05,1478.44,Transport,123.72,1068.93,409.51,27.7
20,44,Student,2024-05,1478.44,Entertainment,101.09,1068.93,409.51,27.7
20,44,Student,2024-05,1478.44,Utilities,72.78,1068.93,409.51,27.7
20,44,Student,2024-05,1478.44,Healthcare,58.67,1068.93,409.51,27.7
20,44,Student,2024-05,1478.44,Education,58.88,1068.93,409.51,27.7
20,44,Student,2024-05,1478.44,Shopping,64.98,1068.93,409.51,27.7
20,44,Student,2024-06,1341.56,Rent,409.32,1008.9,332.66,24.8
20,44,Student,2024-06,1341.56,Groceries,169.28,1008.9,332.66,24.8
20,44,Student,2024-06,1341.56,Transport,86.01,1008.9,332.66,24.8
20,44,Student,2024-06,1341.56,Entertainment,60.24,1008.9,332.66,24.8
20,44,Student,2024-06,1341.56,Utilities,64.84,1008.9,332.66,24.8
20,44,Student,2024-06,1341.56,Healthcare,68.23,1008.9,332.66,24.8
20,44,Student,2024-06,1341.56,Education,43.73,1008.9,332.66,24.8
20,44,Student,2024-06,1341.56,Shopping,107.25,1008.9,332.66,24.8
20,44,Student,2024-07,1475.02,Rent,438.69,994.73,480.29,32.56
20,44,Student,2024-07,1475.02,Groceries,152.42,994.73,480.29,32.56
20,44,Student,2024-07,1475.02,Transport,77.3,994.73,480.29,32.56
20,44,Student,2024-07,1475.02,Entertainment,66.06,994.73,480.29,32.56
20,44,Student,2024-07,1475.02,Utilities,100.27,994.73,480.29,32.56
20,44,Student,2024-07,1475.02,Healthcare,60.37,994.73,480.29,32.56
20,44,Student,2024-07,1475.02,Education,20.04,994.73,480.29,32.56
20,44,Student,2024-07,1475.02,Shopping,79.58,994.73,480.29,32.56
20,44,Student,2024-08,1407.91,Rent,443.91,1079.99,327.91,23.29
20,44,Student,2024-08,1407.91,Groceries,151.63,1079.99,327.91,23.29
20,44,Student,2024-08,1407.91,Transport,139.17,1079.99,327.91,23.29
20,44,Student,2024-08,1407.91,Entertainment,80.59,1079.99,327.91,23.29
20,44,Student,2024-08,1407.91,Utilities,62.05,1079.99,327.91,23.29
20,44,Student,2024-08,1407.91,Healthcare,78.48,1079.99,327.91,23.29
20,44,Student,2024-08,1407.91,Education,5.25,1079.99,327.91,23.29
20,44,Student,2024-08,1407.91,Shopping,118.92,1079.99,327.91,23.29
20,44,Student,2024-09,1478.77,Rent,473.27,1245.74,233.04,15.76
20,44,Student,2024-09,1478.77,Groceries,204.84,1245.74,233.04,15.76
20,44,Student,2024-09,1478.77,Transport,98.88,1245.74,233.04,15.76
20,44,Student,2024-09,1478.77,Entertainment,113.98,1245.74,233.04,15.76
20,44,Student,2024-09,1478.77,Utilities,82.65,1245.74,233.04,15.76
20,44,Student,2024-09,1478.77,Healthcare,72.9,1245.74,233.04,15.76
20,44,Student,2024-09,1478.77,Education,68.33,1245.74,233.04,15.76
20,44,Student,2024-09,1478.77,Shopping,130.89,1245.74,233.04,15.76
20,44,Student,2024-10,1449.68,Rent,406.35,1102.73,346.95,23.93
20,44,Student,2024-10,1449.68,Groceries,215.03,1102.73,346.95,23.93
20,44,Student,2024-10,1449.68,Transport,118.01,1102.73,346.95,23.93
20,44,Student,2024-10,1449.68,Entertainment,110.95,1102.73,346.95,23.93
20,44,Student,2024-10,1449.68,Utilities,87.39,1102.73,346.95,23.93
20,44,Student,2024-10,1449.68,Healthcare,46.81,1102.73,346.95,23.93
20,44,Student,2024-10,1449.68,Education,26.82,1102.73,346.95,23.93
20,44,Student,2024-10,1449.68,Shopping,91.37,1102.73,346.95,23.93
20,44,Student,2024-11,1441.99,Rent,406.35,963.1,478.89,33.21
20,44,Student,2024-11,1441.99,Groceries,186.0,963.1,478.89,33.21
20,44,Student,2024-11,1441.99,Transport,97.02,963.1,478.89,33.21
20,44,Student,2024-11,1441.99,Entertainment,102.08,963.1,478.89,33.21
20,44,Student,2024-11,1441.99,Utilities,77.87,963.1,478.89,33.21
20,44,Student,2024-11,1441.99,Healthcare,33.27,963.1,478.89,33.21
20,44,Student,2024-11,1441.99,Education,11.97,963.1,478.89,33.21
20,44,Student,2024-11,1441.99,Shopping,48.55,963.1,478.89,33.21
20,44,Student,2024-12,1390.22,Rent,362.34,996.61,393.62,28.31
20,44,Student,2024-12,1390.22,Groceries,146.96,996.61,393.62,28.31
20,44,Student,2024-12,1390.22,Transport,134.92,996.61,393.62,28.31
20,44,Student,2024-12,1390.22,Entertainment,102.37,996.61,393.62,28.31
20,44,Student,2024-12,1390.22,Utilities,74.46,996.61,393.62,28.31
20,44,Student,2024-12,1390.22,Healthcare,82.62,996.61,393.62,28.31
20,44,Student,2024-12,1390.22,Education,0.01,996.61,393.62,28.31
20,44,Student,2024-12,1390.22,Shopping,92.92,996.61,393.62,28.31
20,44,Student,2025-01,1411.08,Rent,417.32,955.51,455.57,32.28
20,44,Student,2025-01,1411.08,Groceries,169.11,955.51,455.57,32.28
20,44,Student,2025-01,1411.08,Transport,102.68,955.51,455.57,32.28
20,44,Student,2025-01,1411.08,Entertainment,71.61,955.51,455.57,32.28
20,44,Student,2025-01,1411.08,Utilities,87.37,955.51,455.57,32.28
20,44,Student,2025-01,1411.08,Healthcare,35.86,955.51,455.57,32.28
20,44,Student,2025-01,1411.08,Education,13.94,955.51,455.57,32.28
20,44,Student,2025-01,1411.08,Shopping,57.62,955.51,455.57,32.28
20,44,Student,2025-02,1348.05,Rent,407.82,953.57,394.48,29.26
20,44,Student,2025-02,1348.05,Groceries,142.3,953.57,394.48,29.26
20,44,Student,2025-02,1348.05,Transport,125.92,953.57,394.48,29.26
20,44,Student,2025-02,1348.05,Entertainment,60.48,953.57,394.48,29.26
20,44,Student,2025-02,1348.05,Utilities,60.5,953.57,394.48,29.26
20,44,Student,2025-02,1348.05,Healthcare,63.39,953.57,394.48,29.26
20,44,Student,2025-02,1348.05,Education,2.57,953.57,394.48,29.26
20,44,Student,2025-02,1348.05,Shopping,90.59,953.57,394.48,29.26
20,44,Student,2025-03,1425.64,Rent,387.05,893.79,531.85,37.31
20,44,Student,2025-03,1425.64,Groceries,145.56,893.79,531.85,37.31
20,44,Student,2025-03,1425.64,Transport,97.2,893.79,531.85,37.31
20,44,Student,2025-03,1425.64,Entertainment,49.8,893.79,531.85,37.31
20,44,Student,2025-03,1425.64,Utilities,62.01,893.79,531.85,37.31
20,44,Student,2025-03,1425.64,Healthcare,43.01,893.79,531.85,37.31
20,44,Student,2025-03,1425.64,Education,21.06,893.79,531.85,37.31
20,44,Student,2025-03,1425.64,Shopping,88.1,893.79,531.85,37.31
20,44,Student,2025-04,1422.11,Rent,439.83,1061.22,360.89,25.38
20,44,Student,2025-04,1422.11,Groceries,152.76,1061.22,360.89,25.38
20,44,Student,2025-04,1422.11,Transport,83.34,1061.22,360.89,25.38
20,44,Student,2025-04,1422.11,Entertainment,105.15,1061.22,360.89,25.38
20,44,Student,2025-04,1422.11,Utilities,80.71,1061.22,360.89,25.38
20,44,Student,2025-04,1422.11,Healthcare,77.93,1061.22,360.89,25.38
20,44,Student,2025-04,1422.11,Education,26.42,1061.22,360.89,25.38
20,44,Student,2025-04,1422.11,Shopping,95.09,1061.22,360.89,25.38
20,44,Student,2025-05,1394.56,Rent,393.14,1002.77,391.8,28.09
20,44,Student,2025-05,1394.56,Groceries,172.22,1002.77,391.8,28.09
20,44,Student,2025-05,1394.56,Transport,104.77,1002.77,391.8,28.09
20,44,Student,2025-05,1394.56,Entertainment,55.84,1002.77,391.8,28.09
20,44,Student,2025-05,1394.56,Utilities,68.96,1002.77,391.8,28.09
20,44,Student,2025-05,1394.56,Healthcare,72.04,1002.77,391.8,28.09
20,44,Student,2025-05,1394.56,Education,63.86,1002.77,391.8,28.09
20,44,Student,2025-05,1394.56,Shopping,71.94,1002.77,391.8,28.09
20,44,Student,2025-06,1355.97,Rent,365.46,1007.21,348.77,25.72
20,44,Student,2025-06,1355.97,Groceries,181.6,1007.21,348.77,25.72
20,44,Student,2025-06,1355.97,Transport,89.7,1007.21,348.77,25.72
20,44,Student,2025-06,1355.97,Entertainment,107.65,1007.21,348.77,25.72
20,44,Student,2025-06,1355.97,Utilities,67.49,1007.21,348.77,25.72
20,44,Student,2025-06,1355.97,Healthcare,48.5,1007.21,348.77,25.72
20,44,Student,2025-06,1355.97,Education,40.91,1007.21,348.77,25.72
20,44,Student,2025-06,1355.97,Shopping,105.9,1007.21,348.77,25.72
20,44,Student,2025-07,1384.92,Rent,404.76,1031.27,353.65,25.54
20,44,Student,2025-07,1384.92,Groceries,207.44,1031.27,353.65,25.54
20,44,Student,2025-07,1384.92,Transport,69.97,1031.27,353.65,25.54
20,44,Student,2025-07,1384.92,Entertainment,103.53,1031.27,353.65,25.54
20,44,Student,2025-07,1384.92,Utilities,61.59,1031.27,353.65,25.54
20,44,Student,2025-07,1384.92,Healthcare,71.24,1031.27,353.65,25.54
20,44,Student,2025-07,1384.92,Education,42.79,1031.27,353.65,25.54
20,44,Student,2025-07,1384.92,Shopping,69.95,1031.27,353.65,25.54
20,44,Student,2025-08,1456.93,Rent,366.11,890.58,566.35,38.87
20,44,Student,2025-08,1456.93,Groceries,162.21,890.58,566.35,38.87
20,44,Student,2025-08,1456.93,Transport,114.14,890.58,566.35,38.87
20,44,Student,2025-08,1456.93,Entertainment,69.32,890.58,566.35,38.87
20,44,Student,2025-08,1456.93,Utilities,84.96,890.58,566.35,38.87
20,44,Student,2025-08,1456.93,Healthcare,30.54,890.58,566.35,38.87
20,44,Student,2025-08,1456.93,Education,8.48,890.58,566.35,38.87
20,44,Student,2025-08,1456.93,Shopping,54.82,890.58,566.35,38.87
20,44,Student,2025-09,1335.02,Rent,395.08,987.88,347.14,26.0
20,44,Student,2025-09,1335.02,Groceries,183.71,987.88,347.14,26.0
20,44,Student,2025-09,1335.02,Transport,127.2,987.88,347.14,26.0
20,44,Student,2025-09,1335.02,Entertainment,95.81,987.88,347.14,26.0
20,44,Student,2025-09,1335.02,Utilities,61.29,987.88,347.14,26.0
20,44,Student,2025-09,1335.02,Healthcare,50.26,987.88,347.14,26.0
20,44,Student,2025-09,1335.02,Education,13.31,987.88,347.14,26.0
20,44,Student,2025-09,1335.02,Shopping,61.23,987.88,347.14,26.0
20,44,Student,2025-10,1390.98,Rent,357.22,954.33,436.65,31.39
20,44,Student,2025-10,1390.98,Groceries,154.27,954.33,436.65,31.39
20,44,Student,2025-10,1390.98,Transport,134.6,954.33,436.65,31.39
20,44,Student,2025-10,1390.98,Entertainment,74.15,954.33,436.65,31.39
20,44,Student,2025-10,1390.98,Utilities,74.22,954.33,436.65,31.39
20,44,Student,2025-10,1390.98,Healthcare,28.63,954.33,436.65,31.39
20,44,Student,2025-10,1390.98,Education,17.21,954.33,436.65,31.39
20,44,Student,2025-10,1390.98,Shopping,114.03,954.33,436.65,31.39
20,44,Student,2025-11,1330.63,Rent,387.89,932.99,397.63,29.88
20,44,Student,2025-11,1330.63,Groceries,134.02,932.99,397.63,29.88
20,44,Student,2025-11,1330.63,Transport,98.36,932.99,397.63,29.88
20,44,Student,2025-11,1330.63,Entertainment,41.32,932.99,397.63,29.88
20,44,Student,2025-11,1330.63,Utilities,85.94,932.99,397.63,29.88
20,44,Student,2025-11,1330.63,Healthcare,70.52,932.99,397.63,29.88
20,44,Student,2025-11,1330.63,Education,52.41,932.99,397.63,29.88
20,44,Student,2025-11,1330.63,Shopping,62.54,932.99,397.63,29.88
20,44,Student,2025-12,1450.4,Rent,441.36,1025.35,425.05,29.31
20,44,Student,2025-12,1450.4,Groceries,172.15,1025.35,425.05,29.31
20,44,Student,2025-12,1450.4,Transport,117.87,1025.35,425.05,29.31
20,44,Student,2025-12,1450.4,Entertainment,44.41,1025.35,425.05,29.31
20,44,Student,2025-12,1450.4,Utilities,64.24,1025.35,425.05,29.31
20,44,Student,2025-12,1450.4,Healthcare,72.07,1025.35,425.05,29.31
20,44,Student,2025-12,1450.4,Education,17.71,1025.35,425.05,29.31
20,44,Student,2025-12,1450.4,Shopping,95.55,1025.35,425.05,29.31
21,59,Designer,2024-01,2034.79,Rent,679.45,1517.22,517.57,25.44
21,59,Designer,2024-01,2034.79,Groceries,218.26,1517.22,517.57,25.44
21,59,Designer,2024-01,2034.79,Transport,153.19,1517.22,517.57,25.44
21,59,Designer,2024-01,2034.79,Entertainment,67.36,1517.22,517.57,25.44
21,59,Designer,2024-01,2034.79,Utilities,85.74,1517.22,517.57,25.44
21,59,Designer,2024-01,2034.79,Healthcare,87.4,1517.22,517.57,25.44
21,59,Designer,2024-01,2034.79,Education,57.59,1517.22,517.57,25.44
21,59,Designer,2024-01,2034.79,Shopping,168.24,1517.22,517.57,25.44
21,59,Designer,2024-02,2081.12,Rent,720.02,1431.27,649.85,31.23
21,59,Designer,2024-02,2081.12,Groceries,213.18,1431.27,649.85,31.23
21,59,Designer,2024-02,2081.12,Transport,114.25,1431.27,649.85,31.23
21,59,Designer,2024-02,2081.12,Entertainment,67.02,1431.27,649.85,31.23
21,59,Designer,2024-02,2081.12,Utilities,94.81,1431.27,649.85,31.23
21,59,Designer,2024-02,2081.12,Healthcare,86.68,1431.27,649.85,31.23
21,59,Designer,2024-02,2081.12,Education,67.18,1431.27,649.85,31.23
21,59,Designer,2024-02,2081.12,Shopping,68.13,1431.27,649.85,31.23
21,59,Designer,2024-03,2183.8,Rent,729.86,1486.78,697.03,31.92
21,59,Designer,2024-03,2183.8,Groceries,250.77,1486.78,697.03,31.92
21,59,Designer,2024-03,2183.8,Transport,117.62,1486.78,697.03,31.92
21,59,Designer,2024-03,2183.8,Entertainment,84.06,1486.78,697.03,31.92
21,59,Designer,2024-03,2183.8,Utilities,95.67,1486.78,697.03,31.92
21,59,Designer,2024-03,2183.8,Healthcare,54.45,1486.78,697.03,31.92
21,59,Designer,2024-03,2183.8,Education,56.62,1486.78,697.03,31.92
21,59,Designer,2024-03,2183.8,Shopping,97.73,1486.78,697.03,31.92
21,59,Designer,2024-04,2028.27,Rent,707.77,1512.05,516.22,25.45
21,59,Designer,2024-04,2028.27,Groceries,272.23,1512.05,516.22,25.45
21,59,Designer,2024-04,2028.27,Transport,197.65,1512.05,516.22,25.45
21,59,Designer,2024-04,2028.27,Entertainment,75.31,1512.05,516.22,25.45
21,59,Designer,2024-04,2028.27,Utilities,104.38,1512.05,516.22,25.45
21,59,Designer,2024-04,2028.27,Healthcare,85.57,1512.05,516.22,25.45
21,59,Designer,2024-04,2028.27,Education,7.78,1512.05,516.22,25.45
21,59,Designer,2024-04,2028.27,Shopping,61.36,1512.05,516.22,25.45
21,59,Designer,2024-05,2110.9,Rent,663.21,1433.03,677.87,32.11
21,59,Designer,2024-05,2110.9,Groceries,254.45,1433.03,677.87,32.11
21,59,Designer,2024-05,2110.9,Transport,157.22,1433.03,677.87,32.11
21,59,Designer,2024-05,2110.9,Entertainment,107.17,1433.03,677.87,32.11
21,59,Designer,2024-05,2110.9,Utilities,85.96,1433.03,677.87,32.11
21,59,Designer,2024-05,2110.9,Healthcare,70.54,1433.03,677.87,32.11
21,59,Designer,2024-05,2110.9,Education,18.69,1433.03,677.87,32.11
21,59,Designer,2024-05,2110.9,Shopping,75.79,1433.03,677.87,32.11
21,59,Designer,2024-06,2186.65,Rent,677.72,1573.47,613.17,28.04
21,59,Designer,2024-06,2186.65,Groceries,298.33,1573.47,613.17,28.04
21,59,Designer,2024-06,2186.65,Transport,143.81,1573.47,613.17,28.04
21,59,Designer,2024-06,2186.65,Entertainment,108.58,1573.47,613.17,28.04
21,59,Designer,2024-06,2186.65,Utilities,103.01,1573.47,613.17,28.04
21,59,Designer,2024-06,2186.65,Healthcare,52.21,1573.47,613.17,28.04
21,59,Designer,2024-06,2186.65,Education,19.57,1573.47,613.17,28.04
21,59,Designer,2024-06,2186.65,Shopping,170.23,1573.47,613.17,28.04
21,59,Designer,2024-07,2112.78,Rent,643.75,1625.35,487.43,23.07
21,59,Designer,2024-07,2112.78,Groceries,261.47,1625.35,487.43,23.07
21,59,Designer,2024-07,2112.78,Transport,203.08,1625.35,487.43,23.07
21,59,Designer,2024-07,2112.78,Entertainment,71.07,1625.35,487.43,23.07
21,59,Designer,2024-07,2112.78,Utilities,102.3,1625.35,487.43,23.07
21,59,Designer,2024-07,2112.78,Healthcare,71.83,1625.35,487.43,23.07
21,59,Designer,2024-07,2112.78,Education,82.65,1625.35,487.43,23.07
21,59,Designer,2024-07,2112.78,Shopping,189.2,1625.35,487.43,23.07
21,59,Designer,2024-08,1997.19,Rent,673.91,1574.93,422.26,21.14
21,59,Designer,2024-08,1997.19,Groceries,282.66,1574.93,422.26,21.14
21,59,Designer,2024-08,1997.19,Transport,122.29,1574.93,422.26,21.14
21,59,Designer,2024-08,1997.19,Entertainment,99.79,1574.93,422.26,21.14
21,59,Designer,2024-08,1997.19,Utilities,104.43,1574.93,422.26,21.14
21,59,Designer,2024-08,1997.19,Healthcare,118.09,1574.93,422.26,21.14
21,59,Designer,2024-08,1997.19,Education,18.06,1574.93,422.26,21.14
21,59,Designer,2024-08,1997.19,Shopping,155.68,1574.93,422.26,21.14
21,59,Designer,2024-09,2021.93,Rent,653.26,1593.13,428.81,21.21
21,59,Designer,2024-09,2021.93,Groceries,244.66,1593.13,428.81,21.21
21,59,Designer,2024-09,2021.93,Transport,159.57,1593.13,428.81,21.21
21,59,Designer,2024-09,2021.93,Entertainment,144.83,1593.13,428.81,21.21
21,59,Designer,2024-09,2021.93,Utilities,129.66,1593.13,428.81,21.21
21,59,Designer,2024-09,2021.93,Healthcare,110.51,1593.13,428.81,21.21
21,59,Designer,2024-09,2021.93,Education,6.03,1593.13,428.81,21.21
21,59,Designer,2024-09,2021.93,Shopping,144.61,1593.13,428.81,21.21
21,59,Designer,2024-10,1970.55,Rent,574.58,1434.49,536.06,27.2
21,59,Designer,2024-10,1970.55,Groceries,251.11,1434.49,536.06,27.2
21,59,Designer,2024-10,1970.55,Transport,138.21,1434.49,536.06,27.2
21,59,Designer,2024-10,1970.55,Entertainment,110.31,1434.49,536.06,27.2
21,59,Designer,2024-10,1970.55,Utilities,137.73,1434.49,536.06,27.2
21,59,Designer,2024-10,1970.55,Healthcare,50.07,1434.49,536.06,27.2
21,59,Designer,2024-10,1970.55,Education,66.55,1434.49,536.06,27.2
21,59,Designer,2024-10,1970.55,Shopping,105.94,1434.49,536.06,27.2
21,59,Designer,2024-11,1968.7,Rent,523.43,1513.29,455.41,23.13
21,59,Designer,2024-11,1968.7,Groceries,290.31,1513.29,455.41,23.13
21,59,Designer,2024-11,1968.7,Transport,185.02,1513.29,455.41,23.13
21,59,Designer,2024-11,1968.7,Entertainment,148.35,1513.29,455.41,23.13
21,59,Designer,2024-11,1968.7,Utilities,137.31,1513.29,455.41,23.13
21,59,Designer,2024-11,1968.7,Healthcare,55.78,1513.29,455.41,23.13
21,59,Designer,2024-11,1968.7,Education,34.99,1513.29,455.41,23.13
21,59,Designer,2024-11,1968.7,Shopping,138.11,1513.29,455.41,23.13
21,59,Designer,2024-12,2061.52,Rent,601.63,1492.13,569.39,27.62
21,59,Designer,2024-12,2061.52,Groceries,243.03,1492.13,569.39,27.62
21,59,Designer,2024-12,2061.52,Transport,164.28,1492.13,569.39,27.62
21,59,Designer,2024-12,2061.52,Entertainment,121.18,1492.13,569.39,27.62
21,59,Designer,2024-12,2061.52,Utilities,92.45,1492.13,569.39,27.62
21,59,Designer,2024-12,2061.52,Healthcare,80.13,1492.13,569.39,27.62
21,59,Designer,2024-12,2061.52,Education,57.05,1492.13,569.39,27.62
21,59,Designer,2024-12,2061.52,Shopping,132.39,1492.13,569.39,27.62
21,59,Designer,2025-01,1989.1,Rent,644.92,1488.63,500.47,25.16
21,59,Designer,2025-01,1989.1,Groceries,201.42,1488.63,500.47,25.16
21,59,Designer,2025-01,1989.1,Transport,134.75,1488.63,500.47,25.16
21,59,Designer,2025-01,1989.1,Entertainment,137.27,1488.63,500.47,25.16
21,59,Designer,2025-01,1989.1,Utilities,113.21,1488.63,500.47,25.16
21,59,Designer,2025-01,1989.1,Healthcare,60.56,1488.63,500.47,25.16
21,59,Designer,2025-01,1989.1,Education,69.12,1488.63,500.47,25.16
21,59,Designer,2025-01,1989.1,Shopping,127.39,1488.63,500.47,25.16
21,59,Designer,2025-02,2144.19,Rent,693.65,1587.7,556.49,25.95
21,59,Designer,2025-02,2144.19,Groceries,279.83,1587.7,556.49,25.95
21,59,Designer,2025-02,2144.19,Transport,159.55,1587.7,556.49,25.95
21,59,Designer,2025-02,2144.19,Entertainment,78.6,1587.7,556.49,25.95
21,59,Designer,2025-02,2144.19,Utilities,102.58,1587.7,556.49,25.95
21,59,Designer,2025-02,2144.19,Healthcare,78.83,1587.7,556.49,25.95
21,59,Designer,2025-02,2144.19,Education,64.25,1587.7,556.49,25.95
21,59,Designer,2025-02,2144.19,Shopping,130.41,1587.7,556.49,25.95
21,59,Designer,2025-03,2009.76,Rent,503.74,1362.86,646.9,32.19
21,59,Designer,2025-03,2009.76,Groceries,250.84,1362.86,646.9,32.19
21,59,Designer,2025-03,2009.76,Transport,129.19,1362.86,646.9,32.19
21,59,Designer,2025-03,2009.76,Entertainment,134.11,1362.86,646.9,32.19
21,59,Designer,2025-03,2009.76,Utilities,81.83,1362.86,646.9,32.19
21,59,Designer,2025-03,2009.76,Healthcare,87.21,1362.86,646.9,32.19
21,59,Designer,2025-03,2009.76,Education,94.61,1362.86,646.9,32.19
21,59,Designer,2025-03,2009.76,Shopping,81.32,1362.86,646.9,32.19
21,59,Designer,2025-04,2058.3,Rent,533.39,1381.11,677.19,32.9
21,59,Designer,2025-04,2058.3,Groceries,270.22,1381.11,677.19,32.9
21,59,Designer,2025-04,2058.3,Transport,159.57,1381.11,677.19,32.9
21,59,Designer,2025-04,2058.3,Entertainment,103.67,1381.11,677.19,32.9
21,59,Designer,2025-04,2058.3,Utilities,114.53,1381.11,677.19,32.9
21,59,Designer,2025-04,2058.3,Healthcare,114.98,1381.11,677.19,32.9
21,59,Designer,2025-04,2058.3,Education,20.2,1381.11,677.19,32.9
21,59,Designer,2025-04,2058.3,Shopping,64.54,1381.11,677.19,32.9
21,59,Designer,2025-05,2161.5,Rent,665.12,1762.62,398.87,18.45
21,59,Designer,2025-05,2161.5,Groceries,312.41,1762.62,398.87,18.45
21,59,Designer,2025-05,2161.5,Transport,172.59,1762.62,398.87,18.45
21,59,Designer,2025-05,2161.5,Entertainment,152.4,1762.62,398.87,18.45
21,59,Designer,2025-05,2161.5,Utilities,114.32,1762.62,398.87,18.45
21,59,Designer,2025-05,2161.5,Healthcare,108.06,1762.62,398.87,18.45
21,59,Designer,2025-05,2161.5,Education,98.68,1762.62,398.87,18.45
21,59,Designer,2025-05,2161.5,Shopping,139.04,1762.62,398.87,18.45
21,59,Designer,2025-06,1981.35,Rent,548.59,1353.06,628.29,31.71
21,59,Designer,2025-06,1981.35,Groceries,217.81,1353.06,628.29,31.71
21,59,Designer,2025-06,1981.35,Transport,123.52,1353.06,628.29,31.71
21,59,Designer,2025-06,1981.35,Entertainment,89.8,1353.06,628.29,31.71
21,59,Designer,2025-06,1981.35,Utilities,112.25,1353.06,628.29,31.71
21,59,Designer,2025-06,1981.35,Healthcare,86.23,1353.06,628.29,31.71
21,59,Designer,2025-06,1981.35,Education,42.25,1353.06,628.29,31.71
21,59,Designer,2025-06,1981.35,Shopping,132.6,1353.06,628.29,31.71
21,59,Designer,2025-07,1955.1,Rent,505.94,1251.09,704.01,36.01
21,59,Designer,2025-07,1955.1,Groceries,212.31,1251.09,704.01,36.01
21,59,Designer,2025-07,1955.1,Transport,148.4,1251.09,704.01,36.01
21,59,Designer,2025-07,1955.1,Entertainment,79.57,1251.09,704.01,36.01
21,59,Designer,2025-07,1955.1,Utilities,94.82,1251.09,704.01,36.01
21,59,Designer,2025-07,1955.1,Healthcare,70.41,1251.09,704.01,36.01
21,59,Designer,2025-07,1955.1,Education,79.36,1251.09,704.01,36.01
21,59,Designer,2025-07,1955.1,Shopping,60.28,1251.09,704.01,36.01
21,59,Designer,2025-08,2105.33,Rent,667.15,1623.9,481.43,22.87
21,59,Designer,2025-08,2105.33,Groceries,294.6,1623.9,481.43,22.87
21,59,Designer,2025-08,2105.33,Transport,203.45,1623.9,481.43,22.87
21,59,Designer,2025-08,2105.33,Entertainment,65.28,1623.9,481.43,22.87
21,59,Designer,2025-08,2105.33,Utilities,93.93,1623.9,481.43,22.87
21,59,Designer,2025-08,2105.33,Healthcare,116.73,1623.9,481.43,22.87
21,59,Designer,2025-08,2105.33,Education,48.27,1623.9,481.43,22.87
21,59,Designer,2025-08,2105.33,Shopping,134.48,1623.9,481.43,22.87
21,59,Designer,2025-09,2108.94,Rent,670.45,1645.99,462.95,21.95
21,59,Designer,2025-09,2108.94,Groceries,309.14,1645.99,462.95,21.95
21,59,Designer,2025-09,2108.94,Transport,210.57,1645.99,462.95,21.95
21,59,Designer,2025-09,2108.94,Entertainment,139.21,1645.99,462.95,21.95
21,59,Designer,2025-09,2108.94,Utilities,102.53,1645.99,462.95,21.95
21,59,Designer,2025-09,2108.94,Healthcare,116.39,1645.99,462.95,21.95
21,59,Designer,2025-09,2108.94,Education,5.19,1645.99,462.95,21.95
21,59,Designer,2025-09,2108.94,Shopping,92.51,1645.99,462.95,21.95
21,59,Designer,2025-10,2170.95,Rent,598.35,1532.57,638.37,29.41
21,59,Designer,2025-10,2170.95,Groceries,241.05,1532.57,638.37,29.41
21,59,Designer,2025-10,2170.95,Transport,123.54,1532.57,638.37,29.41
21,59,Designer,2025-10,2170.95,Entertainment,158.38,1532.57,638.37,29.41
21,59,Designer,2025-10,2170.95,Utilities,119.41,1532.57,638.37,29.41
21,59,Designer,2025-10,2170.95,Healthcare,102.03,1532.57,638.37,29.41
21,59,Designer,2025-10,2170.95,Education,25.95,1532.57,638.37,29.41
21,59,Designer,2025-10,2170.95,Shopping,163.87,1532.57,638.37,29.41
21,59,Designer,2025-11,2134.6,Rent,600.38,1600.82,533.78,25.01
21,59,Designer,2025-11,2134.6,Groceries,257.29,1600.82,533.78,25.01
21,59,Designer,2025-11,2134.6,Transport,129.11,1600.82,533.78,25.01
21,59,Designer,2025-11,2134.6,Entertainment,168.27,1600.82,533.78,25.01
21,59,Designer,2025-11,2134.6,Utilities,126.73,1600.82,533.78,25.01
21,59,Designer,2025-11,2134.6,Healthcare,122.49,1600.82,533.78,25.01
21,59,Designer,2025-11,2134.6,Education,32.38,1600.82,533.78,25.01
21,59,Designer,2025-11,2134.6,Shopping,164.18,1600.82,533.78,25.01
21,59,Designer,2025-12,2136.15,Rent,681.78,1610.97,525.18,24.59
21,59,Designer,2025-12,2136.15,Groceries,316.75,1610.97,525.18,24.59
21,59,Designer,2025-12,2136.15,Transport,148.84,1610.97,525.18,24.59
21,59,Designer,2025-12,2136.15,Entertainment,78.05,1610.97,525.18,24.59
21,59,Designer,2025-12,2136.15,Utilities,128.49,1610.97,525.18,24.59
21,59,Designer,2025-12,2136.15,Healthcare,105.04,1610.97,525.18,24.59
21,59,Designer,2025-12,2136.15,Education,61.42,1610.97,525.18,24.59
21,59,Designer,2025-12,2136.15,Shopping,90.59,1610.97,525.18,24.59
22,24,Student,2024-01,2205.52,Rent,645.66,1596.23,609.3,27.63
22,24,Student,2024-01,2205.52,Groceries,291.7,1596.23,609.3,27.63
22,24,Student,2024-01,2205.52,Transport,192.46,1596.23,609.3,27.63
22,24,Student,2024-01,2205.52,Entertainment,91.77,1596.23,609.3,27.63
22,24,Student,2024-01,2205.52,Utilities,115.04,1596.23,609.3,27.63
22,24,Student,2024-01,2205.52,Healthcare,67.86,1596.23,609.3,27.63
22,24,Student,2024-01,2205.52,Education,21.9,1596.23,609.3,27.63
22,24,Student,2024-01,2205.52,Shopping,169.83,1596.23,609.3,27.63
22,24,Student,2024-02,2378.34,Rent,682.64,1818.64,559.7,23.53
22,24,Student,2024-02,2378.34,Groceries,327.17,1818.64,559.7,23.53
22,24,Student,2024-02,2378.34,Transport,225.58,1818.64,559.7,23.53
22,24,Student,2024-02,2378.34,Entertainment,171.97,1818.64,559.7,23.53
22,24,Student,2024-02,2378.34,Utilities,108.18,1818.64,559.7,23.53
22,24,Student,2024-02,2378.34,Healthcare,138.54,1818.64,559.7,23.53
22,24,Student,2024-02,2378.34,Education,44.79,1818.64,559.7,23.53
22,24,Student,2024-02,2378.34,Shopping,119.76,1818.64,559.7,23.53
22,24,Student,2024-03,2133.23,Rent,637.02,1553.57,579.66,27.17
22,24,Student,2024-03,2133.23,Groceries,224.95,1553.57,579.66,27.17
22,24,Student,2024-03,2133.23,Transport,133.17,1553.57,579.66,27.17
22,24,Student,2024-03,2133.23,Entertainment,97.8,1553.57,579.66,27.17
22,24,Student,2024-03,2133.23,Utilities,137.09,1553.57,579.66,27.17
22,24,Student,2024-03,2133.23,Healthcare,117.37,1553.57,579.66,27.17
22,24,Student,2024-03,2133.23,Education,32.26,1553.57,579.66,27.17
22,24,Student,2024-03,2133.23,Shopping,173.91,1553.57,579.66,27.17
22,24,Student,2024-04,2363.28,Rent,771.53,1850.64,512.64,21.69
22,24,Student,2024-04,2363.28,Groceries,253.66,1850.64,512.64,21.69
22,24,Student,2024-04,2363.28,Transport,199.74,1850.64,512.64,21.69
22,24,Student,2024-04,2363.28,Entertainment,182.57,1850.64,512.64,21.69
22,24,Student,2024-04,2363.28,Utilities,142.92,1850.64,512.64,21.69
22,24,Student,2024-04,2363.28,Healthcare,78.61,1850.64,512.64,21.69
22,24,Student,2024-04,2363.28,Education,59.15,1850.64,512.64,21.69
22,24,Student,2024-04,2363.28,Shopping,162.46,1850.64,512.64,21.69
22,24,Student,2024-05,2262.94,Rent,592.88,1650.1,612.84,27.08
22,24,Student,2024-05,2262.94,Groceries,261.6,1650.1,612.84,27.08
22,24,Student,2024-05,2262.94,Transport,203.94,1650.1,612.84,27.08
22,24,Student,2024-05,2262.94,Entertainment,165.36,1650.1,612.84,27.08
22,24,Student,2024-05,2262.94,Utilities,99.84,1650.1,612.84,27.08
22,24,Student,2024-05,2262.94,Healthcare,131.47,1650.1,612.84,27.08
22,24,Student,2024-05,2262.94,Education,37.21,1650.1,612.84,27.08
22,24,Student,2024-05,2262.94,Shopping,157.81,1650.1,612.84,27.08
22,24,Student,2024-06,2332.77,Rent,772.6,1905.8,426.97,18.3
22,24,Student,2024-06,2332.77,Groceries,343.59,1905.8,426.97,18.3
22,24,Student,2024-06,2332.77,Transport,153.14,1905.8,426.97,18.3
22,24,Student,2024-06,2332.77,Entertainment,170.12,1905.8,426.97,18.3
22,24,Student,2024-06,2332.77,Utilities,102.53,1905.8,426.97,18.3
22,24,Student,2024-06,2332.77,Healthcare,112.44,1905.8,426.97,18.3
22,24,Student,2024-06,2332.77,Education,86.54,1905.8,426.97,18.3
22,24,Student,2024-06,2332.77,Shopping,164.84,1905.8,426.97,18.3
22,24,Student,2024-07,2188.19,Rent,738.09,1601.31,586.88,26.82
22,24,Student,2024-07,2188.19,Groceries,237.29,1601.31,586.88,26.82
22,24,Student,2024-07,2188.19,Transport,115.28,1601.31,586.88,26.82
22,24,Student,2024-07,2188.19,Entertainment,144.14,1601.31,586.88,26.82
22,24,Student,2024-07,2188.19,Utilities,118.74,1601.31,586.88,26.82
22,24,Student,2024-07,2188.19,Healthcare,118.08,1601.31,586.88,26.82
22,24,Student,2024-07,2188.19,Education,41.95,1601.31,586.88,26.82
22,24,Student,2024-07,2188.19,Shopping,87.74,1601.31,586.88,26.82
22,24,Student,2024-08,2357.26,Rent,718.71,1823.82,533.45,22.63
22,24,Student,2024-08,2357.26,Groceries,258.03,1823.82,533.45,22.63
22,24,Student,2024-08,2357.26,Transport,202.77,1823.82,533.45,22.63
22,24,Student,2024-08,2357.26,Entertainment,130.96,1823.82,533.45,22.63
22,24,Student,2024-08,2357.26,Utilities,137.03,1823.82,533.45,22.63
22,24,Student,2024-08,2357.26,Healthcare,90.6,1823.82,533.45,22.63
22,24,Student,2024-08,2357.26,Education,97.67,1823.82,533.45,22.63
22,24,Student,2024-08,2357.26,Shopping,188.05,1823.82,533.45,22.63
22,24,Student,2024-09,2320.49,Rent,604.58,1693.89,626.6,27.0
22,24,Student,2024-09,2320.49,Groceries,329.38,1693.89,626.6,27.0
22,24,Student,2024-09,2320.49,Transport,193.88,1693.89,626.6,27.0
22,24,Student,2024-09,2320.49,Entertainment,150.49,1693.89,626.6,27.0
22,24,Student,2024-09,2320.49,Utilities,118.09,1693.89,626.6,27.0
22,24,Student,2024-09,2320.49,Healthcare,128.02,1693.89,626.6,27.0
22,24,Student,2024-09,2320.49,Education,84.16,1693.89,626.6,27.0
22,24,Student,2024-09,2320.49,Shopping,85.29,1693.89,626.6,27.0
22,24,Student,2024-10,2233.19,Rent,756.24,1768.14,465.05,20.82
22,24,Student,2024-10,2233.19,Groceries,228.59,1768.14,465.05,20.82
22,24,Student,2024-10,2233.19,Transport,219.01,1768.14,465.05,20.82
22,24,Student,2024-10,2233.19,Entertainment,142.83,1768.14,465.05,20.82
22,24,Student,2024-10,2233.19,Utilities,131.63,1768.14,465.05,20.82
22,24,Student,2024-10,2233.19,Healthcare,68.83,1768.14,465.05,20.82
22,24,Student,2024-10,2233.19,Education,27.78,1768.14,465.05,20.82
22,24,Student,2024-10,2233.19,Shopping,193.22,1768.14,465.05,20.82
22,24,Student,2024-11,2201.49,Rent,721.1,1584.97,616.52,28.0
22,24,Student,2024-11,2201.49,Groceries,263.42,1584.97,616.52,28.0
22,24,Student,2024-11,2201.49,Transport,125.4,1584.97,616.52,28.0
22,24,Student,2024-11,2201.49,Entertainment,67.22,1584.97,616.52,28.0
22,24,Student,2024-11,2201.49,Utilities,124.01,1584.97,616.52,28.0
22,24,Student,2024-11,2201.49,Healthcare,129.96,1584.97,616.52,28.0
22,24,Student,2024-11,2201.49,Education,40.63,1584.97,616.52,28.0
22,24,Student,2024-11,2201.49,Shopping,113.23,1584.97,616.52,28.0
22,24,Student,2024-12,2214.76,Rent,668.98,1657.22,557.54,25.17
22,24,Student,2024-12,2214.76,Groceries,270.27,1657.22,557.54,25.17
22,24,Student,2024-12,2214.76,Transport,208.18,1657.22,557.54,25.17
22,24,Student,2024-12,2214.76,Entertainment,122.42,1657.22,557.54,25.17
22,24,Student,2024-12,2214.76,Utilities,122.33,1657.22,557.54,25.17
22,24,Student,2024-12,2214.76,Healthcare,56.55,1657.22,557.54,25.17
22,24,Student,2024-12,2214.76,Education,108.83,1657.22,557.54,25.17
22,24,Student,2024-12,2214.76,Shopping,99.66,1657.22,557.54,25.17
22,24,Student,2025-01,2136.4,Rent,675.77,1643.46,492.94,23.07
22,24,Student,2025-01,2136.4,Groceries,277.24,1643.46,492.94,23.07
22,24,Student,2025-01,2136.4,Transport,151.17,1643.46,492.94,23.07
22,24,Student,2025-01,2136.4,Entertainment,109.19,1643.46,492.94,23.07
22,24,Student,2025-01,2136.4,Utilities,135.77,1643.46,492.94,23.07
22,24,Student,2025-01,2136.4,Healthcare,59.45,1643.46,492.94,23.07
22,24,Student,2025-01,2136.4,Education,87.62,1643.46,492.94,23.07
22,24,Student,2025-01,2136.4,Shopping,147.25,1643.46,492.94,23.07
22,24,Student,2025-02,2236.43,Rent,661.54,1680.13,556.3,24.87
22,24,Student,2025-02,2236.43,Groceries,252.34,1680.13,556.3,24.87
22,24,Student,2025-02,2236.43,Transport,195.92,1680.13,556.3,24.87
22,24,Student,2025-02,2236.43,Entertainment,124.44,1680.13,556.3,24.87
22,24,Student,2025-02,2236.43,Utilities,110.98,1680.13,556.3,24.87
22,24,Student,2025-02,2236.43,Healthcare,98.05,1680.13,556.3,24.87
22,24,Student,2025-02,2236.43,Education,111.34,1680.13,556.3,24.87
22,24,Student,2025-02,2236.43,Shopping,125.5,1680.13,556.3,24.87
22,24,Student,2025-03,2381.65,Rent,677.58,1646.59,735.06,30.86
22,24,Student,2025-03,2381.65,Groceries,244.68,1646.59,735.06,30.86
22,24,Student,2025-03,2381.65,Transport,143.4,1646.59,735.06,30.86
22,24,Student,2025-03,2381.65,Entertainment,121.31,1646.59,735.06,30.86
22,24,Student,2025-03,2381.65,Utilities,110.96,1646.59,735.06,30.86
22,24,Student,2025-03,2381.65,Healthcare,47.65,1646.59,735.06,30.86
22,24,Student,2025-03,2381.65,Education,108.96,1646.59,735.06,30.86
22,24,Student,2025-03,2381.65,Shopping,192.04,1646.59,735.06,30.86
22,24,Student,2025-04,2330.01,Rent,621.6,1547.52,782.49,33.58
22,24,Student,2025-04,2330.01,Groceries,247.02,1547.52,782.49,33.58
22,24,Student,2025-04,2330.01,Transport,124.38,1547.52,782.49,33.58
22,24,Student,2025-04,2330.01,Entertainment,154.25,1547.52,782.49,33.58
22,24,Student,2025-04,2330.01,Utilities,158.12,1547.52,782.49,33.58
22,24,Student,2025-04,2330.01,Healthcare,86.73,1547.52,782.49,33.58
22,24,Student,2025-04,2330.01,Education,13.88,1547.52,782.49,33.58
22,24,Student,2025-04,2330.01,Shopping,141.53,1547.52,782.49,33.58
22,24,Student,2025-05,2216.13,Rent,637.1,1519.65,696.48,31.43
22,24,Student,2025-05,2216.13,Groceries,290.46,1519.65,696.48,31.43
22,24,Student,2025-05,2216.13,Transport,190.45,1519.65,696.48,31.43
22,24,Student,2025-05,2216.13,Entertainment,78.74,1519.65,696.48,31.43
22,24,Student,2025-05,2216.13,Utilities,91.01,1519.65,696.48,31.43
22,24,Student,2025-05,2216.13,Healthcare,132.47,1519.65,696.48,31.43
22,24,Student,2025-05,2216.13,Education,25.79,1519.65,696.48,31.43
22,24,Student,2025-05,2216.13,Shopping,73.64,1519.65,696.48,31.43
22,24,Student,2025-06,2170.12,Rent,550.98,1558.47,611.65,28.19
22,24,Student,2025-06,2170.12,Groceries,259.53,1558.47,611.65,28.19
22,24,Student,2025-06,2170.12,Transport,195.57,1558.47,611.65,28.19
22,24,Student,2025-06,2170.12,Entertainment,102.13,1558.47,611.65,28.19
22,24,Student,2025-06,2170.12,Utilities,115.72,1558.47,611.65,28.19
22,24,Student,2025-06,2170.12,Healthcare,102.05,1558.47,611.65,28.19
22,24,Student,2025-06,2170.12,Education,55.22,1558.47,611.65,28.19
22,24,Student,2025-06,2170.12,Shopping,177.27,1558.47,611.65,28.19
22,24,Student,2025-07,2365.83,Rent,593.8,1748.32,617.51,26.1
22,24,Student,2025-07,2365.83,Groceries,328.62,1748.32,617.51,26.1
22,24,Student,2025-07,2365.83,Transport,172.79,1748.32,617.51,26.1
22,24,Student,2025-07,2365.83,Entertainment,187.95,1748.32,617.51,26.1
22,24,Student,2025-07,2365.83,Utilities,128.93,1748.32,617.51,26.1
22,24,Student,2025-07,2365.83,Healthcare,140.71,1748.32,617.51,26.1
22,24,Student,2025-07,2365.83,Education,89.26,1748.32,617.51,26.1
22,24,Student,2025-07,2365.83,Shopping,106.26,1748.32,617.51,26.1
22,24,Student,2025-08,2271.0,Rent,793.06,1696.85,574.15,25.28
22,24,Student,2025-08,2271.0,Groceries,324.47,1696.85,574.15,25.28
22,24,Student,2025-08,2271.0,Transport,124.61,1696.85,574.15,25.28
22,24,Student,2025-08,2271.0,Entertainment,148.34,1696.85,574.15,25.28
22,24,Student,2025-08,2271.0,Utilities,114.38,1696.85,574.15,25.28
22,24,Student,2025-08,2271.0,Healthcare,46.05,1696.85,574.15,25.28
22,24,Student,2025-08,2271.0,Education,45.82,1696.85,574.15,25.28
22,24,Student,2025-08,2271.0,Shopping,100.12,1696.85,574.15,25.28
22,24,Student,2025-09,2352.18,Rent,667.39,1509.5,842.68,35.83
22,24,Student,2025-09,2352.18,Groceries,332.54,1509.5,842.68,35.83
22,24,Student,2025-09,2352.18,Transport,117.68,1509.5,842.68,35.83
22,24,Student,2025-09,2352.18,Entertainment,106.77,1509.5,842.68,35.83
22,24,Student,2025-09,2352.18,Utilities,111.11,1509.5,842.68,35.83
22,24,Student,2025-09,2352.18,Healthcare,69.02,1509.5,842.68,35.83
22,24,Student,2025-09,2352.18,Education,8.02,1509.5,842.68,35.83
22,24,Student,2025-09,2352.18,Shopping,96.97,1509.5,842.68,35.83
22,24,Student,2025-10,2275.96,Rent,635.3,1598.72,677.24,29.76
22,24,Student,2025-10,2275.96,Groceries,275.09,1598.72,677.24,29.76
22,24,Student,2025-10,2275.96,Transport,156.68,1598.72,677.24,29.76
22,24,Student,2025-10,2275.96,Entertainment,167.96,1598.72,677.24,29.76
22,24,Student,2025-10,2275.96,Utilities,152.85,1598.72,677.24,29.76
22,24,Student,2025-10,2275.96,Healthcare,90.4,1598.72,677.24,29.76
22,24,Student,2025-10,2275.96,Education,37.57,1598.72,677.24,29.76
22,24,Student,2025-10,2275.96,Shopping,82.86,1598.72,677.24,29.76
22,24,Student,2025-11,2391.12,Rent,612.18,1559.73,831.38,34.77
22,24,Student,2025-11,2391.12,Groceries,274.7,1559.73,831.38,34.77
22,24,Student,2025-11,2391.12,Transport,155.19,1559.73,831.38,34.77
22,24,Student,2025-11,2391.12,Entertainment,110.04,1559.73,831.38,34.77
22,24,Student,2025-11,2391.12,Utilities,107.43,1559.73,831.38,34.77
22,24,Student,2025-11,2391.12,Healthcare,122.73,1559.73,831.38,34.77
22,24,Student,2025-11,2391.12,Education,14.65,1559.73,831.38,34.77
22,24,Student,2025-11,2391.12,Shopping,162.82,1559.73,831.38,34.77
22,24,Student,2025-12,2151.01,Rent,552.92,1516.76,634.25,29.49
22,24,Student,2025-12,2151.01,Groceries,312.91,1516.76,634.25,29.49
22,24,Student,2025-12,2151.01,Transport,128.0,1516.76,634.25,29.49
22,24,Student,2025-12,2151.01,Entertainment,152.86,1516.76,634.25,29.49
22,24,Student,2025-12,2151.01,Utilities,121.19,1516.76,634.25,29.49
22,24,Student,2025-12,2151.01,Healthcare,49.72,1516.76,634.25,29.49
22,24,Student,2025-12,2151.01,Education,102.76,1516.76,634.25,29.49
22,24,Student,2025-12,2151.01,Shopping,96.4,1516.76,634.25,29.49
23,37,Manager,2024-01,4880.99,Rent,1470.05,3851.0,1029.99,21.1
23,37,Manager,2024-01,4880.99,Groceries,675.88,3851.0,1029.99,21.1
23,37,Manager,2024-01,4880.99,Transport,472.19,3851.0,1029.99,21.1
23,37,Manager,2024-01,4880.99,Entertainment,368.32,3851.0,1029.99,21.1
23,37,Manager,2024-01,4880.99,Utilities,315.26,3851.0,1029.99,21.1
23,37,Manager,2024-01,4880.99,Healthcare,271.03,3851.0,1029.99,21.1
23,37,Manager,2024-01,4880.99,Education,48.62,3851.0,1029.99,21.1
23,37,Manager,2024-01,4880.99,Shopping,229.66,3851.0,1029.99,21.1
23,37,Manager,2024-02,5064.83,Rent,1457.18,3473.2,1591.63,31.43
23,37,Manager,2024-02,5064.83,Groceries,606.09,3473.2,1591.63,31.43
23,37,Manager,2024-02,5064.83,Transport,391.15,3473.2,1591.63,31.43
23,37,Manager,2024-02,5064.83,Entertainment,192.43,3473.2,1591.63,31.43
23,37,Manager,2024-02,5064.83,Utilities,307.62,3473.2,1591.63,31.43
23,37,Manager,2024-02,5064.83,Healthcare,135.24,3473.2,1591.63,31.43
23,37,Manager,2024-02,5064.83,Education,78.58,3473.2,1591.63,31.43
23,37,Manager,2024-02,5064.83,Shopping,304.91,3473.2,1591.63,31.43
23,37,Manager,2024-03,5403.17,Rent,1750.34,3793.82,1609.35,29.79
23,37,Manager,2024-03,5403.17,Groceries,714.71,3793.82,1609.35,29.79
23,37,Manager,2024-03,5403.17,Transport,312.24,3793.82,1609.35,29.79
23,37,Manager,2024-03,5403.17,Entertainment,309.88,3793.82,1609.35,29.79
23,37,Manager,2024-03,5403.17,Utilities,230.3,3793.82,1609.35,29.79
23,37,Manager,2024-03,5403.17,Healthcare,189.62,3793.82,1609.35,29.79
23,37,Manager,2024-03,5403.17,Education,111.72,3793.82,1609.35,29.79
23,37,Manager,2024-03,5403.17,Shopping,175.0,3793.82,1609.35,29.79
23,37,Manager,2024-04,5054.84,Rent,1746.78,3841.38,1213.46,24.01
23,37,Manager,2024-04,5054.84,Groceries,746.51,3841.38,1213.46,24.01
23,37,Manager,2024-04,5054.84,Transport,341.79,3841.38,1213.46,24.01
23,37,Manager,2024-04,5054.84,Entertainment,162.54,3841.38,1213.46,24.01
23,37,Manager,2024-04,5054.84,Utilities,229.35,3841.38,1213.46,24.01
23,37,Manager,2024-04,5054.84,Healthcare,180.4,3841.38,1213.46,24.01
23,37,Manager,2024-04,5054.84,Education,239.54,3841.38,1213.46,24.01
23,37,Manager,2024-04,5054.84,Shopping,194.47,3841.38,1213.46,24.01
23,37,Manager,2024-05,5381.22,Rent,1403.79,3721.22,1660.0,30.85
23,37,Manager,2024-05,5381.22,Groceries,802.14,3721.22,1660.0,30.85
23,37,Manager,2024-05,5381.22,Transport,371.74,3721.22,1660.0,30.85
23,37,Manager,2024-05,5381.22,Entertainment,370.02,3721.22,1660.0,30.85
23,37,Manager,2024-05,5381.22,Utilities,270.56,3721.22,1660.0,30.85
23,37,Manager,2024-05,5381.22,Healthcare,242.73,3721.22,1660.0,30.85
23,37,Manager,2024-05,5381.22,Education,51.66,3721.22,1660.0,30.85
23,37,Manager,2024-05,5381.22,Shopping,208.58,3721.22,1660.0,30.85
23,37,Manager,2024-06,5497.59,Rent,1878.88,4382.19,1115.41,20.29
23,37,Manager,2024-06,5497.59,Groceries,793.71,4382.19,1115.41,20.29
23,37,Manager,2024-06,5497.59,Transport,446.8,4382.19,1115.41,20.29
23,37,Manager,2024-06,5497.59,Entertainment,387.1,4382.19,1115.41,20.29
23,37,Manager,2024-06,5497.59,Utilities,231.29,4382.19,1115.41,20.29
23,37,Manager,2024-06,5497.59,Healthcare,183.57,4382.19,1115.41,20.29
23,37,Manager,2024-06,5497.59,Education,86.23,4382.19,1115.41,20.29
23,37,Manager,2024-06,5497.59,Shopping,374.6,4382.19,1115.41,20.29
23,37,Manager,2024-07,5109.49,Rent,1353.25,3403.96,1705.53,33.38
23,37,Manager,2024-07,5109.49,Groceries,663.33,3403.96,1705.53,33.38
23,37,Manager,2024-07,5109.49,Transport,463.53,3403.96,1705.53,33.38
23,37,Manager,2024-07,5109.49,Entertainment,250.91,3403.96,1705.53,33.38
23,37,Manager,2024-07,5109.49,Utilities,224.65,3403.96,1705.53,33.38
23,37,Manager,2024-07,5109.49,Healthcare,142.39,3403.96,1705.53,33.38
23,37,Manager,2024-07,5109.49,Education,60.67,3403.96,1705.53,33.38
23,37,Manager,2024-07,5109.49,Shopping,245.22,3403.96,1705.53,33.38
23,37,Manager,2024-08,5300.73,Rent,1643.73,3975.36,1325.37,25.0
23,37,Manager,2024-08,5300.73,Groceries,714.56,3975.36,1325.37,25.0
23,37,Manager,2024-08,5300.73,Transport,361.11,3975.36,1325.37,25.0
23,37,Manager,2024-08,5300.73,Entertainment,377.41,3975.36,1325.37,25.0
23,37,Manager,2024-08,5300.73,Utilities,244.48,3975.36,1325.37,25.0
23,37,Manager,2024-08,5300.73,Healthcare,205.47,3975.36,1325.37,25.0
23,37,Manager,2024-08,5300.73,Education,212.28,3975.36,1325.37,25.0
23,37,Manager,2024-08,5300.73,Shopping,216.32,3975.36,1325.37,25.0
23,37,Manager,2024-09,4945.42,Rent,1673.37,3628.44,1316.98,26.63
23,37,Manager,2024-09,4945.42,Groceries,579.34,3628.44,1316.98,26.63
23,37,Manager,2024-09,4945.42,Transport,416.37,3628.44,1316.98,26.63
23,37,Manager,2024-09,4945.42,Entertainment,154.63,3628.44,1316.98,26.63
23,37,Manager,2024-09,4945.42,Utilities,300.19,3628.44,1316.98,26.63
23,37,Manager,2024-09,4945.42,Healthcare,161.44,3628.44,1316.98,26.63
23,37,Manager,2024-09,4945.42,Education,13.78,3628.44,1316.98,26.63
23,37,Manager,2024-09,4945.42,Shopping,329.31,3628.44,1316.98,26.63
23,37,Manager,2024-10,5032.72,Rent,1452.85,3288.51,1744.21,34.66
23,37,Manager,2024-10,5032.72,Groceries,523.55,3288.51,1744.21,34.66
23,37,Manager,2024-10,5032.72,Transport,288.67,3288.51,1744.21,34.66
23,37,Manager,2024-10,5032.72,Entertainment,225.96,3288.51,1744.21,34.66
23,37,Manager,2024-10,5032.72,Utilities,214.86,3288.51,1744.21,34.66
23,37,Manager,2024-10,5032.72,Healthcare,284.01,3288.51,1744.21,34.66
23,37,Manager,2024-10,5032.72,Education,1.52,3288.51,1744.21,34.66
23,37,Manager,2024-10,5032.72,Shopping,297.09,3288.51,1744.21,34.66
23,37,Manager,2024-11,4954.34,Rent,1391.02,3813.29,1141.05,23.03
23,37,Manager,2024-11,4954.34,Groceries,724.83,3813.29,1141.05,23.03
23,37,Manager,2024-11,4954.34,Transport,287.77,3813.29,1141.05,23.03
23,37,Manager,2024-11,4954.34,Entertainment,387.88,3813.29,1141.05,23.03
23,37,Manager,2024-11,4954.34,Utilities,228.76,3813.29,1141.05,23.03
23,37,Manager,2024-11,4954.34,Healthcare,246.05,3813.29,1141.05,23.03
23,37,Manager,2024-11,4954.34,Education,135.42,3813.29,1141.05,23.03
23,37,Manager,2024-11,4954.34,Shopping,411.55,3813.29,1141.05,23.03
23,37,Manager,2024-12,5241.53,Rent,1590.57,3776.02,1465.51,27.96
23,37,Manager,2024-12,5241.53,Groceries,575.38,3776.02,1465.51,27.96
23,37,Manager,2024-12,5241.53,Transport,305.64,3776.02,1465.51,27.96
23,37,Manager,2024-12,5241.53,Entertainment,397.44,3776.02,1465.51,27.96
23,37,Manager,2024-12,5241.53,Utilities,261.21,3776.02,1465.51,27.96
23,37,Manager,2024-12,5241.53,Healthcare,182.84,3776.02,1465.51,27.96
23,37,Manager,2024-12,5241.53,Education,199.13,3776.02,1465.51,27.96
23,37,Manager,2024-12,5241.53,Shopping,263.8,3776.02,1465.51,27.96
23,37,Manager,2025-01,5506.93,Rent,1783.1,4143.88,1363.04,24.75
23,37,Manager,2025-01,5506.93,Groceries,715.19,4143.88,1363.04,24.75
23,37,Manager,2025-01,5506.93,Transport,517.9,4143.88,1363.04,24.75
23,37,Manager,2025-01,5506.93,Entertainment,178.87,4143.88,1363.04,24.75
23,37,Manager,2025-01,5506.93,Utilities,262.75,4143.88,1363.04,24.75
23,37,Manager,2025-01,5506.93,Healthcare,212.58,4143.88,1363.04,24.75
23,37,Manager,2025-01,5506.93,Education,62.5,4143.88,1363.04,24.75
23,37,Manager,2025-01,5506.93,Shopping,411.01,4143.88,1363.04,24.75
23,37,Manager,2025-02,5485.02,Rent,1603.69,4158.5,1326.52,24.18
23,37,Manager,2025-02,5485.02,Groceries,642.33,4158.5,1326.52,24.18
23,37,Manager,2025-02,5485.02,Transport,537.96,4158.5,1326.52,24.18
23,37,Manager,2025-02,5485.02,Entertainment,286.55,4158.5,1326.52,24.18
23,37,Manager,2025-02,5485.02,Utilities,299.87,4158.5,1326.52,24.18
23,37,Manager,2025-02,5485.02,Healthcare,186.85,4158.5,1326.52,24.18
23,37,Manager,2025-02,5485.02,Education,249.44,4158.5,1326.52,24.18
23,37,Manager,2025-02,5485.02,Shopping,351.79,4158.5,1326.52,24.18
23,37,Manager,2025-03,5380.32,Rent,1781.86,4355.26,1025.07,19.05
23,37,Manager,2025-03,5380.32,Groceries,630.0,4355.26,1025.07,19.05
23,37,Manager,2025-03,5380.32,Transport,385.69,4355.26,1025.07,19.05
23,37,Manager,2025-03,5380.32,Entertainment,389.66,4355.26,1025.07,19.05
23,37,Manager,2025-03,5380.32,Utilities,273.85,4355.26,1025.07,19.05
23,37,Manager,2025-03,5380.32,Healthcare,278.47,4355.26,1025.07,19.05
23,37,Manager,2025-03,5380.32,Education,253.14,4355.26,1025.07,19.05
23,37,Manager,2025-03,5380.32,Shopping,362.59,4355.26,1025.07,19.05
23,37,Manager,2025-04,5366.63,Rent,1773.72,4140.56,1226.06,22.85
23,37,Manager,2025-04,5366.63,Groceries,763.41,4140.56,1226.06,22.85
23,37,Manager,2025-04,5366.63,Transport,374.34,4140.56,1226.06,22.85
23,37,Manager,2025-04,5366.63,Entertainment,174.75,4140.56,1226.06,22.85
23,37,Manager,2025-04,5366.63,Utilities,279.37,4140.56,1226.06,22.85
23,37,Manager,2025-04,5366.63,Healthcare,251.96,4140.56,1226.06,22.85
23,37,Manager,2025-04,5366.63,Education,120.84,4140.56,1226.06,22.85
23,37,Manager,2025-04,5366.63,Shopping,402.16,4140.56,1226.06,22.85
23,37,Manager,2025-05,5110.18,Rent,1601.91,3790.39,1319.79,25.83
23,37,Manager,2025-05,5110.18,Groceries,558.65,3790.39,1319.79,25.83
23,37,Manager,2025-05,5110.18,Transport,446.98,3790.39,1319.79,25.83
23,37,Manager,2025-05,5110.18,Entertainment,292.74,3790.39,1319.79,25.83
23,37,Manager,2025-05,5110.18,Utilities,235.69,3790.39,1319.79,25.83
23,37,Manager,2025-05,5110.18,Healthcare,161.87,3790.39,1319.79,25.83
23,37,Manager,2025-05,5110.18,Education,191.28,3790.39,1319.79,25.83
23,37,Manager,2025-05,5110.18,Shopping,301.28,3790.39,1319.79,25.83
23,37,Manager,2025-06,5016.2,Rent,1739.25,4216.4,799.8,15.94
23,37,Manager,2025-06,5016.2,Groceries,680.98,4216.4,799.8,15.94
23,37,Manager,2025-06,5016.2,Transport,490.87,4216.4,799.8,15.94
23,37,Manager,2025-06,5016.2,Entertainment,257.61,4216.4,799.8,15.94
23,37,Manager,2025-06,5016.2,Utilities,272.14,4216.4,799.8,15.94
23,37,Manager,2025-06,5016.2,Healthcare,280.5,4216.4,799.8,15.94
23,37,Manager,2025-06,5016.2,Education,131.69,4216.4,799.8,15.94
23,37,Manager,2025-06,5016.2,Shopping,363.36,4216.4,799.8,15.94
23,37,Manager,2025-07,5040.3,Rent,1485.24,3394.02,1646.28,32.66
23,37,Manager,2025-07,5040.3,Groceries,535.14,3394.02,1646.28,32.66
23,37,Manager,2025-07,5040.3,Transport,303.92,3394.02,1646.28,32.66
23,37,Manager,2025-07,5040.3,Entertainment,151.45,3394.02,1646.28,32.66
23,37,Manager,2025-07,5040.3,Utilities,207.55,3394.02,1646.28,32.66
23,37,Manager,2025-07,5040.3,Healthcare,297.84,3394.02,1646.28,32.66
23,37,Manager,2025-07,5040.3,Education,61.08,3394.02,1646.28,32.66
23,37,Manager,2025-07,5040.3,Shopping,351.81,3394.02,1646.28,32.66
23,37,Manager,2025-08,5431.61,Rent,1657.0,4264.11,1167.51,21.49
23,37,Manager,2025-08,5431.61,Groceries,584.75,4264.11,1167.51,21.49
23,37,Manager,2025-08,5431.61,Transport,469.32,4264.11,1167.51,21.49
23,37,Manager,2025-08,5431.61,Entertainment,325.97,4264.11,1167.51,21.49
23,37,Manager,2025-08,5431.61,Utilities,336.42,4264.11,1167.51,21.49
23,37,Manager,2025-08,5431.61,Healthcare,275.87,4264.11,1167.51,21.49
23,37,Manager,2025-08,5431.61,Education,264.9,4264.11,1167.51,21.49
23,37,Manager,2025-08,5431.61,Shopping,349.87,4264.11,1167.51,21.49
23,37,Manager,2025-09,5099.95,Rent,1605.7,3748.75,1351.2,26.49
23,37,Manager,2025-09,5099.95,Groceries,527.45,3748.75,1351.2,26.49
23,37,Manager,2025-09,5099.95,Transport,483.83,3748.75,1351.2,26.49
23,37,Manager,2025-09,5099.95,Entertainment,183.44,3748.75,1351.2,26.49
23,37,Manager,2025-09,5099.95,Utilities,254.16,3748.75,1351.2,26.49
23,37,Manager,2025-09,5099.95,Healthcare,268.41,3748.75,1351.2,26.49
23,37,Manager,2025-09,5099.95,Education,152.31,3748.75,1351.2,26.49
23,37,Manager,2025-09,5099.95,Shopping,273.45,3748.75,1351.2,26.49
23,37,Manager,2025-10,5187.82,Rent,1740.28,3955.51,1232.31,23.75
23,37,Manager,2025-10,5187.82,Groceries,606.98,3955.51,1232.31,23.75
23,37,Manager,2025-10,5187.82,Transport,484.97,3955.51,1232.31,23.75
23,37,Manager,2025-10,5187.82,Entertainment,178.5,3955.51,1232.31,23.75
23,37,Manager,2025-10,5187.82,Utilities,328.41,3955.51,1232.31,23.75
23,37,Manager,2025-10,5187.82,Healthcare,279.63,3955.51,1232.31,23.75
23,37,Manager,2025-10,5187.82,Education,47.16,3955.51,1232.31,23.75
23,37,Manager,2025-10,5187.82,Shopping,289.59,3955.51,1232.31,23.75
23,37,Manager,2025-11,4982.51,Rent,1597.69,3571.06,1411.45,28.33
23,37,Manager,2025-11,4982.51,Groceries,631.62,3571.06,1411.45,28.33
23,37,Manager,2025-11,4982.51,Transport,407.4,3571.06,1411.45,28.33
23,37,Manager,2025-11,4982.51,Entertainment,198.43,3571.06,1411.45,28.33
23,37,Manager,2025-11,4982.51,Utilities,230.95,3571.06,1411.45,28.33
23,37,Manager,2025-11,4982.51,Healthcare,107.92,3571.06,1411.45,28.33
23,37,Manager,2025-11,4982.51,Education,80.24,3571.06,1411.45,28.33
23,37,Manager,2025-11,4982.51,Shopping,316.81,3571.06,1411.45,28.33
23,37,Manager,2025-12,5444.17,Rent,1724.13,4122.35,1321.82,24.28
23,37,Manager,2025-12,5444.17,Groceries,662.94,4122.35,1321.82,24.28
23,37,Manager,2025-12,5444.17,Transport,531.66,4122.35,1321.82,24.28
23,37,Manager,2025-12,5444.17,Entertainment,359.11,4122.35,1321.82,24.28
23,37,Manager,2025-12,5444.17,Utilities,369.69,4122.35,1321.82,24.28
23,37,Manager,2025-12,5444.17,Healthcare,223.77,4122.35,1321.82,24.28
23,37,Manager,2025-12,5444.17,Education,70.48,4122.35,1321.82,24.28
23,37,Manager,2025-12,5444.17,Shopping,180.58,4122.35,1321.82,24.28
24,38,Teacher,2024-01,2587.94,Rent,725.34,1926.4,661.54,25.56
24,38,Teacher,2024-01,2587.94,Groceries,327.69,1926.4,661.54,25.56
24,38,Teacher,2024-01,2587.94,Transport,202.43,1926.4,661.54,25.56
24,38,Teacher,2024-01,2587.94,Entertainment,155.35,1926.4,661.54,25.56
24,38,Teacher,2024-01,2587.94,Utilities,116.43,1926.4,661.54,25.56
24,38,Teacher,2024-01,2587.94,Healthcare,91.07,1926.4,661.54,25.56
24,38,Teacher,2024-01,2587.94,Education,79.86,1926.4,661.54,25.56
24,38,Teacher,2024-01,2587.94,Shopping,228.23,1926.4,661.54,25.56
24,38,Teacher,2024-02,2799.16,Rent,958.04,2222.54,576.61,20.6
24,38,Teacher,2024-02,2799.16,Groceries,386.59,2222.54,576.61,20.6
24,38,Teacher,2024-02,2799.16,Transport,222.77,2222.54,576.61,20.6
24,38,Teacher,2024-02,2799.16,Entertainment,110.85,2222.54,576.61,20.6
24,38,Teacher,2024-02,2799.16,Utilities,167.95,2222.54,576.61,20.6
24,38,Teacher,2024-02,2799.16,Healthcare,125.78,2222.54,576.61,20.6
24,38,Teacher,2024-02,2799.16,Education,84.32,2222.54,576.61,20.6
24,38,Teacher,2024-02,2799.16,Shopping,166.23,2222.54,576.61,20.6
24,38,Teacher,2024-03,2729.85,Rent,773.76,1910.43,819.42,30.02
24,38,Teacher,2024-03,2729.85,Groceries,343.87,1910.43,819.42,30.02
24,38,Teacher,2024-03,2729.85,Transport,163.46,1910.43,819.42,30.02
24,38,Teacher,2024-03,2729.85,Entertainment,191.8,1910.43,819.42,30.02
24,38,Teacher,2024-03,2729.85,Utilities,124.41,1910.43,819.42,30.02
24,38,Teacher,2024-03,2729.85,Healthcare,63.87,1910.43,819.42,30.02
24,38,Teacher,2024-03,2729.85,Education,59.54,1910.43,819.42,30.02
24,38,Teacher,2024-03,2729.85,Shopping,189.72,1910.43,819.42,30.02
24,38,Teacher,2024-04,2698.17,Rent,749.21,2018.16,680.01,25.2
24,38,Teacher,2024-04,2698.17,Groceries,345.12,2018.16,680.01,25.2
24,38,Teacher,2024-04,2698.17,Transport,181.72,2018.16,680.01,25.2
24,38,Teacher,2024-04,2698.17,Entertainment,206.8,2018.16,680.01,25.2
24,38,Teacher,2024-04,2698.17,Utilities,182.61,2018.16,680.01,25.2
24,38,Teacher,2024-04,2698.17,Healthcare,108.18,2018.16,680.01,25.2
24,38,Teacher,2024-04,2698.17,Education,44.23,2018.16,680.01,25.2
24,38,Teacher,2024-04,2698.17,Shopping,200.28,2018.16,680.01,25.2
24,38,Teacher,2024-05,2558.47,Rent,761.09,1807.58,750.9,29.35
24,38,Teacher,2024-05,2558.47,Groceries,298.87,1807.58,750.9,29.35
24,38,Teacher,2024-05,2558.47,Transport,245.68,1807.58,750.9,29.35
24,38,Teacher,2024-05,2558.47,Entertainment,78.29,1807.58,750.9,29.35
24,38,Teacher,2024-05,2558.47,Utilities,144.77,1807.58,750.9,29.35
24,38,Teacher,2024-05,2558.47,Healthcare,126.97,1807.58,750.9,29.35
24,38,Teacher,2024-05,2558.47,Education,62.05,1807.58,750.9,29.35
24,38,Teacher,2024-05,2558.47,Shopping,89.86,1807.58,750.9,29.35
24,38,Teacher,2024-06,2884.45,Rent,870.53,2047.79,836.66,29.01
24,38,Teacher,2024-06,2884.45,Groceries,377.02,2047.79,836.66,29.01
24,38,Teacher,2024-06,2884.45,Transport,178.35,2047.79,836.66,29.01
24,38,Teacher,2024-06,2884.45,Entertainment,156.26,2047.79,836.66,29.01
24,38,Teacher,2024-06,2884.45,Utilities,152.51,2047.79,836.66,29.01
24,38,Teacher,2024-06,2884.45,Healthcare,66.33,2047.79,836.66,29.01
24,38,Teacher,2024-06,2884.45,Education,15.31,2047.79,836.66,29.01
24,38,Teacher,2024-06,2884.45,Shopping,231.47,2047.79,836.66,29.01
24,38,Teacher,2024-07,2629.23,Rent,708.57,1665.19,964.04,36.67
24,38,Teacher,2024-07,2629.23,Groceries,329.3,1665.19,964.04,36.67
24,38,Teacher,2024-07,2629.23,Transport,232.52,1665.19,964.04,36.67
24,38,Teacher,2024-07,2629.23,Entertainment,87.02,1665.19,964.04,36.67
24,38,Teacher,2024-07,2629.23,Utilities,150.67,1665.19,964.04,36.67
24,38,Teacher,2024-07,2629.23,Healthcare,65.12,1665.19,964.04,36.67
24,38,Teacher,2024-07,2629.23,Education,4.79,1665.19,964.04,36.67
24,38,Teacher,2024-07,2629.23,Shopping,87.2,1665.19,964.04,36.67
24,38,Teacher,2024-08,2836.27,Rent,742.53,1848.77,987.5,34.82
24,38,Teacher,2024-08,2836.27,Groceries,290.03,1848.77,987.5,34.82
24,38,Teacher,2024-08,2836.27,Transport,203.91,1848.77,987.5,34.82
24,38,Teacher,2024-08,2836.27,Entertainment,204.78,1848.77,987.5,34.82
24,38,Teacher,2024-08,2836.27,Utilities,135.78,1848.77,987.5,34.82
24,38,Teacher,2024-08,2836.27,Healthcare,104.57,1848.77,987.5,34.82
24,38,Teacher,2024-08,2836.27,Education,5.66,1848.77,987.5,34.82
24,38,Teacher,2024-08,2836.27,Shopping,161.51,1848.77,987.5,34.82
24,38,Teacher,2024-09,2746.9,Rent,843.55,1994.55,752.35,27.39
24,38,Teacher,2024-09,2746.9,Groceries,320.35,1994.55,752.35,27.39
24,38,Teacher,2024-09,2746.9,Transport,180.68,1994.55,752.35,27.39
24,38,Teacher,2024-09,2746.9,Entertainment,97.05,1994.55,752.35,27.39
24,38,Teacher,2024-09,2746.9,Utilities,140.1,1994.55,752.35,27.39
24,38,Teacher,2024-09,2746.9,Healthcare,65.87,1994.55,752.35,27.39
24,38,Teacher,2024-09,2746.9,Education,105.29,1994.55,752.35,27.39
24,38,Teacher,2024-09,2746.9,Shopping,241.66,1994.55,752.35,27.39
24,38,Teacher,2024-10,2883.62,Rent,970.36,2285.46,598.16,20.74
24,38,Teacher,2024-10,2883.62,Groceries,374.98,2285.46,598.16,20.74
24,38,Teacher,2024-10,2883.62,Transport,245.23,2285.46,598.16,20.74
24,38,Teacher,2024-10,2883.62,Entertainment,127.63,2285.46,598.16,20.74
24,38,Teacher,2024-10,2883.62,Utilities,169.91,2285.46,598.16,20.74
24,38,Teacher,2024-10,2883.62,Healthcare,110.23,2285.46,598.16,20.74
24,38,Teacher,2024-10,2883.62,Education,69.5,2285.46,598.16,20.74
24,38,Teacher,2024-10,2883.62,Shopping,217.62,2285.46,598.16,20.74
24,38,Teacher,2024-11,2643.89,Rent,745.06,1901.57,742.32,28.08
24,38,Teacher,2024-11,2643.89,Groceries,386.62,1901.57,742.32,28.08
24,38,Teacher,2024-11,2643.89,Transport,139.63,1901.57,742.32,28.08
24,38,Teacher,2024-11,2643.89,Entertainment,143.52,1901.57,742.32,28.08
24,38,Teacher,2024-11,2643.89,Utilities,178.16,1901.57,742.32,28.08
24,38,Teacher,2024-11,2643.89,Healthcare,117.43,1901.57,742.32,28.08
24,38,Teacher,2024-11,2643.89,Education,72.23,1901.57,742.32,28.08
24,38,Teacher,2024-11,2643.89,Shopping,118.93,1901.57,742.32,28.08
24,38,Teacher,2024-12,2665.27,Rent,893.41,2020.14,645.12,24.2
24,38,Teacher,2024-12,2665.27,Groceries,341.05,2020.14,645.12,24.2
24,38,Teacher,2024-12,2665.27,Transport,201.86,2020.14,645.12,24.2
24,38,Teacher,2024-12,2665.27,Entertainment,93.23,2020.14,645.12,24.2
24,38,Teacher,2024-12,2665.27,Utilities,107.89,2020.14,645.12,24.2
24,38,Teacher,2024-12,2665.27,Healthcare,156.04,2020.14,645.12,24.2
24,38,Teacher,2024-12,2665.27,Education,50.24,2020.14,645.12,24.2
24,38,Teacher,2024-12,2665.27,Shopping,176.42,2020.14,645.12,24.2
24,38,Teacher,2025-01,2573.45,Rent,819.16,2036.23,537.22,20.88
24,38,Teacher,2025-01,2573.45,Groceries,377.34,2036.23,537.22,20.88
24,38,Teacher,2025-01,2573.45,Transport,202.75,2036.23,537.22,20.88
24,38,Teacher,2025-01,2573.45,Entertainment,93.43,2036.23,537.22,20.88
24,38,Teacher,2025-01,2573.45,Utilities,147.85,2036.23,537.22,20.88
24,38,Teacher,2025-01,2573.45,Healthcare,130.36,2036.23,537.22,20.88
24,38,Teacher,2025-01,2573.45,Education,52.29,2036.23,537.22,20.88
24,38,Teacher,2025-01,2573.45,Shopping,213.06,2036.23,537.22,20.88
24,38,Teacher,2025-02,2771.66,Rent,942.16,2173.42,598.23,21.58
24,38,Teacher,2025-02,2771.66,Groceries,363.57,2173.42,598.23,21.58
24,38,Teacher,2025-02,2771.66,Transport,156.78,2173.42,598.23,21.58
24,38,Teacher,2025-02,2771.66,Entertainment,126.07,2173.42,598.23,21.58
24,38,Teacher,2025-02,2771.66,Utilities,127.65,2173.42,598.23,21.58
24,38,Teacher,2025-02,2771.66,Healthcare,156.19,2173.42,598.23,21.58
24,38,Teacher,2025-02,2771.66,Education,105.38,2173.42,598.23,21.58
24,38,Teacher,2025-02,2771.66,Shopping,195.63,2173.42,598.23,21.58
24,38,Teacher,2025-03,2650.53,Rent,711.41,1791.12,859.41,32.42
24,38,Teacher,2025-03,2650.53,Groceries,365.3,1791.12,859.41,32.42
24,38,Teacher,2025-03,2650.53,Transport,195.36,1791.12,859.41,32.42
24,38,Teacher,2025-03,2650.53,Entertainment,109.44,1791.12,859.41,32.42
24,38,Teacher,2025-03,2650.53,Utilities,155.05,1791.12,859.41,32.42
24,38,Teacher,2025-03,2650.53,Healthcare,57.29,1791.12,859.41,32.42
24,38,Teacher,2025-03,2650.53,Education,43.23,1791.12,859.41,32.42
24,38,Teacher,2025-03,2650.53,Shopping,154.03,1791.12,859.41,32.42
24,38,Teacher,2025-04,2597.23,Rent,905.04,1857.64,739.59,28.48
24,38,Teacher,2025-04,2597.23,Groceries,286.88,1857.64,739.59,28.48
24,38,Teacher,2025-04,2597.23,Transport,146.79,1857.64,739.59,28.48
24,38,Teacher,2025-04,2597.23,Entertainment,104.35,1857.64,739.59,28.48
24,38,Teacher,2025-04,2597.23,Utilities,163.81,1857.64,739.59,28.48
24,38,Teacher,2025-04,2597.23,Healthcare,96.15,1857.64,739.59,28.48
24,38,Teacher,2025-04,2597.23,Education,73.43,1857.64,739.59,28.48
24,38,Teacher,2025-04,2597.23,Shopping,81.19,1857.64,739.59,28.48
24,38,Teacher,2025-05,2557.68,Rent,753.45,1984.41,573.26,22.41
24,38,Teacher,2025-05,2557.68,Groceries,360.2,1984.41,573.26,22.41
24,38,Teacher,2025-05,2557.68,Transport,241.09,1984.41,573.26,22.41
24,38,Teacher,2025-05,2557.68,Entertainment,87.82,1984.41,573.26,22.41
24,38,Teacher,2025-05,2557.68,Utilities,143.62,1984.41,573.26,22.41
24,38,Teacher,2025-05,2557.68,Healthcare,144.58,1984.41,573.26,22.41
24,38,Teacher,2025-05,2557.68,Education,49.62,1984.41,573.26,22.41
24,38,Teacher,2025-05,2557.68,Shopping,204.04,1984.41,573.26,22.41
24,38,Teacher,2025-06,2592.26,Rent,890.54,2110.48,481.78,18.59
24,38,Teacher,2025-06,2592.26,Groceries,356.62,2110.48,481.78,18.59
24,38,Teacher,2025-06,2592.26,Transport,251.62,2110.48,481.78,18.59
24,38,Teacher,2025-06,2592.26,Entertainment,165.47,2110.48,481.78,18.59
24,38,Teacher,2025-06,2592.26,Utilities,131.95,2110.48,481.78,18.59
24,38,Teacher,2025-06,2592.26,Healthcare,149.13,2110.48,481.78,18.59
24,38,Teacher,2025-06,2592.26,Education,35.72,2110.48,481.78,18.59
24,38,Teacher,2025-06,2592.26,Shopping,129.43,2110.48,481.78,18.59
24,38,Teacher,2025-07,2789.82,Rent,910.96,2104.01,685.8,24.58
24,38,Teacher,2025-07,2789.82,Groceries,408.62,2104.01,685.8,24.58
24,38,Teacher,2025-07,2789.82,Transport,168.06,2104.01,685.8,24.58
24,38,Teacher,2025-07,2789.82,Entertainment,195.01,2104.01,685.8,24.58
24,38,Teacher,2025-07,2789.82,Utilities,173.4,2104.01,685.8,24.58
24,38,Teacher,2025-07,2789.82,Healthcare,62.92,2104.01,685.8,24.58
24,38,Teacher,2025-07,2789.82,Education,54.01,2104.01,685.8,24.58
24,38,Teacher,2025-07,2789.82,Shopping,131.03,2104.01,685.8,24.58
24,38,Teacher,2025-08,2651.76,Rent,923.59,2260.45,391.3,14.76
24,38,Teacher,2025-08,2651.76,Groceries,350.4,2260.45,391.3,14.76
24,38,Teacher,2025-08,2651.76,Transport,227.74,2260.45,391.3,14.76
24,38,Teacher,2025-08,2651.76,Entertainment,209.04,2260.45,391.3,14.76
24,38,Teacher,2025-08,2651.76,Utilities,136.08,2260.45,391.3,14.76
24,38,Teacher,2025-08,2651.76,Healthcare,138.09,2260.45,391.3,14.76
24,38,Teacher,2025-08,2651.76,Education,57.61,2260.45,391.3,14.76
24,38,Teacher,2025-08,2651.76,Shopping,217.9,2260.45,391.3,14.76
24,38,Teacher,2025-09,2608.62,Rent,899.37,2041.87,566.75,21.73
24,38,Teacher,2025-09,2608.62,Groceries,289.4,2041.87,566.75,21.73
24,38,Teacher,2025-09,2608.62,Transport,172.98,2041.87,566.75,21.73
24,38,Teacher,2025-09,2608.62,Entertainment,176.89,2041.87,566.75,21.73
24,38,Teacher,2025-09,2608.62,Utilities,135.16,2041.87,566.75,21.73
24,38,Teacher,2025-09,2608.62,Healthcare,115.64,2041.87,566.75,21.73
24,38,Teacher,2025-09,2608.62,Education,57.99,2041.87,566.75,21.73
24,38,Teacher,2025-09,2608.62,Shopping,194.45,2041.87,566.75,21.73
24,38,Teacher,2025-10,2625.22,Rent,671.65,1673.5,951.72,36.25
24,38,Teacher,2025-10,2625.22,Groceries,301.89,1673.5,951.72,36.25
24,38,Teacher,2025-10,2625.22,Transport,193.52,1673.5,951.72,36.25
24,38,Teacher,2025-10,2625.22,Entertainment,100.81,1673.5,951.72,36.25
24,38,Teacher,2025-10,2625.22,Utilities,132.95,1673.5,951.72,36.25
24,38,Teacher,2025-10,2625.22,Healthcare,94.51,1673.5,951.72,36.25
24,38,Teacher,2025-10,2625.22,Education,7.53,1673.5,951.72,36.25
24,38,Teacher,2025-10,2625.22,Shopping,170.64,1673.5,951.72,36.25
24,38,Teacher,2025-11,2853.75,Rent,756.74,1947.41,906.34,31.76
24,38,Teacher,2025-11,2853.75,Groceries,370.67,1947.41,906.34,31.76
24,38,Teacher,2025-11,2853.75,Transport,237.54,1947.41,906.34,31.76
24,38,Teacher,2025-11,2853.75,Entertainment,145.45,1947.41,906.34,31.76
24,38,Teacher,2025-11,2853.75,Utilities,174.17,1947.41,906.34,31.76
24,38,Teacher,2025-11,2853.75,Healthcare,103.96,1947.41,906.34,31.76
24,38,Teacher,2025-11,2853.75,Education,72.01,1947.41,906.34,31.76
24,38,Teacher,2025-11,2853.75,Shopping,86.87,1947.41,906.34,31.76
24,38,Teacher,2025-12,2786.65,Rent,880.96,2164.25,622.4,22.33
24,38,Teacher,2025-12,2786.65,Groceries,284.02,2164.25,622.4,22.33
24,38,Teacher,2025-12,2786.65,Transport,190.64,2164.25,622.4,22.33
24,38,Teacher,2025-12,2786.65,Entertainment,220.01,2164.25,622.4,22.33
24,38,Teacher,2025-12,2786.65,Utilities,146.64,2164.25,622.4,22.33
24,38,Teacher,2025-12,2786.65,Healthcare,111.68,2164.25,622.4,22.33
24,38,Teacher,2025-12,2786.65,Education,126.78,2164.25,622.4,22.33
24,38,Teacher,2025-12,2786.65,Shopping,203.52,2164.25,622.4,22.33
25,34,Engineer,2024-01,4486.8,Rent,1294.91,3264.11,1222.69,27.25
25,34,Engineer,2024-01,4486.8,Groceries,665.55,3264.11,1222.69,27.25
25,34,Engineer,2024-01,4486.8,Transport,380.74,3264.11,1222.69,27.25
25,34,Engineer,2024-01,4486.8,Entertainment,153.27,3264.11,1222.69,27.25
25,34,Engineer,2024-01,4486.8,Utilities,295.63,3264.11,1222.69,27.25
25,34,Engineer,2024-01,4486.8,Healthcare,175.98,3264.11,1222.69,27.25
25,34,Engineer,2024-01,4486.8,Education,15.42,3264.11,1222.69,27.25
25,34,Engineer,2024-01,4486.8,Shopping,282.59,3264.11,1222.69,27.25
25,34,Engineer,2024-02,4453.4,Rent,1504.25,3432.58,1020.82,22.92
25,34,Engineer,2024-02,4453.4,Groceries,490.76,3432.58,1020.82,22.92
25,34,Engineer,2024-02,4453.4,Transport,406.7,3432.58,1020.82,22.92
25,34,Engineer,2024-02,4453.4,Entertainment,257.78,3432.58,1020.82,22.92
25,34,Engineer,2024-02,4453.4,Utilities,185.43,3432.58,1020.82,22.92
25,34,Engineer,2024-02,4453.4,Healthcare,262.19,3432.58,1020.82,22.92
25,34,Engineer,2024-02,4453.4,Education,114.14,3432.58,1020.82,22.92
25,34,Engineer,2024-02,4453.4,Shopping,211.33,3432.58,1020.82,22.92
25,34,Engineer,2024-03,4483.51,Rent,1505.5,3203.41,1280.1,28.55
25,34,Engineer,2024-03,4483.51,Groceries,516.7,3203.41,1280.1,28.55
25,34,Engineer,2024-03,4483.51,Transport,267.37,3203.41,1280.1,28.55
25,34,Engineer,2024-03,4483.51,Entertainment,163.44,3203.41,1280.1,28.55
25,34,Engineer,2024-03,4483.51,Utilities,219.4,3203.41,1280.1,28.55
25,34,Engineer,2024-03,4483.51,Healthcare,229.56,3203.41,1280.1,28.55
25,34,Engineer,2024-03,4483.51,Education,105.73,3203.41,1280.1,28.55
25,34,Engineer,2024-03,4483.51,Shopping,195.7,3203.41,1280.1,28.55
25,34,Engineer,2024-04,4308.71,Rent,1220.54,3277.76,1030.95,23.93
25,34,Engineer,2024-04,4308.71,Groceries,633.36,3277.76,1030.95,23.93
25,34,Engineer,2024-04,4308.71,Transport,289.34,3277.76,1030.95,23.93
25,34,Engineer,2024-04,4308.71,Entertainment,342.14,3277.76,1030.95,23.93
25,34,Engineer,2024-04,4308.71,Utilities,235.07,3277.76,1030.95,23.93
25,34,Engineer,2024-04,4308.71,Healthcare,117.05,3277.76,1030.95,23.93
25,34,Engineer,2024-04,4308.71,Education,191.98,3277.76,1030.95,23.93
25,34,Engineer,2024-04,4308.71,Shopping,248.27,3277.76,1030.95,23.93
25,34,Engineer,2024-05,4622.03,Rent,1610.18,3146.88,1475.15,31.92
25,34,Engineer,2024-05,4622.03,Groceries,473.8,3146.88,1475.15,31.92
25,34,Engineer,2024-05,4622.03,Transport,253.45,3146.88,1475.15,31.92
25,34,Engineer,2024-05,4622.03,Entertainment,305.16,3146.88,1475.15,31.92
25,34,Engineer,2024-05,4622.03,Utilities,223.96,3146.88,1475.15,31.92
25,34,Engineer,2024-05,4622.03,Healthcare,126.51,3146.88,1475.15,31.92
25,34,Engineer,2024-05,4622.03,Education,9.1,3146.88,1475.15,31.92
25,34,Engineer,2024-05,4622.03,Shopping,144.72,3146.88,1475.15,31.92
25,34,Engineer,2024-06,4659.39,Rent,1227.49,3200.7,1458.7,31.31
25,34,Engineer,2024-06,4659.39,Groceries,574.9,3200.7,1458.7,31.31
25,34,Engineer,2024-06,4659.39,Transport,374.13,3200.7,1458.7,31.31
25,34,Engineer,2024-06,4659.39,Entertainment,239.57,3200.7,1458.7,31.31
25,34,Engineer,2024-06,4659.39,Utilities,190.16,3200.7,1458.7,31.31
25,34,Engineer,2024-06,4659.39,Healthcare,239.21,3200.7,1458.7,31.31
25,34,Engineer,2024-06,4659.39,Education,2.45,3200.7,1458.7,31.31
25,34,Engineer,2024-06,4659.39,Shopping,352.78,3200.7,1458.7,31.31
25,34,Engineer,2024-07,4727.89,Rent,1386.61,3543.3,1184.59,25.06
25,34,Engineer,2024-07,4727.89,Groceries,599.39,3543.3,1184.59,25.06
25,34,Engineer,2024-07,4727.89,Transport,349.15,3543.3,1184.59,25.06
25,34,Engineer,2024-07,4727.89,Entertainment,233.84,3543.3,1184.59,25.06
25,34,Engineer,2024-07,4727.89,Utilities,314.99,3543.3,1184.59,25.06
25,34,Engineer,2024-07,4727.89,Healthcare,263.61,3543.3,1184.59,25.06
25,34,Engineer,2024-07,4727.89,Education,79.39,3543.3,1184.59,25.06
25,34,Engineer,2024-07,4727.89,Shopping,316.32,3543.3,1184.59,25.06
25,34,Engineer,2024-08,4747.26,Rent,1643.53,3601.53,1145.74,24.13
25,34,Engineer,2024-08,4747.26,Groceries,595.53,3601.53,1145.74,24.13
25,34,Engineer,2024-08,4747.26,Transport,344.85,3601.53,1145.74,24.13
25,34,Engineer,2024-08,4747.26,Entertainment,208.57,3601.53,1145.74,24.13
25,34,Engineer,2024-08,4747.26,Utilities,326.45,3601.53,1145.74,24.13
25,34,Engineer,2024-08,4747.26,Healthcare,122.06,3601.53,1145.74,24.13
25,34,Engineer,2024-08,4747.26,Education,137.63,3601.53,1145.74,24.13
25,34,Engineer,2024-08,4747.26,Shopping,222.9,3601.53,1145.74,24.13
25,34,Engineer,2024-09,4373.75,Rent,1270.56,3076.39,1297.36,29.66
25,34,Engineer,2024-09,4373.75,Groceries,655.8,3076.39,1297.36,29.66
25,34,Engineer,2024-09,4373.75,Transport,230.71,3076.39,1297.36,29.66
25,34,Engineer,2024-09,4373.75,Entertainment,257.73,3076.39,1297.36,29.66
25,34,Engineer,2024-09,4373.75,Utilities,185.78,3076.39,1297.36,29.66
25,34,Engineer,2024-09,4373.75,Healthcare,114.51,3076.39,1297.36,29.66
25,34,Engineer,2024-09,4373.75,Education,96.13,3076.39,1297.36,29.66
25,34,Engineer,2024-09,4373.75,Shopping,265.17,3076.39,1297.36,29.66
25,34,Engineer,2024-10,4362.09,Rent,1228.57,3246.87,1115.22,25.57
25,34,Engineer,2024-10,4362.09,Groceries,455.18,3246.87,1115.22,25.57
25,34,Engineer,2024-10,4362.09,Transport,284.24,3246.87,1115.22,25.57
25,34,Engineer,2024-10,4362.09,Entertainment,341.67,3246.87,1115.22,25.57
25,34,Engineer,2024-10,4362.09,Utilities,298.11,3246.87,1115.22,25.57
25,34,Engineer,2024-10,4362.09,Healthcare,145.67,3246.87,1115.22,25.57
25,34,Engineer,2024-10,4362.09,Education,124.51,3246.87,1115.22,25.57
25,34,Engineer,2024-10,4362.09,Shopping,368.93,3246.87,1115.22,25.57
25,34,Engineer,2024-11,4216.46,Rent,1395.94,3067.97,1148.49,27.24
25,34,Engineer,2024-11,4216.46,Groceries,621.58,3067.97,1148.49,27.24
25,34,Engineer,2024-11,4216.46,Transport,230.08,3067.97,1148.49,27.24
25,34,Engineer,2024-11,4216.46,Entertainment,160.53,3067.97,1148.49,27.24
25,34,Engineer,2024-11,4216.46,Utilities,290.19,3067.97,1148.49,27.24
25,34,Engineer,2024-11,4216.46,Healthcare,174.99,3067.97,1148.49,27.24
25,34,Engineer,2024-11,4216.46,Education,2.99,3067.97,1148.49,27.24
25,34,Engineer,2024-11,4216.46,Shopping,191.67,3067.97,1148.49,27.24
25,34,Engineer,2024-12,4472.29,Rent,1427.96,3390.03,1082.26,24.2
25,34,Engineer,2024-12,4472.29,Groceries,611.17,3390.03,1082.26,24.2
25,34,Engineer,2024-12,4472.29,Transport,446.21,3390.03,1082.26,24.2
25,34,Engineer,2024-12,4472.29,Entertainment,198.46,3390.03,1082.26,24.2
25,34,Engineer,2024-12,4472.29,Utilities,251.1,3390.03,1082.26,24.2
25,34,Engineer,2024-12,4472.29,Healthcare,184.85,3390.03,1082.26,24.2
25,34,Engineer,2024-12,4472.29,Education,90.71,3390.03,1082.26,24.2
25,34,Engineer,2024-12,4472.29,Shopping,179.56,3390.03,1082.26,24.2
25,34,Engineer,2025-01,4776.41,Rent,1601.68,3826.2,950.21,19.89
25,34,Engineer,2025-01,4776.41,Groceries,596.65,3826.2,950.21,19.89
25,34,Engineer,2025-01,4776.41,Transport,382.89,3826.2,950.21,19.89
25,34,Engineer,2025-01,4776.41,Entertainment,197.57,3826.2,950.21,19.89
25,34,Engineer,2025-01,4776.41,Utilities,268.98,3826.2,950.21,19.89
25,34,Engineer,2025-01,4776.41,Healthcare,228.31,3826.2,950.21,19.89
25,34,Engineer,2025-01,4776.41,Education,123.03,3826.2,950.21,19.89
25,34,Engineer,2025-01,4776.41,Shopping,427.09,3826.2,950.21,19.89
25,34,Engineer,2025-02,4565.34,Rent,1310.7,3283.73,1281.61,28.07
25,34,Engineer,2025-02,4565.34,Groceries,632.79,3283.73,1281.61,28.07
25,34,Engineer,2025-02,4565.34,Transport,267.18,3283.73,1281.61,28.07
25,34,Engineer,2025-02,4565.34,Entertainment,224.73,3283.73,1281.61,28.07
25,34,Engineer,2025-02,4565.34,Utilities,230.13,3283.73,1281.61,28.07
25,34,Engineer,2025-02,4565.34,Healthcare,170.16,3283.73,1281.61,28.07
25,34,Engineer,2025-02,4565.34,Education,178.45,3283.73,1281.61,28.07
25,34,Engineer,2025-02,4565.34,Shopping,269.59,3283.73,1281.61,28.07
25,34,Engineer,2025-03,4670.65,Rent,1436.92,3211.84,1458.81,31.23
25,34,Engineer,2025-03,4670.65,Groceries,546.95,3211.84,1458.81,31.23
25,34,Engineer,2025-03,4670.65,Transport,422.69,3211.84,1458.81,31.23
25,34,Engineer,2025-03,4670.65,Entertainment,195.77,3211.84,1458.81,31.23
25,34,Engineer,2025-03,4670.65,Utilities,218.27,3211.84,1458.81,31.23
25,34,Engineer,2025-03,4670.65,Healthcare,187.67,3211.84,1458.81,31.23
25,34,Engineer,2025-03,4670.65,Education,60.92,3211.84,1458.81,31.23
25,34,Engineer,2025-03,4670.65,Shopping,142.67,3211.84,1458.81,31.23
25,34,Engineer,2025-04,4586.64,Rent,1381.08,3588.2,998.45,21.77
25,34,Engineer,2025-04,4586.64,Groceries,560.84,3588.2,998.45,21.77
25,34,Engineer,2025-04,4586.64,Transport,451.09,3588.2,998.45,21.77
25,34,Engineer,2025-04,4586.64,Entertainment,268.59,3588.2,998.45,21.77
25,34,Engineer,2025-04,4586.64,Utilities,302.27,3588.2,998.45,21.77
25,34,Engineer,2025-04,4586.64,Healthcare,117.32,3588.2,998.45,21.77
25,34,Engineer,2025-04,4586.64,Education,130.54,3588.2,998.45,21.77
25,34,Engineer,2025-04,4586.64,Shopping,376.47,3588.2,998.45,21.77
25,34,Engineer,2025-05,4549.06,Rent,1463.89,3432.91,1116.15,24.54
25,34,Engineer,2025-05,4549.06,Groceries,539.53,3432.91,1116.15,24.54
25,34,Engineer,2025-05,4549.06,Transport,248.48,3432.91,1116.15,24.54
25,34,Engineer,2025-05,4549.06,Entertainment,240.62,3432.91,1116.15,24.54
25,34,Engineer,2025-05,4549.06,Utilities,235.8,3432.91,1116.15,24.54
25,34,Engineer,2025-05,4549.06,Healthcare,248.75,3432.91,1116.15,24.54
25,34,Engineer,2025-05,4549.06,Education,55.5,3432.91,1116.15,24.54
25,34,Engineer,2025-05,4549.06,Shopping,400.34,3432.91,1116.15,24.54
25,34,Engineer,2025-06,4765.27,Rent,1309.32,3569.13,1196.14,25.1
25,34,Engineer,2025-06,4765.27,Groceries,559.45,3569.13,1196.14,25.1
25,34,Engineer,2025-06,4765.27,Transport,451.64,3569.13,1196.14,25.1
25,34,Engineer,2025-06,4765.27,Entertainment,373.27,3569.13,1196.14,25.1
25,34,Engineer,2025-06,4765.27,Utilities,254.0,3569.13,1196.14,25.1
25,34,Engineer,2025-06,4765.27,Healthcare,156.49,3569.13,1196.14,25.1
25,34,Engineer,2025-06,4765.27,Education,125.35,3569.13,1196.14,25.1
25,34,Engineer,2025-06,4765.27,Shopping,339.6,3569.13,1196.14,25.1
25,34,Engineer,2025-07,4370.56,Rent,1414.52,2993.98,1376.58,31.5
25,34,Engineer,2025-07,4370.56,Groceries,448.34,2993.98,1376.58,31.5
25,34,Engineer,2025-07,4370.56,Transport,229.3,2993.98,1376.58,31.5
25,34,Engineer,2025-07,4370.56,Entertainment,215.53,2993.98,1376.58,31.5
25,34,Engineer,2025-07,4370.56,Utilities,221.17,2993.98,1376.58,31.5
25,34,Engineer,2025-07,4370.56,Healthcare,142.59,2993.98,1376.58,31.5
25,34,Engineer,2025-07,4370.56,Education,107.3,2993.98,1376.58,31.5
25,34,Engineer,2025-07,4370.56,Shopping,215.22,2993.98,1376.58,31.5
25,34,Engineer,2025-08,4323.74,Rent,1214.74,3251.75,1071.98,24.79
25,34,Engineer,2025-08,4323.74,Groceries,643.14,3251.75,1071.98,24.79
25,34,Engineer,2025-08,4323.74,Transport,305.06,3251.75,1071.98,24.79
25,34,Engineer,2025-08,4323.74,Entertainment,225.85,3251.75,1071.98,24.79
25,34,Engineer,2025-08,4323.74,Utilities,247.73,3251.75,1071.98,24.79
25,34,Engineer,2025-08,4323.74,Healthcare,256.54,3251.75,1071.98,24.79
25,34,Engineer,2025-08,4323.74,Education,52.23,3251.75,1071.98,24.79
25,34,Engineer,2025-08,4323.74,Shopping,306.45,3251.75,1071.98,24.79
25,34,Engineer,2025-09,4625.67,Rent,1437.34,3380.08,1245.59,26.93
25,34,Engineer,2025-09,4625.67,Groceries,483.05,3380.08,1245.59,26.93
25,34,Engineer,2025-09,4625.67,Transport,387.83,3380.08,1245.59,26.93
25,34,Engineer,2025-09,4625.67,Entertainment,153.59,3380.08,1245.59,26.93
25,34,Engineer,2025-09,4625.67,Utilities,267.75,3380.08,1245.59,26.93
25,34,Engineer,2025-09,4625.67,Healthcare,229.36,3380.08,1245.59,26.93
25,34,Engineer,2025-09,4625.67,Education,48.79,3380.08,1245.59,26.93
25,34,Engineer,2025-09,4625.67,Shopping,372.35,3380.08,1245.59,26.93
25,34,Engineer,2025-10,4230.4,Rent,1414.57,2992.14,1238.26,29.27
25,34,Engineer,2025-10,4230.4,Groceries,520.41,2992.14,1238.26,29.27
25,34,Engineer,2025-10,4230.4,Transport,257.54,2992.14,1238.26,29.27
25,34,Engineer,2025-10,4230.4,Entertainment,155.21,2992.14,1238.26,29.27
25,34,Engineer,2025-10,4230.4,Utilities,290.2,2992.14,1238.26,29.27
25,34,Engineer,2025-10,4230.4,Healthcare,96.9,2992.14,1238.26,29.27
25,34,Engineer,2025-10,4230.4,Education,42.11,2992.14,1238.26,29.27
25,34,Engineer,2025-10,4230.4,Shopping,215.2,2992.14,1238.26,29.27
25,34,Engineer,2025-11,4570.47,Rent,1391.62,3100.09,1470.38,32.17
25,34,Engineer,2025-11,4570.47,Groceries,485.76,3100.09,1470.38,32.17
25,34,Engineer,2025-11,4570.47,Transport,294.73,3100.09,1470.38,32.17
25,34,Engineer,2025-11,4570.47,Entertainment,191.67,3100.09,1470.38,32.17
25,34,Engineer,2025-11,4570.47,Utilities,212.1,3100.09,1470.38,32.17
25,34,Engineer,2025-11,4570.47,Healthcare,166.57,3100.09,1470.38,32.17
25,34,Engineer,2025-11,4570.47,Education,160.89,3100.09,1470.38,32.17
25,34,Engineer,2025-11,4570.47,Shopping,196.75,3100.09,1470.38,32.17
25,34,Engineer,2025-12,4424.29,Rent,1279.03,3262.82,1161.47,26.25
25,34,Engineer,2025-12,4424.29,Groceries,658.44,3262.82,1161.47,26.25
25,34,Engineer,2025-12,4424.29,Transport,432.4,3262.82,1161.47,26.25
25,34,Engineer,2025-12,4424.29,Entertainment,309.73,3262.82,1161.47,26.25
25,34,Engineer,2025-12,4424.29,Utilities,209.05,3262.82,1161.47,26.25
25,34,Engineer,2025-12,4424.29,Healthcare,100.53,3262.82,1161.47,26.25
25,34,Engineer,2025-12,4424.29,Education,70.1,3262.82,1161.47,26.25
25,34,Engineer,2025-12,4424.29,Shopping,203.55,3262.82,1161.47,26.25
26,46,Designer,2024-01,4259.57,Rent,1430.5,3185.78,1073.79,25.21
26,46,Designer,2024-01,4259.57,Groceries,605.9,3185.78,1073.79,25.21
26,46,Designer,2024-01,4259.57,Transport,289.58,3185.78,1073.79,25.21
26,46,Designer,2024-01,4259.57,Entertainment,274.15,3185.78,1073.79,25.21
26,46,Designer,2024-01,4259.57,Utilities,210.36,3185.78,1073.79,25.21
26,46,Designer,2024-01,4259.57,Healthcare,95.57,3185.78,1073.79,25.21
26,46,Designer,2024-01,4259.57,Education,149.42,3185.78,1073.79,25.21
26,46,Designer,2024-01,4259.57,Shopping,130.3,3185.78,1073.79,25.21
26,46,Designer,2024-02,4065.41,Rent,1150.26,3021.28,1044.13,25.68
26,46,Designer,2024-02,4065.41,Groceries,547.48,3021.28,1044.13,25.68
26,46,Designer,2024-02,4065.41,Transport,359.03,3021.28,1044.13,25.68
26,46,Designer,2024-02,4065.41,Entertainment,183.78,3021.28,1044.13,25.68
26,46,Designer,2024-02,4065.41,Utilities,261.6,3021.28,1044.13,25.68
26,46,Designer,2024-02,4065.41,Healthcare,129.1,3021.28,1044.13,25.68
26,46,Designer,2024-02,4065.41,Education,90.73,3021.28,1044.13,25.68
26,46,Designer,2024-02,4065.41,Shopping,299.3,3021.28,1044.13,25.68
26,46,Designer,2024-03,4214.89,Rent,1469.89,3367.65,847.24,20.1
26,46,Designer,2024-03,4214.89,Groceries,468.94,3367.65,847.24,20.1
26,46,Designer,2024-03,4214.89,Transport,350.32,3367.65,847.24,20.1
26,46,Designer,2024-03,4214.89,Entertainment,254.93,3367.65,847.24,20.1
26,46,Designer,2024-03,4214.89,Utilities,284.31,3367.65,847.24,20.1
26,46,Designer,2024-03,4214.89,Healthcare,110.66,3367.65,847.24,20.1
26,46,Designer,2024-03,4214.89,Education,158.44,3367.65,847.24,20.1
26,46,Designer,2024-03,4214.89,Shopping,270.16,3367.65,847.24,20.1
26,46,Designer,2024-04,3994.55,Rent,1188.15,2911.64,1082.91,27.11
26,46,Designer,2024-04,3994.55,Groceries,466.12,2911.64,1082.91,27.11
26,46,Designer,2024-04,3994.55,Transport,315.43,2911.64,1082.91,27.11
26,46,Designer,2024-04,3994.55,Entertainment,297.39,2911.64,1082.91,27.11
26,46,Designer,2024-04,3994.55,Utilities,228.01,2911.64,1082.91,27.11
26,46,Designer,2024-04,3994.55,Healthcare,180.83,2911.64,1082.91,27.11
26,46,Designer,2024-04,3994.55,Education,103.61,2911.64,1082.91,27.11
26,46,Designer,2024-04,3994.55,Shopping,132.1,2911.64,1082.91,27.11
26,46,Designer,2024-05,3972.52,Rent,1188.58,2662.43,1310.09,32.98
26,46,Designer,2024-05,3972.52,Groceries,458.87,2662.43,1310.09,32.98
26,46,Designer,2024-05,3972.52,Transport,234.73,2662.43,1310.09,32.98
26,46,Designer,2024-05,3972.52,Entertainment,219.31,2662.43,1310.09,32.98
26,46,Designer,2024-05,3972.52,Utilities,197.37,2662.43,1310.09,32.98
26,46,Designer,2024-05,3972.52,Healthcare,120.46,2662.43,1310.09,32.98
26,46,Designer,2024-05,3972.52,Education,92.16,2662.43,1310.09,32.98
26,46,Designer,2024-05,3972.52,Shopping,150.94,2662.43,1310.09,32.98
26,46,Designer,2024-06,4338.6,Rent,1461.11,3408.14,930.47,21.45
26,46,Designer,2024-06,4338.6,Groceries,587.36,3408.14,930.47,21.45
26,46,Designer,2024-06,4338.6,Transport,239.97,3408.14,930.47,21.45
26,46,Designer,2024-06,4338.6,Entertainment,298.47,3408.14,930.47,21.45
26,46,Designer,2024-06,4338.6,Utilities,278.71,3408.14,930.47,21.45
26,46,Designer,2024-06,4338.6,Healthcare,220.01,3408.14,930.47,21.45
26,46,Designer,2024-06,4338.6,Education,24.72,3408.14,930.47,21.45
26,46,Designer,2024-06,4338.6,Shopping,297.78,3408.14,930.47,21.45
26,46,Designer,2024-07,4289.39,Rent,1320.0,3071.94,1217.45,28.38
26,46,Designer,2024-07,4289.39,Groceries,567.57,3071.94,1217.45,28.38
26,46,Designer,2024-07,4289.39,Transport,312.77,3071.94,1217.45,28.38
26,46,Designer,2024-07,4289.39,Entertainment,242.07,3071.94,1217.45,28.38
26,46,Designer,2024-07,4289.39,Utilities,176.0,3071.94,1217.45,28.38
26,46,Designer,2024-07,4289.39,Healthcare,195.42,3071.94,1217.45,28.38
26,46,Designer,2024-07,4289.39,Education,17.47,3071.94,1217.45,28.38
26,46,Designer,2024-07,4289.39,Shopping,240.64,3071.94,1217.45,28.38
26,46,Designer,2024-08,4004.02,Rent,1219.4,2901.01,1103.02,27.55
26,46,Designer,2024-08,4004.02,Groceries,427.11,2901.01,1103.02,27.55
26,46,Designer,2024-08,4004.02,Transport,338.67,2901.01,1103.02,27.55
26,46,Designer,2024-08,4004.02,Entertainment,279.28,2901.01,1103.02,27.55
26,46,Designer,2024-08,4004.02,Utilities,179.78,2901.01,1103.02,27.55
26,46,Designer,2024-08,4004.02,Healthcare,96.79,2901.01,1103.02,27.55
26,46,Designer,2024-08,4004.02,Education,29.13,2901.01,1103.02,27.55
26,46,Designer,2024-08,4004.02,Shopping,330.84,2901.01,1103.02,27.55
26,46,Designer,2024-09,4128.11,Rent,1224.92,2924.08,1204.02,29.17
26,46,Designer,2024-09,4128.11,Groceries,434.84,2924.08,1204.02,29.17
26,46,Designer,2024-09,4128.11,Transport,340.48,2924.08,1204.02,29.17
26,46,Designer,2024-09,4128.11,Entertainment,303.0,2924.08,1204.02,29.17
26,46,Designer,2024-09,4128.11,Utilities,267.69,2924.08,1204.02,29.17
26,46,Designer,2024-09,4128.11,Healthcare,185.94,2924.08,1204.02,29.17
26,46,Designer,2024-09,4128.11,Education,15.54,2924.08,1204.02,29.17
26,46,Designer,2024-09,4128.11,Shopping,151.68,2924.08,1204.02,29.17
26,46,Designer,2024-10,3875.82,Rent,1068.75,2797.8,1078.02,27.81
26,46,Designer,2024-10,3875.82,Groceries,413.87,2797.8,1078.02,27.81
26,46,Designer,2024-10,3875.82,Transport,244.19,2797.8,1078.02,27.81
26,46,Designer,2024-10,3875.82,Entertainment,190.9,2797.8,1078.02,27.81
26,46,Designer,2024-10,3875.82,Utilities,264.68,2797.8,1078.02,27.81
26,46,Designer,2024-10,3875.82,Healthcare,172.14,2797.8,1078.02,27.81
26,46,Designer,2024-10,3875.82,Education,161.81,2797.8,1078.02,27.81
26,46,Designer,2024-10,3875.82,Shopping,281.47,2797.8,1078.02,27.81
26,46,Designer,2024-11,3909.12,Rent,1264.96,2996.81,912.31,23.34
26,46,Designer,2024-11,3909.12,Groceries,444.68,2996.81,912.31,23.34
26,46,Designer,2024-11,3909.12,Transport,320.37,2996.81,912.31,23.34
26,46,Designer,2024-11,3909.12,Entertainment,183.92,2996.81,912.31,23.34
26,46,Designer,2024-11,3909.12,Utilities,273.37,2996.81,912.31,23.34
26,46,Designer,2024-11,3909.12,Healthcare,119.39,2996.81,912.31,23.34
26,46,Designer,2024-11,3909.12,Education,54.56,2996.81,912.31,23.34
26,46,Designer,2024-11,3909.12,Shopping,335.56,2996.81,912.31,23.34
26,46,Designer,2024-12,3862.83,Rent,1234.83,3199.3,663.53,17.18
26,46,Designer,2024-12,3862.83,Groceries,526.37,3199.3,663.53,17.18
26,46,Designer,2024-12,3862.83,Transport,354.68,3199.3,663.53,17.18
26,46,Designer,2024-12,3862.83,Entertainment,304.09,3199.3,663.53,17.18
26,46,Designer,2024-12,3862.83,Utilities,267.57,3199.3,663.53,17.18
26,46,Designer,2024-12,3862.83,Healthcare,87.34,3199.3,663.53,17.18
26,46,Designer,2024-12,3862.83,Education,158.73,3199.3,663.53,17.18
26,46,Designer,2024-12,3862.83,Shopping,265.68,3199.3,663.53,17.18
26,46,Designer,2025-01,4190.88,Rent,1101.51,3111.85,1079.03,25.75
26,46,Designer,2025-01,4190.88,Groceries,555.33,3111.85,1079.03,25.75
26,46,Designer,2025-01,4190.88,Transport,415.42,3111.85,1079.03,25.75
26,46,Designer,2025-01,4190.88,Entertainment,316.79,3111.85,1079.03,25.75
26,46,Designer,2025-01,4190.88,Utilities,222.85,3111.85,1079.03,25.75
26,46,Designer,2025-01,4190.88,Healthcare,90.51,3111.85,1079.03,25.75
26,46,Designer,2025-01,4190.88,Education,75.92,3111.85,1079.03,25.75
26,46,Designer,2025-01,4190.88,Shopping,333.52,3111.85,1079.03,25.75
26,46,Designer,2025-02,4219.41,Rent,1248.67,3013.03,1206.38,28.59
26,46,Designer,2025-02,4219.41,Groceries,433.57,3013.03,1206.38,28.59
26,46,Designer,2025-02,4219.41,Transport,301.03,3013.03,1206.38,28.59
26,46,Designer,2025-02,4219.41,Entertainment,225.53,3013.03,1206.38,28.59
26,46,Designer,2025-02,4219.41,Utilities,286.32,3013.03,1206.38,28.59
26,46,Designer,2025-02,4219.41,Healthcare,192.59,3013.03,1206.38,28.59
26,46,Designer,2025-02,4219.41,Education,65.75,3013.03,1206.38,28.59
26,46,Designer,2025-02,4219.41,Shopping,259.57,3013.03,1206.38,28.59
26,46,Designer,2025-03,3884.65,Rent,1348.97,3013.46,871.18,22.43
26,46,Designer,2025-03,3884.65,Groceries,458.4,3013.46,871.18,22.43
26,46,Designer,2025-03,3884.65,Transport,287.05,3013.46,871.18,22.43
26,46,Designer,2025-03,3884.65,Entertainment,185.55,3013.46,871.18,22.43
26,46,Designer,2025-03,3884.65,Utilities,234.93,3013.46,871.18,22.43
26,46,Designer,2025-03,3884.65,Healthcare,180.59,3013.46,871.18,22.43
26,46,Designer,2025-03,3884.65,Education,138.94,3013.46,871.18,22.43
26,46,Designer,2025-03,3884.65,Shopping,179.04,3013.46,871.18,22.43
26,46,Designer,2025-04,4016.15,Rent,1054.34,2847.08,1169.07,29.11
26,46,Designer,2025-04,4016.15,Groceries,533.25,2847.08,1169.07,29.11
26,46,Designer,2025-04,4016.15,Transport,208.8,2847.08,1169.07,29.11
26,46,Designer,2025-04,4016.15,Entertainment,240.5,2847.08,1169.07,29.11
26,46,Designer,2025-04,4016.15,Utilities,265.43,2847.08,1169.07,29.11
26,46,Designer,2025-04,4016.15,Healthcare,223.43,2847.08,1169.07,29.11
26,46,Designer,2025-04,4016.15,Education,90.17,2847.08,1169.07,29.11
26,46,Designer,2025-04,4016.15,Shopping,231.16,2847.08,1169.07,29.11
26,46,Designer,2025-05,3890.4,Rent,1233.55,2983.47,906.93,23.31
26,46,Designer,2025-05,3890.4,Groceries,548.79,2983.47,906.93,23.31
26,46,Designer,2025-05,3890.4,Transport,242.11,2983.47,906.93,23.31
26,46,Designer,2025-05,3890.4,Entertainment,198.66,2983.47,906.93,23.31
26,46,Designer,2025-05,3890.4,Utilities,253.52,2983.47,906.93,23.31
26,46,Designer,2025-05,3890.4,Healthcare,214.3,2983.47,906.93,23.31
26,46,Designer,2025-05,3890.4,Education,47.3,2983.47,906.93,23.31
26,46,Designer,2025-05,3890.4,Shopping,245.23,2983.47,906.93,23.31
26,46,Designer,2025-06,3951.26,Rent,1028.07,2894.02,1057.24,26.76
26,46,Designer,2025-06,3951.26,Groceries,575.13,2894.02,1057.24,26.76
26,46,Designer,2025-06,3951.26,Transport,359.66,2894.02,1057.24,26.76
26,46,Designer,2025-06,3951.26,Entertainment,268.69,2894.02,1057.24,26.76
26,46,Designer,2025-06,3951.26,Utilities,163.83,2894.02,1057.24,26.76
26,46,Designer,2025-06,3951.26,Healthcare,212.38,2894.02,1057.24,26.76
26,46,Designer,2025-06,3951.26,Education,86.54,2894.02,1057.24,26.76
26,46,Designer,2025-06,3951.26,Shopping,199.71,2894.02,1057.24,26.76
26,46,Designer,2025-07,4137.74,Rent,1072.24,2716.65,1421.09,34.34
26,46,Designer,2025-07,4137.74,Groceries,570.31,2716.65,1421.09,34.34
26,46,Designer,2025-07,4137.74,Transport,327.39,2716.65,1421.09,34.34
26,46,Designer,2025-07,4137.74,Entertainment,162.74,2716.65,1421.09,34.34
26,46,Designer,2025-07,4137.74,Utilities,188.88,2716.65,1421.09,34.34
26,46,Designer,2025-07,4137.74,Healthcare,113.25,2716.65,1421.09,34.34
26,46,Designer,2025-07,4137.74,Education,11.79,2716.65,1421.09,34.34
26,46,Designer,2025-07,4137.74,Shopping,270.06,2716.65,1421.09,34.34
26,46,Designer,2025-08,4292.56,Rent,1080.65,2849.7,1442.86,33.61
26,46,Designer,2025-08,4292.56,Groceries,439.77,2849.7,1442.86,33.61
26,46,Designer,2025-08,4292.56,Transport,337.56,2849.7,1442.86,33.61
26,46,Designer,2025-08,4292.56,Entertainment,304.66,2849.7,1442.86,33.61
26,46,Designer,2025-08,4292.56,Utilities,213.78,2849.7,1442.86,33.61
26,46,Designer,2025-08,4292.56,Healthcare,145.88,2849.7,1442.86,33.61
26,46,Designer,2025-08,4292.56,Education,127.99,2849.7,1442.86,33.61
26,46,Designer,2025-08,4292.56,Shopping,199.4,2849.7,1442.86,33.61
26,46,Designer,2025-09,3863.87,Rent,1250.05,2877.07,986.79,25.54
26,46,Designer,2025-09,3863.87,Groceries,507.26,2877.07,986.79,25.54
26,46,Designer,2025-09,3863.87,Transport,305.39,2877.07,986.79,25.54
26,46,Designer,2025-09,3863.87,Entertainment,259.2,2877.07,986.79,25.54
26,46,Designer,2025-09,3863.87,Utilities,232.82,2877.07,986.79,25.54
26,46,Designer,2025-09,3863.87,Healthcare,109.1,2877.07,986.79,25.54
26,46,Designer,2025-09,3863.87,Education,68.1,2877.07,986.79,25.54
26,46,Designer,2025-09,3863.87,Shopping,145.15,2877.07,986.79,25.54
26,46,Designer,2025-10,3918.26,Rent,1244.52,3115.88,802.38,20.48
26,46,Designer,2025-10,3918.26,Groceries,560.04,3115.88,802.38,20.48
26,46,Designer,2025-10,3918.26,Transport,384.52,3115.88,802.38,20.48
26,46,Designer,2025-10,3918.26,Entertainment,240.65,3115.88,802.38,20.48
26,46,Designer,2025-10,3918.26,Utilities,178.37,3115.88,802.38,20.48
26,46,Designer,2025-10,3918.26,Healthcare,94.92,3115.88,802.38,20.48
26,46,Designer,2025-10,3918.26,Education,159.25,3115.88,802.38,20.48
26,46,Designer,2025-10,3918.26,Shopping,253.61,3115.88,802.38,20.48
26,46,Designer,2025-11,4175.57,Rent,1370.2,3286.33,889.24,21.3
26,46,Designer,2025-11,4175.57,Groceries,564.39,3286.33,889.24,21.3
26,46,Designer,2025-11,4175.57,Transport,383.0,3286.33,889.24,21.3
26,46,Designer,2025-11,4175.57,Entertainment,137.0,3286.33,889.24,21.3
26,46,Designer,2025-11,4175.57,Utilities,260.66,3286.33,889.24,21.3
26,46,Designer,2025-11,4175.57,Healthcare,225.62,3286.33,889.24,21.3
26,46,Designer,2025-11,4175.57,Education,59.74,3286.33,889.24,21.3
26,46,Designer,2025-11,4175.57,Shopping,285.72,3286.33,889.24,21.3
26,46,Designer,2025-12,4015.35,Rent,1388.5,2909.59,1105.76,27.54
26,46,Designer,2025-12,4015.35,Groceries,408.25,2909.59,1105.76,27.54
26,46,Designer,2025-12,4015.35,Transport,317.17,2909.59,1105.76,27.54
26,46,Designer,2025-12,4015.35,Entertainment,153.89,2909.59,1105.76,27.54
26,46,Designer,2025-12,4015.35,Utilities,246.41,2909.59,1105.76,27.54
26,46,Designer,2025-12,4015.35,Healthcare,108.56,2909.59,1105.76,27.54
26,46,Designer,2025-12,4015.35,Education,47.26,2909.59,1105.76,27.54
26,46,Designer,2025-12,4015.35,Shopping,239.57,2909.59,1105.76,27.54
27,34,Teacher,2024-01,2694.64,Rent,808.56,1989.53,705.11,26.17
27,34,Teacher,2024-01,2694.64,Groceries,392.31,1989.53,705.11,26.17
27,34,Teacher,2024-01,2694.64,Transport,154.49,1989.53,705.11,26.17
27,34,Teacher,2024-01,2694.64,Entertainment,167.87,1989.53,705.11,26.17
27,34,Teacher,2024-01,2694.64,Utilities,126.61,1989.53,705.11,26.17
27,34,Teacher,2024-01,2694.64,Healthcare,70.79,1989.53,705.11,26.17
27,34,Teacher,2024-01,2694.64,Education,92.08,1989.53,705.11,26.17
27,34,Teacher,2024-01,2694.64,Shopping,176.83,1989.53,705.11,26.17
27,34,Teacher,2024-02,2693.25,Rent,756.66,1925.64,767.61,28.5
27,34,Teacher,2024-02,2693.25,Groceries,329.65,1925.64,767.61,28.5
27,34,Teacher,2024-02,2693.25,Transport,189.26,1925.64,767.61,28.5
27,34,Teacher,2024-02,2693.25,Entertainment,213.32,1925.64,767.61,28.5
27,34,Teacher,2024-02,2693.25,Utilities,131.34,1925.64,767.61,28.5
27,34,Teacher,2024-02,2693.25,Healthcare,85.63,1925.64,767.61,28.5
27,34,Teacher,2024-02,2693.25,Education,47.74,1925.64,767.61,28.5
27,34,Teacher,2024-02,2693.25,Shopping,172.03,1925.64,767.61,28.5
27,34,Teacher,2024-03,2525.39,Rent,862.49,2013.47,511.92,20.27
27,34,Teacher,2024-03,2525.39,Groceries,286.09,2013.47,511.92,20.27
27,34,Teacher,2024-03,2525.39,Transport,239.38,2013.47,511.92,20.27
27,34,Teacher,2024-03,2525.39,Entertainment,88.83,2013.47,511.92,20.27
27,34,Teacher,2024-03,2525.39,Utilities,150.76,2013.47,511.92,20.27
27,34,Teacher,2024-03,2525.39,Healthcare,142.13,2013.47,511.92,20.27
27,34,Teacher,2024-03,2525.39,Education,21.31,2013.47,511.92,20.27
27,34,Teacher,2024-03,2525.39,Shopping,222.49,2013.47,511.92,20.27
27,34,Teacher,2024-04,2592.39,Rent,893.26,1812.63,779.76,30.08
27,34,Teacher,2024-04,2592.39,Groceries,346.97,1812.63,779.76,30.08
27,34,Teacher,2024-04,2592.39,Transport,168.71,1812.63,779.76,30.08
27,34,Teacher,2024-04,2592.39,Entertainment,102.18,1812.63,779.76,30.08
27,34,Teacher,2024-04,2592.39,Utilities,127.32,1812.63,779.76,30.08
27,34,Teacher,2024-04,2592.39,Healthcare,61.49,1812.63,779.76,30.08
27,34,Teacher,2024-04,2592.39,Education,18.65,1812.63,779.76,30.08
27,34,Teacher,2024-04,2592.39,Shopping,94.05,1812.63,779.76,30.08
27,34,Teacher,2024-05,2582.39,Rent,851.05,1856.48,725.91,28.11
27,34,Teacher,2024-05,2582.39,Groceries,276.49,1856.48,725.91,28.11
27,34,Teacher,2024-05,2582.39,Transport,145.95,1856.48,725.91,28.11
27,34,Teacher,2024-05,2582.39,Entertainment,160.55,1856.48,725.91,28.11
27,34,Teacher,2024-05,2582.39,Utilities,118.57,1856.48,725.91,28.11
27,34,Teacher,2024-05,2582.39,Healthcare,61.73,1856.48,725.91,28.11
27,34,Teacher,2024-05,2582.39,Education,21.54,1856.48,725.91,28.11
27,34,Teacher,2024-05,2582.39,Shopping,220.6,1856.48,725.91,28.11
27,34,Teacher,2024-06,2715.51,Rent,775.03,1928.54,786.98,28.98
27,34,Teacher,2024-06,2715.51,Groceries,360.6,1928.54,786.98,28.98
27,34,Teacher,2024-06,2715.51,Transport,208.72,1928.54,786.98,28.98
27,34,Teacher,2024-06,2715.51,Entertainment,173.4,1928.54,786.98,28.98
27,34,Teacher,2024-06,2715.51,Utilities,164.23,1928.54,786.98,28.98
27,34,Teacher,2024-06,2715.51,Healthcare,122.6,1928.54,786.98,28.98
27,34,Teacher,2024-06,2715.51,Education,36.13,1928.54,786.98,28.98
27,34,Teacher,2024-06,2715.51,Shopping,87.82,1928.54,786.98,28.98
27,34,Teacher,2024-07,2593.28,Rent,879.38,2214.31,378.97,14.61
27,34,Teacher,2024-07,2593.28,Groceries,333.17,2214.31,378.97,14.61
27,34,Teacher,2024-07,2593.28,Transport,237.6,2214.31,378.97,14.61
27,34,Teacher,2024-07,2593.28,Entertainment,206.38,2214.31,378.97,14.61
27,34,Teacher,2024-07,2593.28,Utilities,116.46,2214.31,378.97,14.61
27,34,Teacher,2024-07,2593.28,Healthcare,123.62,2214.31,378.97,14.61
27,34,Teacher,2024-07,2593.28,Education,87.43,2214.31,378.97,14.61
27,34,Teacher,2024-07,2593.28,Shopping,230.28,2214.31,378.97,14.61
27,34,Teacher,2024-08,2770.34,Rent,882.82,2113.59,656.75,23.71
27,34,Teacher,2024-08,2770.34,Groceries,310.78,2113.59,656.75,23.71
27,34,Teacher,2024-08,2770.34,Transport,249.13,2113.59,656.75,23.71
27,34,Teacher,2024-08,2770.34,Entertainment,97.94,2113.59,656.75,23.71
27,34,Teacher,2024-08,2770.34,Utilities,175.7,2113.59,656.75,23.71
27,34,Teacher,2024-08,2770.34,Healthcare,156.27,2113.59,656.75,23.71
27,34,Teacher,2024-08,2770.34,Education,53.03,2113.59,656.75,23.71
27,34,Teacher,2024-08,2770.34,Shopping,187.93,2113.59,656.75,23.71
27,34,Teacher,2024-09,2584.79,Rent,759.35,2035.28,549.51,21.26
27,34,Teacher,2024-09,2584.79,Groceries,298.59,2035.28,549.51,21.26
27,34,Teacher,2024-09,2584.79,Transport,227.74,2035.28,549.51,21.26
27,34,Teacher,2024-09,2584.79,Entertainment,198.53,2035.28,549.51,21.26
27,34,Teacher,2024-09,2584.79,Utilities,176.34,2035.28,549.51,21.26
27,34,Teacher,2024-09,2584.79,Healthcare,69.77,2035.28,549.51,21.26
27,34,Teacher,2024-09,2584.79,Education,113.05,2035.28,549.51,21.26
27,34,Teacher,2024-09,2584.79,Shopping,191.91,2035.28,549.51,21.26
27,34,Teacher,2024-10,2525.56,Rent,648.38,1734.99,790.57,31.3
27,34,Teacher,2024-10,2525.56,Groceries,286.4,1734.99,790.57,31.3
27,34,Teacher,2024-10,2525.56,Transport,241.47,1734.99,790.57,31.3
27,34,Teacher,2024-10,2525.56,Entertainment,155.72,1734.99,790.57,31.3
27,34,Teacher,2024-10,2525.56,Utilities,155.65,1734.99,790.57,31.3
27,34,Teacher,2024-10,2525.56,Healthcare,76.49,1734.99,790.57,31.3
27,34,Teacher,2024-10,2525.56,Education,90.84,1734.99,790.57,31.3
27,34,Teacher,2024-10,2525.56,Shopping,80.03,1734.99,790.57,31.3
27,34,Teacher,2024-11,2566.48,Rent,802.47,1834.8,731.68,28.51
27,34,Teacher,2024-11,2566.48,Groceries,275.4,1834.8,731.68,28.51
27,34,Teacher,2024-11,2566.48,Transport,233.94,1834.8,731.68,28.51
27,34,Teacher,2024-11,2566.48,Entertainment,107.15,1834.8,731.68,28.51
27,34,Teacher,2024-11,2566.48,Utilities,152.88,1834.8,731.68,28.51
27,34,Teacher,2024-11,2566.48,Healthcare,92.93,1834.8,731.68,28.51
27,34,Teacher,2024-11,2566.48,Education,76.49,1834.8,731.68,28.51
27,34,Teacher,2024-11,2566.48,Shopping,93.54,1834.8,731.68,28.51
27,34,Teacher,2024-12,2446.75,Rent,834.24,2014.68,432.07,17.66
27,34,Teacher,2024-12,2446.75,Groceries,277.66,2014.68,432.07,17.66
27,34,Teacher,2024-12,2446.75,Transport,222.62,2014.68,432.07,17.66
27,34,Teacher,2024-12,2446.75,Entertainment,195.66,2014.68,432.07,17.66
27,34,Teacher,2024-12,2446.75,Utilities,113.39,2014.68,432.07,17.66
27,34,Teacher,2024-12,2446.75,Healthcare,74.89,2014.68,432.07,17.66
27,34,Teacher,2024-12,2446.75,Education,81.09,2014.68,432.07,17.66
27,34,Teacher,2024-12,2446.75,Shopping,215.14,2014.68,432.07,17.66
27,34,Teacher,2025-01,2747.03,Rent,824.9,1983.8,763.23,27.78
27,34,Teacher,2025-01,2747.03,Groceries,383.91,1983.8,763.23,27.78
27,34,Teacher,2025-01,2747.03,Transport,156.0,1983.8,763.23,27.78
27,34,Teacher,2025-01,2747.03,Entertainment,216.66,1983.8,763.23,27.78
27,34,Teacher,2025-01,2747.03,Utilities,189.35,1983.8,763.23,27.78
27,34,Teacher,2025-01,2747.03,Healthcare,72.93,1983.8,763.23,27.78
27,34,Teacher,2025-01,2747.03,Education,41.13,1983.8,763.23,27.78
27,34,Teacher,2025-01,2747.03,Shopping,98.92,1983.8,763.23,27.78
27,34,Teacher,2025-02,2531.87,Rent,839.56,1841.86,690.01,27.25
27,34,Teacher,2025-02,2531.87,Groceries,301.08,1841.86,690.01,27.25
27,34,Teacher,2025-02,2531.87,Transport,137.78,1841.86,690.01,27.25
27,34,Teacher,2025-02,2531.87,Entertainment,119.28,1841.86,690.01,27.25
27,34,Teacher,2025-02,2531.87,Utilities,175.82,1841.86,690.01,27.25
27,34,Teacher,2025-02,2531.87,Healthcare,114.41,1841.86,690.01,27.25
27,34,Teacher,2025-02,2531.87,Education,52.68,1841.86,690.01,27.25
27,34,Teacher,2025-02,2531.87,Shopping,101.26,1841.86,690.01,27.25
27,34,Teacher,2025-03,2770.53,Rent,920.05,2010.24,760.29,27.44
27,34,Teacher,2025-03,2770.53,Groceries,316.05,2010.24,760.29,27.44
27,34,Teacher,2025-03,2770.53,Transport,148.23,2010.24,760.29,27.44
27,34,Teacher,2025-03,2770.53,Entertainment,90.96,2010.24,760.29,27.44
27,34,Teacher,2025-03,2770.53,Utilities,120.83,2010.24,760.29,27.44
27,34,Teacher,2025-03,2770.53,Healthcare,119.77,2010.24,760.29,27.44
27,34,Teacher,2025-03,2770.53,Education,128.66,2010.24,760.29,27.44
27,34,Teacher,2025-03,2770.53,Shopping,165.69,2010.24,760.29,27.44
27,34,Teacher,2025-04,2722.69,Rent,802.07,1924.57,798.11,29.31
27,34,Teacher,2025-04,2722.69,Groceries,368.73,1924.57,798.11,29.31
27,34,Teacher,2025-04,2722.69,Transport,235.77,1924.57,798.11,29.31
27,34,Teacher,2025-04,2722.69,Entertainment,105.36,1924.57,798.11,29.31
27,34,Teacher,2025-04,2722.69,Utilities,138.41,1924.57,798.11,29.31
27,34,Teacher,2025-04,2722.69,Healthcare,123.86,1924.57,798.11,29.31
27,34,Teacher,2025-04,2722.69,Education,9.62,1924.57,798.11,29.31
27,34,Teacher,2025-04,2722.69,Shopping,140.74,1924.57,798.11,29.31
27,34,Teacher,2025-05,2619.75,Rent,915.92,2154.62,465.14,17.76
27,34,Teacher,2025-05,2619.75,Groceries,324.13,2154.62,465.14,17.76
27,34,Teacher,2025-05,2619.75,Transport,237.88,2154.62,465.14,17.76
27,34,Teacher,2025-05,2619.75,Entertainment,135.19,2154.62,465.14,17.76
27,34,Teacher,2025-05,2619.75,Utilities,167.38,2154.62,465.14,17.76
27,34,Teacher,2025-05,2619.75,Healthcare,114.79,2154.62,465.14,17.76
27,34,Teacher,2025-05,2619.75,Education,116.13,2154.62,465.14,17.76
27,34,Teacher,2025-05,2619.75,Shopping,143.19,2154.62,465.14,17.76
27,34,Teacher,2025-06,2642.97,Rent,827.25,1785.91,857.06,32.43
27,34,Teacher,2025-06,2642.97,Groceries,319.45,1785.91,857.06,32.43
27,34,Teacher,2025-06,2642.97,Transport,151.22,1785.91,857.06,32.43
27,34,Teacher,2025-06,2642.97,Entertainment,91.65,1785.91,857.06,32.43
27,34,Teacher,2025-06,2642.97,Utilities,107.04,1785.91,857.06,32.43
27,34,Teacher,2025-06,2642.97,Healthcare,145.21,1785.91,857.06,32.43
27,34,Teacher,2025-06,2642.97,Education,31.25,1785.91,857.06,32.43
27,34,Teacher,2025-06,2642.97,Shopping,112.83,1785.91,857.06,32.43
27,34,Teacher,2025-07,2686.97,Rent,757.73,2041.02,645.96,24.04
27,34,Teacher,2025-07,2686.97,Groceries,336.68,2041.02,645.96,24.04
27,34,Teacher,2025-07,2686.97,Transport,156.18,2041.02,645.96,24.04
27,34,Teacher,2025-07,2686.97,Entertainment,209.55,2041.02,645.96,24.04
27,34,Teacher,2025-07,2686.97,Utilities,176.12,2041.02,645.96,24.04
27,34,Teacher,2025-07,2686.97,Healthcare,146.58,2041.02,645.96,24.04
27,34,Teacher,2025-07,2686.97,Education,54.65,2041.02,645.96,24.04
27,34,Teacher,2025-07,2686.97,Shopping,203.52,2041.02,645.96,24.04
27,34,Teacher,2025-08,2489.17,Rent,624.44,1627.96,861.21,34.6
27,34,Teacher,2025-08,2489.17,Groceries,251.4,1627.96,861.21,34.6
27,34,Teacher,2025-08,2489.17,Transport,197.47,1627.96,861.21,34.6
27,34,Teacher,2025-08,2489.17,Entertainment,131.35,1627.96,861.21,34.6
27,34,Teacher,2025-08,2489.17,Utilities,138.25,1627.96,861.21,34.6
27,34,Teacher,2025-08,2489.17,Healthcare,50.53,1627.96,861.21,34.6
27,34,Teacher,2025-08,2489.17,Education,52.61,1627.96,861.21,34.6
27,34,Teacher,2025-08,2489.17,Shopping,181.92,1627.96,861.21,34.6
27,34,Teacher,2025-09,2588.98,Rent,836.82,1998.54,590.44,22.81
27,34,Teacher,2025-09,2588.98,Groceries,289.06,1998.54,590.44,22.81
27,34,Teacher,2025-09,2588.98,Transport,234.71,1998.54,590.44,22.81
27,34,Teacher,2025-09,2588.98,Entertainment,153.84,1998.54,590.44,22.81
27,34,Teacher,2025-09,2588.98,Utilities,119.93,1998.54,590.44,22.81
27,34,Teacher,2025-09,2588.98,Healthcare,76.29,1998.54,590.44,22.81
27,34,Teacher,2025-09,2588.98,Education,81.3,1998.54,590.44,22.81
27,34,Teacher,2025-09,2588.98,Shopping,206.59,1998.54,590.44,22.81
27,34,Teacher,2025-10,2579.94,Rent,711.63,1859.42,720.53,27.93
27,34,Teacher,2025-10,2579.94,Groceries,369.84,1859.42,720.53,27.93
27,34,Teacher,2025-10,2579.94,Transport,215.33,1859.42,720.53,27.93
27,34,Teacher,2025-10,2579.94,Entertainment,135.2,1859.42,720.53,27.93
27,34,Teacher,2025-10,2579.94,Utilities,140.96,1859.42,720.53,27.93
27,34,Teacher,2025-10,2579.94,Healthcare,72.68,1859.42,720.53,27.93
27,34,Teacher,2025-10,2579.94,Education,80.86,1859.42,720.53,27.93
27,34,Teacher,2025-10,2579.94,Shopping,132.93,1859.42,720.53,27.93
27,34,Teacher,2025-11,2773.7,Rent,826.61,2162.43,611.26,22.04
27,34,Teacher,2025-11,2773.7,Groceries,344.75,2162.43,611.26,22.04
27,34,Teacher,2025-11,2773.7,Transport,217.16,2162.43,611.26,22.04
27,34,Teacher,2025-11,2773.7,Entertainment,210.35,2162.43,611.26,22.04
27,34,Teacher,2025-11,2773.7,Utilities,177.58,2162.43,611.26,22.04
27,34,Teacher,2025-11,2773.7,Healthcare,105.53,2162.43,611.26,22.04
27,34,Teacher,2025-11,2773.7,Education,99.67,2162.43,611.26,22.04
27,34,Teacher,2025-11,2773.7,Shopping,180.77,2162.43,611.26,22.04
27,34,Teacher,2025-12,2605.58,Rent,701.5,1910.3,695.27,26.68
27,34,Teacher,2025-12,2605.58,Groceries,321.0,1910.3,695.27,26.68
27,34,Teacher,2025-12,2605.58,Transport,162.3,1910.3,695.27,26.68
27,34,Teacher,2025-12,2605.58,Entertainment,197.35,1910.3,695.27,26.68
27,34,Teacher,2025-12,2605.58,Utilities,130.44,1910.3,695.27,26.68
27,34,Teacher,2025-12,2605.58,Healthcare,151.36,1910.3,695.27,26.68
27,34,Teacher,2025-12,2605.58,Education,69.45,1910.3,695.27,26.68
27,34,Teacher,2025-12,2605.58,Shopping,176.9,1910.3,695.27,26.68
28,44,Student,2024-01,1022.76,Rent,270.97,715.07,307.68,30.08
28,44,Student,2024-01,1022.76,Groceries,149.83,715.07,307.68,30.08
28,44,Student,2024-01,1022.76,Transport,74.59,715.07,307.68,30.08
28,44,Student,2024-01,1022.76,Entertainment,39.97,715.07,307.68,30.08
28,44,Student,2024-01,1022.76,Utilities,50.19,715.07,307.68,30.08
28,44,Student,2024-01,1022.76,Healthcare,22.53,715.07,307.68,30.08
28,44,Student,2024-01,1022.76,Education,23.95,715.07,307.68,30.08
28,44,Student,2024-01,1022.76,Shopping,83.04,715.07,307.68,30.08
28,44,Student,2024-02,1085.6,Rent,372.64,819.07,266.52,24.55
28,44,Student,2024-02,1085.6,Groceries,115.36,819.07,266.52,24.55
28,44,Student,2024-02,1085.6,Transport,75.02,819.07,266.52,24.55
28,44,Student,2024-02,1085.6,Entertainment,34.1,819.07,266.52,24.55
28,44,Student,2024-02,1085.6,Utilities,71.27,819.07,266.52,24.55
28,44,Student,2024-02,1085.6,Healthcare,37.29,819.07,266.52,24.55
28,44,Student,2024-02,1085.6,Education,34.26,819.07,266.52,24.55
28,44,Student,2024-02,1085.6,Shopping,79.13,819.07,266.52,24.55
28,44,Student,2024-03,1019.24,Rent,286.04,753.99,265.25,26.02
28,44,Student,2024-03,1019.24,Groceries,150.96,753.99,265.25,26.02
28,44,Student,2024-03,1019.24,Transport,100.11,753.99,265.25,26.02
28,44,Student,2024-03,1019.24,Entertainment,45.33,753.99,265.25,26.02
28,44,Student,2024-03,1019.24,Utilities,55.44,753.99,265.25,26.02
28,44,Student,2024-03,1019.24,Healthcare,60.05,753.99,265.25,26.02
28,44,Student,2024-03,1019.24,Education,0.25,753.99,265.25,26.02
28,44,Student,2024-03,1019.24,Shopping,55.81,753.99,265.25,26.02
28,44,Student,2024-04,975.85,Rent,293.65,732.02,243.83,24.99
28,44,Student,2024-04,975.85,Groceries,98.79,732.02,243.83,24.99
28,44,Student,2024-04,975.85,Transport,68.65,732.02,243.83,24.99
28,44,Student,2024-04,975.85,Entertainment,40.04,732.02,243.83,24.99
28,44,Student,2024-04,975.85,Utilities,54.65,732.02,243.83,24.99
28,44,Student,2024-04,975.85,Healthcare,58.39,732.02,243.83,24.99
28,44,Student,2024-04,975.85,Education,39.06,732.02,243.83,24.99
28,44,Student,2024-04,975.85,Shopping,78.79,732.02,243.83,24.99
28,44,Student,2024-05,1046.3,Rent,265.92,691.99,354.32,33.86
28,44,Student,2024-05,1046.3,Groceries,115.45,691.99,354.32,33.86
28,44,Student,2024-05,1046.3,Transport,100.71,691.99,354.32,33.86
28,44,Student,2024-05,1046.3,Entertainment,50.54,691.99,354.32,33.86
28,44,Student,2024-05,1046.3,Utilities,45.11,691.99,354.32,33.86
28,44,Student,2024-05,1046.3,Healthcare,50.32,691.99,354.32,33.86
28,44,Student,2024-05,1046.3,Education,15.67,691.99,354.32,33.86
28,44,Student,2024-05,1046.3,Shopping,48.27,691.99,354.32,33.86
28,44,Student,2024-06,1094.08,Rent,367.41,848.26,245.82,22.47
28,44,Student,2024-06,1094.08,Groceries,131.72,848.26,245.82,22.47
28,44,Student,2024-06,1094.08,Transport,108.33,848.26,245.82,22.47
28,44,Student,2024-06,1094.08,Entertainment,68.39,848.26,245.82,22.47
28,44,Student,2024-06,1094.08,Utilities,68.12,848.26,245.82,22.47
28,44,Student,2024-06,1094.08,Healthcare,23.26,848.26,245.82,22.47
28,44,Student,2024-06,1094.08,Education,6.65,848.26,245.82,22.47
28,44,Student,2024-06,1094.08,Shopping,74.38,848.26,245.82,22.47
28,44,Student,2024-07,1081.05,Rent,337.69,722.96,358.09,33.12
28,44,Student,2024-07,1081.05,Groceries,115.35,722.96,358.09,33.12
28,44,Student,2024-07,1081.05,Transport,60.31,722.96,358.09,33.12
28,44,Student,2024-07,1081.05,Entertainment,78.06,722.96,358.09,33.12
28,44,Student,2024-07,1081.05,Utilities,47.76,722.96,358.09,33.12
28,44,Student,2024-07,1081.05,Healthcare,44.12,722.96,358.09,33.12
28,44,Student,2024-07,1081.05,Education,2.01,722.96,358.09,33.12
28,44,Student,2024-07,1081.05,Shopping,37.66,722.96,358.09,33.12
28,44,Student,2024-08,1051.19,Rent,335.24,780.96,270.23,25.71
28,44,Student,2024-08,1051.19,Groceries,123.07,780.96,270.23,25.71
28,44,Student,2024-08,1051.19,Transport,63.89,780.96,270.23,25.71
28,44,Student,2024-08,1051.19,Entertainment,74.3,780.96,270.23,25.71
28,44,Student,2024-08,1051.19,Utilities,48.89,780.96,270.23,25.71
28,44,Student,2024-08,1051.19,Healthcare,43.81,780.96,270.23,25.71
28,44,Student,2024-08,1051.19,Education,50.89,780.96,270.23,25.71
28,44,Student,2024-08,1051.19,Shopping,40.86,780.96,270.23,25.71
28,44,Student,2024-09,1086.56,Rent,291.51,803.27,283.29,26.07
28,44,Student,2024-09,1086.56,Groceries,139.48,803.27,283.29,26.07
28,44,Student,2024-09,1086.56,Transport,74.81,803.27,283.29,26.07
28,44,Student,2024-09,1086.56,Entertainment,85.02,803.27,283.29,26.07
28,44,Student,2024-09,1086.56,Utilities,52.38,803.27,283.29,26.07
28,44,Student,2024-09,1086.56,Healthcare,39.1,803.27,283.29,26.07
28,44,Student,2024-09,1086.56,Education,53.4,803.27,283.29,26.07
28,44,Student,2024-09,1086.56,Shopping,67.57,803.27,283.29,26.07
28,44,Student,2024-10,1028.83,Rent,283.73,738.23,290.6,28.25
28,44,Student,2024-10,1028.83,Groceries,138.96,738.23,290.6,28.25
28,44,Student,2024-10,1028.83,Transport,52.18,738.23,290.6,28.25
28,44,Student,2024-10,1028.83,Entertainment,33.41,738.23,290.6,28.25
28,44,Student,2024-10,1028.83,Utilities,59.65,738.23,290.6,28.25
28,44,Student,2024-10,1028.83,Healthcare,34.64,738.23,290.6,28.25
28,44,Student,2024-10,1028.83,Education,49.04,738.23,290.6,28.25
28,44,Student,2024-10,1028.83,Shopping,86.62,738.23,290.6,28.25
28,44,Student,2024-11,1056.64,Rent,350.61,815.86,240.77,22.79
28,44,Student,2024-11,1056.64,Groceries,140.92,815.86,240.77,22.79
28,44,Student,2024-11,1056.64,Transport,59.47,815.86,240.77,22.79
28,44,Student,2024-11,1056.64,Entertainment,72.14,815.86,240.77,22.79
28,44,Student,2024-11,1056.64,Utilities,48.93,815.86,240.77,22.79
28,44,Student,2024-11,1056.64,Healthcare,34.8,815.86,240.77,22.79
28,44,Student,2024-11,1056.64,Education,43.28,815.86,240.77,22.79
28,44,Student,2024-11,1056.64,Shopping,65.71,815.86,240.77,22.79
28,44,Student,2024-12,1075.9,Rent,291.9,720.31,355.58,33.05
28,44,Student,2024-12,1075.9,Groceries,140.29,720.31,355.58,33.05
28,44,Student,2024-12,1075.9,Transport,58.3,720.31,355.58,33.05
28,44,Student,2024-12,1075.9,Entertainment,66.87,720.31,355.58,33.05
28,44,Student,2024-12,1075.9,Utilities,67.65,720.31,355.58,33.05
28,44,Student,2024-12,1075.9,Healthcare,46.69,720.31,355.58,33.05
28,44,Student,2024-12,1075.9,Education,14.32,720.31,355.58,33.05
28,44,Student,2024-12,1075.9,Shopping,34.3,720.31,355.58,33.05
28,44,Student,2025-01,978.36,Rent,305.47,787.79,190.56,19.48
28,44,Student,2025-01,978.36,Groceries,143.55,787.79,190.56,19.48
28,44,Student,2025-01,978.36,Transport,59.02,787.79,190.56,19.48
28,44,Student,2025-01,978.36,Entertainment,65.31,787.79,190.56,19.48
28,44,Student,2025-01,978.36,Utilities,64.57,787.79,190.56,19.48
28,44,Student,2025-01,978.36,Healthcare,39.95,787.79,190.56,19.48
28,44,Student,2025-01,978.36,Education,32.74,787.79,190.56,19.48
28,44,Student,2025-01,978.36,Shopping,77.19,787.79,190.56,19.48
28,44,Student,2025-02,996.96,Rent,278.84,696.22,300.74,30.17
28,44,Student,2025-02,996.96,Groceries,99.73,696.22,300.74,30.17
28,44,Student,2025-02,996.96,Transport,97.86,696.22,300.74,30.17
28,44,Student,2025-02,996.96,Entertainment,75.65,696.22,300.74,30.17
28,44,Student,2025-02,996.96,Utilities,62.75,696.22,300.74,30.17
28,44,Student,2025-02,996.96,Healthcare,23.09,696.22,300.74,30.17
28,44,Student,2025-02,996.96,Education,22.31,696.22,300.74,30.17
28,44,Student,2025-02,996.96,Shopping,36.0,696.22,300.74,30.17
28,44,Student,2025-03,964.72,Rent,300.62,757.59,207.13,21.47
28,44,Student,2025-03,964.72,Groceries,142.82,757.59,207.13,21.47
28,44,Student,2025-03,964.72,Transport,91.79,757.59,207.13,21.47
28,44,Student,2025-03,964.72,Entertainment,62.55,757.59,207.13,21.47
28,44,Student,2025-03,964.72,Utilities,41.39,757.59,207.13,21.47
28,44,Student,2025-03,964.72,Healthcare,29.87,757.59,207.13,21.47
28,44,Student,2025-03,964.72,Education,15.44,757.59,207.13,21.47
28,44,Student,2025-03,964.72,Shopping,73.12,757.59,207.13,21.47
28,44,Student,2025-04,1068.3,Rent,308.22,735.16,333.14,31.18
28,44,Student,2025-04,1068.3,Groceries,129.15,735.16,333.14,31.18
28,44,Student,2025-04,1068.3,Transport,55.79,735.16,333.14,31.18
28,44,Student,2025-04,1068.3,Entertainment,47.49,735.16,333.14,31.18
28,44,Student,2025-04,1068.3,Utilities,57.2,735.16,333.14,31.18
28,44,Student,2025-04,1068.3,Healthcare,26.36,735.16,333.14,31.18
28,44,Student,2025-04,1068.3,Education,24.21,735.16,333.14,31.18
28,44,Student,2025-04,1068.3,Shopping,86.74,735.16,333.14,31.18
28,44,Student,2025-05,1039.2,Rent,268.0,715.22,323.98,31.18
28,44,Student,2025-05,1039.2,Groceries,113.88,715.22,323.98,31.18
28,44,Student,2025-05,1039.2,Transport,76.62,715.22,323.98,31.18
28,44,Student,2025-05,1039.2,Entertainment,49.96,715.22,323.98,31.18
28,44,Student,2025-05,1039.2,Utilities,52.75,715.22,323.98,31.18
28,44,Student,2025-05,1039.2,Healthcare,42.78,715.22,323.98,31.18
28,44,Student,2025-05,1039.2,Education,30.37,715.22,323.98,31.18
28,44,Student,2025-05,1039.2,Shopping,80.86,715.22,323.98,31.18
28,44,Student,2025-06,1007.54,Rent,333.04,800.33,207.2,20.57
28,44,Student,2025-06,1007.54,Groceries,117.81,800.33,207.2,20.57
28,44,Student,2025-06,1007.54,Transport,53.17,800.33,207.2,20.57
28,44,Student,2025-06,1007.54,Entertainment,58.14,800.33,207.2,20.57
28,44,Student,2025-06,1007.54,Utilities,58.07,800.33,207.2,20.57
28,44,Student,2025-06,1007.54,Healthcare,57.81,800.33,207.2,20.57
28,44,Student,2025-06,1007.54,Education,36.58,800.33,207.2,20.57
28,44,Student,2025-06,1007.54,Shopping,85.71,800.33,207.2,20.57
28,44,Student,2025-07,1082.27,Rent,336.0,822.78,259.49,23.98
28,44,Student,2025-07,1082.27,Groceries,136.79,822.78,259.49,23.98
28,44,Student,2025-07,1082.27,Transport,84.28,822.78,259.49,23.98
28,44,Student,2025-07,1082.27,Entertainment,85.41,822.78,259.49,23.98
28,44,Student,2025-07,1082.27,Utilities,68.39,822.78,259.49,23.98
28,44,Student,2025-07,1082.27,Healthcare,26.25,822.78,259.49,23.98
28,44,Student,2025-07,1082.27,Education,42.12,822.78,259.49,23.98
28,44,Student,2025-07,1082.27,Shopping,43.54,822.78,259.49,23.98
28,44,Student,2025-08,1021.55,Rent,276.89,716.77,304.78,29.83
28,44,Student,2025-08,1021.55,Groceries,137.38,716.77,304.78,29.83
28,44,Student,2025-08,1021.55,Transport,95.89,716.77,304.78,29.83
28,44,Student,2025-08,1021.55,Entertainment,45.48,716.77,304.78,29.83
28,44,Student,2025-08,1021.55,Utilities,43.38,716.77,304.78,29.83
28,44,Student,2025-08,1021.55,Healthcare,32.63,716.77,304.78,29.83
28,44,Student,2025-08,1021.55,Education,34.34,716.77,304.78,29.83
28,44,Student,2025-08,1021.55,Shopping,50.8,716.77,304.78,29.83
28,44,Student,2025-09,999.26,Rent,268.24,683.25,316.0,31.62
28,44,Student,2025-09,999.26,Groceries,124.78,683.25,316.0,31.62
28,44,Student,2025-09,999.26,Transport,63.75,683.25,316.0,31.62
28,44,Student,2025-09,999.26,Entertainment,66.5,683.25,316.0,31.62
28,44,Student,2025-09,999.26,Utilities,42.27,683.25,316.0,31.62
28,44,Student,2025-09,999.26,Healthcare,46.53,683.25,316.0,31.62
28,44,Student,2025-09,999.26,Education,11.87,683.25,316.0,31.62
28,44,Student,2025-09,999.26,Shopping,59.31,683.25,316.0,31.62
28,44,Student,2025-10,1000.31,Rent,322.38,806.61,193.7,19.36
28,44,Student,2025-10,1000.31,Groceries,147.31,806.61,193.7,19.36
28,44,Student,2025-10,1000.31,Transport,95.88,806.61,193.7,19.36
28,44,Student,2025-10,1000.31,Entertainment,59.19,806.61,193.7,19.36
28,44,Student,2025-10,1000.31,Utilities,53.89,806.61,193.7,19.36
28,44,Student,2025-10,1000.31,Healthcare,52.75,806.61,193.7,19.36
28,44,Student,2025-10,1000.31,Education,34.18,806.61,193.7,19.36
28,44,Student,2025-10,1000.31,Shopping,41.03,806.61,193.7,19.36
28,44,Student,2025-11,1070.76,Rent,313.61,683.52,387.23,36.16
28,44,Student,2025-11,1070.76,Groceries,117.19,683.52,387.23,36.16
28,44,Student,2025-11,1070.76,Transport,68.62,683.52,387.23,36.16
28,44,Student,2025-11,1070.76,Entertainment,46.45,683.52,387.23,36.16
28,44,Student,2025-11,1070.76,Utilities,59.51,683.52,387.23,36.16
28,44,Student,2025-11,1070.76,Healthcare,31.45,683.52,387.23,36.16
28,44,Student,2025-11,1070.76,Education,6.62,683.52,387.23,36.16
28,44,Student,2025-11,1070.76,Shopping,40.07,683.52,387.23,36.16
28,44,Student,2025-12,1039.45,Rent,336.24,717.01,322.45,31.02
28,44,Student,2025-12,1039.45,Groceries,120.66,717.01,322.45,31.02
28,44,Student,2025-12,1039.45,Transport,53.77,717.01,322.45,31.02
28,44,Student,2025-12,1039.45,Entertainment,37.8,717.01,322.45,31.02
28,44,Student,2025-12,1039.45,Utilities,70.1,717.01,322.45,31.02
28,44,Student,2025-12,1039.45,Healthcare,41.31,717.01,322.45,31.02
28,44,Student,2025-12,1039.45,Education,23.57,717.01,322.45,31.02
28,44,Student,2025-12,1039.45,Shopping,33.56,717.01,322.45,31.02
29,43,Student,2024-01,1518.23,Rent,425.11,971.41,546.81,36.02
29,43,Student,2024-01,1518.23,Groceries,163.31,971.41,546.81,36.02
29,43,Student,2024-01,1518.23,Transport,97.52,971.41,546.81,36.02
29,43,Student,2024-01,1518.23,Entertainment,74.09,971.41,546.81,36.02
29,43,Student,2024-01,1518.23,Utilities,95.18,971.41,546.81,36.02
29,43,Student,2024-01,1518.23,Healthcare,63.14,971.41,546.81,36.02
29,43,Student,2024-01,1518.23,Education,5.88,971.41,546.81,36.02
29,43,Student,2024-01,1518.23,Shopping,47.19,971.41,546.81,36.02
29,43,Student,2024-02,1439.11,Rent,418.85,1102.51,336.6,23.39
29,43,Student,2024-02,1439.11,Groceries,211.06,1102.51,336.6,23.39
29,43,Student,2024-02,1439.11,Transport,117.82,1102.51,336.6,23.39
29,43,Student,2024-02,1439.11,Entertainment,100.87,1102.51,336.6,23.39
29,43,Student,2024-02,1439.11,Utilities,77.7,1102.51,336.6,23.39
29,43,Student,2024-02,1439.11,Healthcare,49.6,1102.51,336.6,23.39
29,43,Student,2024-02,1439.11,Education,7.8,1102.51,336.6,23.39
29,43,Student,2024-02,1439.11,Shopping,118.81,1102.51,336.6,23.39
29,43,Student,2024-03,1571.33,Rent,419.25,1099.39,471.94,30.03
29,43,Student,2024-03,1571.33,Groceries,197.38,1099.39,471.94,30.03
29,43,Student,2024-03,1571.33,Transport,116.86,1099.39,471.94,30.03
29,43,Student,2024-03,1571.33,Entertainment,96.25,1099.39,471.94,30.03
29,43,Student,2024-03,1571.33,Utilities,107.46,1099.39,471.94,30.03
29,43,Student,2024-03,1571.33,Healthcare,67.87,1099.39,471.94,30.03
29,43,Student,2024-03,1571.33,Education,42.44,1099.39,471.94,30.03
29,43,Student,2024-03,1571.33,Shopping,51.88,1099.39,471.94,30.03
29,43,Student,2024-04,1431.45,Rent,384.68,969.13,462.32,32.3
29,43,Student,2024-04,1431.45,Groceries,145.47,969.13,462.32,32.3
29,43,Student,2024-04,1431.45,Transport,124.78,969.13,462.32,32.3
29,43,Student,2024-04,1431.45,Entertainment,94.71,969.13,462.32,32.3
29,43,Student,2024-04,1431.45,Utilities,63.1,969.13,462.32,32.3
29,43,Student,2024-04,1431.45,Healthcare,76.5,969.13,462.32,32.3
29,43,Student,2024-04,1431.45,Education,11.08,969.13,462.32,32.3
29,43,Student,2024-04,1431.45,Shopping,68.81,969.13,462.32,32.3
29,43,Student,2024-05,1467.59,Rent,421.54,964.05,503.54,34.31
29,43,Student,2024-05,1467.59,Groceries,165.45,964.05,503.54,34.31
29,43,Student,2024-05,1467.59,Transport,109.26,964.05,503.54,34.31
29,43,Student,2024-05,1467.59,Entertainment,73.92,964.05,503.54,34.31
29,43,Student,2024-05,1467.59,Utilities,102.14,964.05,503.54,34.31
29,43,Student,2024-05,1467.59,Healthcare,32.63,964.05,503.54,34.31
29,43,Student,2024-05,1467.59,Education,10.43,964.05,503.54,34.31
29,43,Student,2024-05,1467.59,Shopping,48.68,964.05,503.54,34.31
29,43,Student,2024-06,1540.78,Rent,393.59,1035.27,505.51,32.81
29,43,Student,2024-06,1540.78,Groceries,218.52,1035.27,505.51,32.81
29,43,Student,2024-06,1540.78,Transport,116.48,1035.27,505.51,32.81
29,43,Student,2024-06,1540.78,Entertainment,86.82,1035.27,505.51,32.81
29,43,Student,2024-06,1540.78,Utilities,87.59,1035.27,505.51,32.81
29,43,Student,2024-06,1540.78,Healthcare,41.34,1035.27,505.51,32.81
29,43,Student,2024-06,1540.78,Education,15.23,1035.27,505.51,32.81
29,43,Student,2024-06,1540.78,Shopping,75.7,1035.27,505.51,32.81
29,43,Student,2024-07,1534.49,Rent,415.87,1035.84,498.66,32.5
29,43,Student,2024-07,1534.49,Groceries,162.38,1035.84,498.66,32.5
29,43,Student,2024-07,1534.49,Transport,151.16,1035.84,498.66,32.5
29,43,Student,2024-07,1534.49,Entertainment,47.72,1035.84,498.66,32.5
29,43,Student,2024-07,1534.49,Utilities,98.33,1035.84,498.66,32.5
29,43,Student,2024-07,1534.49,Healthcare,79.06,1035.84,498.66,32.5
29,43,Student,2024-07,1534.49,Education,22.8,1035.84,498.66,32.5
29,43,Student,2024-07,1534.49,Shopping,58.52,1035.84,498.66,32.5
29,43,Student,2024-08,1447.51,Rent,462.83,1154.52,292.99,20.24
29,43,Student,2024-08,1447.51,Groceries,191.28,1154.52,292.99,20.24
29,43,Student,2024-08,1447.51,Transport,129.03,1154.52,292.99,20.24
29,43,Student,2024-08,1447.51,Entertainment,111.28,1154.52,292.99,20.24
29,43,Student,2024-08,1447.51,Utilities,87.95,1154.52,292.99,20.24
29,43,Student,2024-08,1447.51,Healthcare,37.97,1154.52,292.99,20.24
29,43,Student,2024-08,1447.51,Education,17.62,1154.52,292.99,20.24
29,43,Student,2024-08,1447.51,Shopping,116.57,1154.52,292.99,20.24
29,43,Student,2024-09,1459.88,Rent,375.56,1043.19,416.69,28.54
29,43,Student,2024-09,1459.88,Groceries,197.32,1043.19,416.69,28.54
29,43,Student,2024-09,1459.88,Transport,102.38,1043.19,416.69,28.54
29,43,Student,2024-09,1459.88,Entertainment,110.95,1043.19,416.69,28.54
29,43,Student,2024-09,1459.88,Utilities,86.87,1043.19,416.69,28.54
29,43,Student,2024-09,1459.88,Healthcare,34.48,1043.19,416.69,28.54
29,43,Student,2024-09,1459.88,Education,69.19,1043.19,416.69,28.54
29,43,Student,2024-09,1459.88,Shopping,66.44,1043.19,416.69,28.54
29,43,Student,2024-10,1484.72,Rent,430.9,1049.21,435.52,29.33
29,43,Student,2024-10,1484.72,Groceries,152.27,1049.21,435.52,29.33
29,43,Student,2024-10,1484.72,Transport,111.1,1049.21,435.52,29.33
29,43,Student,2024-10,1484.72,Entertainment,53.7,1049.21,435.52,29.33
29,43,Student,2024-10,1484.72,Utilities,77.25,1049.21,435.52,29.33
29,43,Student,2024-10,1484.72,Healthcare,50.52,1049.21,435.52,29.33
29,43,Student,2024-10,1484.72,Education,57.37,1049.21,435.52,29.33
29,43,Student,2024-10,1484.72,Shopping,116.09,1049.21,435.52,29.33
29,43,Student,2024-11,1449.03,Rent,415.37,980.02,469.0,32.37
29,43,Student,2024-11,1449.03,Groceries,171.95,980.02,469.0,32.37
29,43,Student,2024-11,1449.03,Transport,83.42,980.02,469.0,32.37
29,43,Student,2024-11,1449.03,Entertainment,101.32,980.02,469.0,32.37
29,43,Student,2024-11,1449.03,Utilities,88.7,980.02,469.0,32.37
29,43,Student,2024-11,1449.03,Healthcare,40.02,980.02,469.0,32.37
29,43,Student,2024-11,1449.03,Education,26.57,980.02,469.0,32.37
29,43,Student,2024-11,1449.03,Shopping,52.67,980.02,469.0,32.37
29,43,Student,2024-12,1541.24,Rent,404.02,1128.13,413.1,26.8
29,43,Student,2024-12,1541.24,Groceries,230.1,1128.13,413.1,26.8
29,43,Student,2024-12,1541.24,Transport,137.22,1128.13,413.1,26.8
29,43,Student,2024-12,1541.24,Entertainment,76.31,1128.13,413.1,26.8
29,43,Student,2024-12,1541.24,Utilities,88.4,1128.13,413.1,26.8
29,43,Student,2024-12,1541.24,Healthcare,87.01,1128.13,413.1,26.8
29,43,Student,2024-12,1541.24,Education,42.7,1128.13,413.1,26.8
29,43,Student,2024-12,1541.24,Shopping,62.37,1128.13,413.1,26.8
29,43,Student,2025-01,1492.78,Rent,499.06,1214.23,278.55,18.66
29,43,Student,2025-01,1492.78,Groceries,197.36,1214.23,278.55,18.66
29,43,Student,2025-01,1492.78,Transport,123.21,1214.23,278.55,18.66
29,43,Student,2025-01,1492.78,Entertainment,109.48,1214.23,278.55,18.66
29,43,Student,2025-01,1492.78,Utilities,99.75,1214.23,278.55,18.66
29,43,Student,2025-01,1492.78,Healthcare,84.78,1214.23,278.55,18.66
29,43,Student,2025-01,1492.78,Education,7.08,1214.23,278.55,18.66
29,43,Student,2025-01,1492.78,Shopping,93.52,1214.23,278.55,18.66
29,43,Student,2025-02,1563.05,Rent,509.07,1145.58,417.46,26.71
29,43,Student,2025-02,1563.05,Groceries,203.72,1145.58,417.46,26.71
29,43,Student,2025-02,1563.05,Transport,91.19,1145.58,417.46,26.71
29,43,Student,2025-02,1563.05,Entertainment,109.21,1145.58,417.46,26.71
29,43,Student,2025-02,1563.05,Utilities,96.29,1145.58,417.46,26.71
29,43,Student,2025-02,1563.05,Healthcare,36.65,1145.58,417.46,26.71
29,43,Student,2025-02,1563.05,Education,36.25,1145.58,417.46,26.71
29,43,Student,2025-02,1563.05,Shopping,63.21,1145.58,417.46,26.71
29,43,Student,2025-03,1484.77,Rent,373.88,997.26,487.52,32.83
29,43,Student,2025-03,1484.77,Groceries,178.2,997.26,487.52,32.83
29,43,Student,2025-03,1484.77,Transport,115.06,997.26,487.52,32.83
29,43,Student,2025-03,1484.77,Entertainment,90.54,997.26,487.52,32.83
29,43,Student,2025-03,1484.77,Utilities,88.94,997.26,487.52,32.83
29,43,Student,2025-03,1484.77,Healthcare,79.36,997.26,487.52,32.83
29,43,Student,2025-03,1484.77,Education,16.0,997.26,487.52,32.83
29,43,Student,2025-03,1484.77,Shopping,55.28,997.26,487.52,32.83
29,43,Student,2025-04,1584.61,Rent,420.97,1170.0,414.61,26.16
29,43,Student,2025-04,1584.61,Groceries,235.69,1170.0,414.61,26.16
29,43,Student,2025-04,1584.61,Transport,145.99,1170.0,414.61,26.16
29,43,Student,2025-04,1584.61,Entertainment,87.22,1170.0,414.61,26.16
29,43,Student,2025-04,1584.61,Utilities,110.04,1170.0,414.61,26.16
29,43,Student,2025-04,1584.61,Healthcare,37.86,1170.0,414.61,26.16
29,43,Student,2025-04,1584.61,Education,24.01,1170.0,414.61,26.16
29,43,Student,2025-04,1584.61,Shopping,108.22,1170.0,414.61,26.16
29,43,Student,2025-05,1487.21,Rent,509.87,1147.81,339.4,22.82
29,43,Student,2025-05,1487.21,Groceries,153.6,1147.81,339.4,22.82
29,43,Student,2025-05,1487.21,Transport,115.21,1147.81,339.4,22.82
29,43,Student,2025-05,1487.21,Entertainment,88.55,1147.81,339.4,22.82
29,43,Student,2025-05,1487.21,Utilities,88.61,1147.81,339.4,22.82
29,43,Student,2025-05,1487.21,Healthcare,44.95,1147.81,339.4,22.82
29,43,Student,2025-05,1487.21,Education,27.11,1147.81,339.4,22.82
29,43,Student,2025-05,1487.21,Shopping,119.9,1147.81,339.4,22.82
29,43,Student,2025-06,1457.09,Rent,484.76,1169.9,287.19,19.71
29,43,Student,2025-06,1457.09,Groceries,186.7,1169.9,287.19,19.71
29,43,Student,2025-06,1457.09,Transport,128.38,1169.9,287.19,19.71
29,43,Student,2025-06,1457.09,Entertainment,95.7,1169.9,287.19,19.71
29,43,Student,2025-06,1457.09,Utilities,67.35,1169.9,287.19,19.71
29,43,Student,2025-06,1457.09,Healthcare,62.29,1169.9,287.19,19.71
29,43,Student,2025-06,1457.09,Education,63.22,1169.9,287.19,19.71
29,43,Student,2025-06,1457.09,Shopping,81.49,1169.9,287.19,19.71
29,43,Student,2025-07,1606.95,Rent,474.41,1203.3,403.66,25.12
29,43,Student,2025-07,1606.95,Groceries,172.17,1203.3,403.66,25.12
29,43,Student,2025-07,1606.95,Transport,111.64,1203.3,403.66,25.12
29,43,Student,2025-07,1606.95,Entertainment,124.68,1203.3,403.66,25.12
29,43,Student,2025-07,1606.95,Utilities,79.69,1203.3,403.66,25.12
29,43,Student,2025-07,1606.95,Healthcare,87.94,1203.3,403.66,25.12
29,43,Student,2025-07,1606.95,Education,70.81,1203.3,403.66,25.12
29,43,Student,2025-07,1606.95,Shopping,81.97,1203.3,403.66,25.12
29,43,Student,2025-08,1435.4,Rent,462.85,1091.9,343.51,23.93
29,43,Student,2025-08,1435.4,Groceries,165.9,1091.9,343.51,23.93
29,43,Student,2025-08,1435.4,Transport,127.96,1091.9,343.51,23.93
29,43,Student,2025-08,1435.4,Entertainment,74.83,1091.9,343.51,23.93
29,43,Student,2025-08,1435.4,Utilities,78.31,1091.9,343.51,23.93
29,43,Student,2025-08,1435.4,Healthcare,73.37,1091.9,343.51,23.93
29,43,Student,2025-08,1435.4,Education,27.44,1091.9,343.51,23.93
29,43,Student,2025-08,1435.4,Shopping,81.23,1091.9,343.51,23.93
29,43,Student,2025-09,1492.29,Rent,427.89,1065.85,426.44,28.58
29,43,Student,2025-09,1492.29,Groceries,188.47,1065.85,426.44,28.58
29,43,Student,2025-09,1492.29,Transport,134.96,1065.85,426.44,28.58
29,43,Student,2025-09,1492.29,Entertainment,71.76,1065.85,426.44,28.58
29,43,Student,2025-09,1492.29,Utilities,83.16,1065.85,426.44,28.58
29,43,Student,2025-09,1492.29,Healthcare,69.88,1065.85,426.44,28.58
29,43,Student,2025-09,1492.29,Education,20.1,1065.85,426.44,28.58
29,43,Student,2025-09,1492.29,Shopping,69.62,1065.85,426.44,28.58
29,43,Student,2025-10,1600.51,Rent,515.93,1188.92,411.59,25.72
29,43,Student,2025-10,1600.51,Groceries,206.24,1188.92,411.59,25.72
29,43,Student,2025-10,1600.51,Transport,131.86,1188.92,411.59,25.72
29,43,Student,2025-10,1600.51,Entertainment,50.36,1188.92,411.59,25.72
29,43,Student,2025-10,1600.51,Utilities,93.7,1188.92,411.59,25.72
29,43,Student,2025-10,1600.51,Healthcare,64.63,1188.92,411.59,25.72
29,43,Student,2025-10,1600.51,Education,43.67,1188.92,411.59,25.72
29,43,Student,2025-10,1600.51,Shopping,82.53,1188.92,411.59,25.72
29,43,Student,2025-11,1435.05,Rent,386.51,1007.22,427.83,29.81
29,43,Student,2025-11,1435.05,Groceries,211.72,1007.22,427.83,29.81
29,43,Student,2025-11,1435.05,Transport,101.08,1007.22,427.83,29.81
29,43,Student,2025-11,1435.05,Entertainment,76.54,1007.22,427.83,29.81
29,43,Student,2025-11,1435.05,Utilities,59.67,1007.22,427.83,29.81
29,43,Student,2025-11,1435.05,Healthcare,30.86,1007.22,427.83,29.81
29,43,Student,2025-11,1435.05,Education,51.46,1007.22,427.83,29.81
29,43,Student,2025-11,1435.05,Shopping,89.38,1007.22,427.83,29.81
29,43,Student,2025-12,1518.03,Rent,416.41,1025.91,492.12,32.42
29,43,Student,2025-12,1518.03,Groceries,208.33,1025.91,492.12,32.42
29,43,Student,2025-12,1518.03,Transport,88.67,1025.91,492.12,32.42
29,43,Student,2025-12,1518.03,Entertainment,59.96,1025.91,492.12,32.42
29,43,Student,2025-12,1518.03,Utilities,81.7,1025.91,492.12,32.42
29,43,Student,2025-12,1518.03,Healthcare,47.74,1025.91,492.12,32.42
29,43,Student,2025-12,1518.03,Education,18.78,1025.91,492.12,32.42
29,43,Student,2025-12,1518.03,Shopping,104.31,1025.91,492.12,32.42
30,59,Freelancer,2024-01,3499.15,Rent,1020.95,2469.86,1029.29,29.42
30,59,Freelancer,2024-01,3499.15,Groceries,362.7,2469.86,1029.29,29.42
30,59,Freelancer,2024-01,3499.15,Transport,222.84,2469.86,1029.29,29.42
30,59,Freelancer,2024-01,3499.15,Entertainment,276.43,2469.86,1029.29,29.42
30,59,Freelancer,2024-01,3499.15,Utilities,202.56,2469.86,1029.29,29.42
30,59,Freelancer,2024-01,3499.15,Healthcare,169.32,2469.86,1029.29,29.42
30,59,Freelancer,2024-01,3499.15,Education,1.29,2469.86,1029.29,29.42
30,59,Freelancer,2024-01,3499.15,Shopping,213.77,2469.86,1029.29,29.42
30,59,Freelancer,2024-02,3160.52,Rent,970.04,2489.01,671.51,21.25
30,59,Freelancer,2024-02,3160.52,Groceries,461.56,2489.01,671.51,21.25
30,59,Freelancer,2024-02,3160.52,Transport,311.06,2489.01,671.51,21.25
30,59,Freelancer,2024-02,3160.52,Entertainment,180.24,2489.01,671.51,21.25
30,59,Freelancer,2024-02,3160.52,Utilities,169.87,2489.01,671.51,21.25
30,59,Freelancer,2024-02,3160.52,Healthcare,182.68,2489.01,671.51,21.25
30,59,Freelancer,2024-02,3160.52,Education,106.45,2489.01,671.51,21.25
30,59,Freelancer,2024-02,3160.52,Shopping,107.12,2489.01,671.51,21.25
30,59,Freelancer,2024-03,3344.77,Rent,916.55,2380.36,964.41,28.83
30,59,Freelancer,2024-03,3344.77,Groceries,413.05,2380.36,964.41,28.83
30,59,Freelancer,2024-03,3344.77,Transport,243.41,2380.36,964.41,28.83
30,59,Freelancer,2024-03,3344.77,Entertainment,197.7,2380.36,964.41,28.83
30,59,Freelancer,2024-03,3344.77,Utilities,169.59,2380.36,964.41,28.83
30,59,Freelancer,2024-03,3344.77,Healthcare,88.87,2380.36,964.41,28.83
30,59,Freelancer,2024-03,3344.77,Education,84.24,2380.36,964.41,28.83
30,59,Freelancer,2024-03,3344.77,Shopping,266.95,2380.36,964.41,28.83
30,59,Freelancer,2024-04,3430.09,Rent,973.59,2699.4,730.68,21.3
30,59,Freelancer,2024-04,3430.09,Groceries,503.46,2699.4,730.68,21.3
30,59,Freelancer,2024-04,3430.09,Transport,327.95,2699.4,730.68,21.3
30,59,Freelancer,2024-04,3430.09,Entertainment,138.81,2699.4,730.68,21.3
30,59,Freelancer,2024-04,3430.09,Utilities,141.26,2699.4,730.68,21.3
30,59,Freelancer,2024-04,3430.09,Healthcare,170.31,2699.4,730.68,21.3
30,59,Freelancer,2024-04,3430.09,Education,141.94,2699.4,730.68,21.3
30,59,Freelancer,2024-04,3430.09,Shopping,302.09,2699.4,730.68,21.3
30,59,Freelancer,2024-05,3527.26,Rent,1093.64,2580.65,946.61,26.84
30,59,Freelancer,2024-05,3527.26,Groceries,446.21,2580.65,946.61,26.84
30,59,Freelancer,2024-05,3527.26,Transport,181.27,2580.65,946.61,26.84
30,59,Freelancer,2024-05,3527.26,Entertainment,149.32,2580.65,946.61,26.84
30,59,Freelancer,2024-05,3527.26,Utilities,189.73,2580.65,946.61,26.84
30,59,Freelancer,2024-05,3527.26,Healthcare,159.22,2580.65,946.61,26.84
30,59,Freelancer,2024-05,3527.26,Education,98.28,2580.65,946.61,26.84
30,59,Freelancer,2024-05,3527.26,Shopping,262.99,2580.65,946.61,26.84
30,59,Freelancer,2024-06,3264.75,Rent,1000.63,2426.72,838.04,25.67
30,59,Freelancer,2024-06,3264.75,Groceries,340.86,2426.72,838.04,25.67
30,59,Freelancer,2024-06,3264.75,Transport,230.76,2426.72,838.04,25.67
30,59,Freelancer,2024-06,3264.75,Entertainment,220.4,2426.72,838.04,25.67
30,59,Freelancer,2024-06,3264.75,Utilities,198.5,2426.72,838.04,25.67
30,59,Freelancer,2024-06,3264.75,Healthcare,194.66,2426.72,838.04,25.67
30,59,Freelancer,2024-06,3264.75,Education,45.36,2426.72,838.04,25.67
30,59,Freelancer,2024-06,3264.75,Shopping,195.53,2426.72,838.04,25.67
30,59,Freelancer,2024-07,3286.17,Rent,966.33,2571.7,714.46,21.74
30,59,Freelancer,2024-07,3286.17,Groceries,469.42,2571.7,714.46,21.74
30,59,Freelancer,2024-07,3286.17,Transport,276.73,2571.7,714.46,21.74
30,59,Freelancer,2024-07,3286.17,Entertainment,243.58,2571.7,714.46,21.74
30,59,Freelancer,2024-07,3286.17,Utilities,151.51,2571.7,714.46,21.74
30,59,Freelancer,2024-07,3286.17,Healthcare,180.52,2571.7,714.46,21.74
30,59,Freelancer,2024-07,3286.17,Education,9.82,2571.7,714.46,21.74
30,59,Freelancer,2024-07,3286.17,Shopping,273.79,2571.7,714.46,21.74
30,59,Freelancer,2024-08,3285.97,Rent,924.87,2310.26,975.71,29.69
30,59,Freelancer,2024-08,3285.97,Groceries,412.73,2310.26,975.71,29.69
30,59,Freelancer,2024-08,3285.97,Transport,318.85,2310.26,975.71,29.69
30,59,Freelancer,2024-08,3285.97,Entertainment,106.43,2310.26,975.71,29.69
30,59,Freelancer,2024-08,3285.97,Utilities,166.16,2310.26,975.71,29.69
30,59,Freelancer,2024-08,3285.97,Healthcare,178.31,2310.26,975.71,29.69
30,59,Freelancer,2024-08,3285.97,Education,65.07,2310.26,975.71,29.69
30,59,Freelancer,2024-08,3285.97,Shopping,137.84,2310.26,975.71,29.69
30,59,Freelancer,2024-09,3327.16,Rent,960.07,2444.09,883.06,26.54
30,59,Freelancer,2024-09,3327.16,Groceries,485.0,2444.09,883.06,26.54
30,59,Freelancer,2024-09,3327.16,Transport,293.11,2444.09,883.06,26.54
30,59,Freelancer,2024-09,3327.16,Entertainment,183.84,2444.09,883.06,26.54
30,59,Freelancer,2024-09,3327.16,Utilities,231.74,2444.09,883.06,26.54
30,59,Freelancer,2024-09,3327.16,Healthcare,128.47,2444.09,883.06,26.54
30,59,Freelancer,2024-09,3327.16,Education,9.69,2444.09,883.06,26.54
30,59,Freelancer,2024-09,3327.16,Shopping,152.17,2444.09,883.06,26.54
30,59,Freelancer,2024-10,3332.01,Rent,885.28,2603.53,728.48,21.86
30,59,Freelancer,2024-10,3332.01,Groceries,491.07,2603.53,728.48,21.86
30,59,Freelancer,2024-10,3332.01,Transport,294.36,2603.53,728.48,21.86
30,59,Freelancer,2024-10,3332.01,Entertainment,144.66,2603.53,728.48,21.86
30,59,Freelancer,2024-10,3332.01,Utilities,192.34,2603.53,728.48,21.86
30,59,Freelancer,2024-10,3332.01,Healthcare,162.8,2603.53,728.48,21.86
30,59,Freelancer,2024-10,3332.01,Education,156.82,2603.53,728.48,21.86
30,59,Freelancer,2024-10,3332.01,Shopping,276.22,2603.53,728.48,21.86
30,59,Freelancer,2024-11,3366.05,Rent,1102.27,2351.58,1014.48,30.14
30,59,Freelancer,2024-11,3366.05,Groceries,431.22,2351.58,1014.48,30.14
30,59,Freelancer,2024-11,3366.05,Transport,261.32,2351.58,1014.48,30.14
30,59,Freelancer,2024-11,3366.05,Entertainment,120.29,2351.58,1014.48,30.14
30,59,Freelancer,2024-11,3366.05,Utilities,147.38,2351.58,1014.48,30.14
30,59,Freelancer,2024-11,3366.05,Healthcare,138.62,2351.58,1014.48,30.14
30,59,Freelancer,2024-11,3366.05,Education,45.25,2351.58,1014.48,30.14
30,59,Freelancer,2024-11,3366.05,Shopping,105.23,2351.58,1014.48,30.14
30,59,Freelancer,2024-12,3455.4,Rent,875.08,2500.1,955.3,27.65
30,59,Freelancer,2024-12,3455.4,Groceries,448.39,2500.1,955.3,27.65
30,59,Freelancer,2024-12,3455.4,Transport,265.93,2500.1,955.3,27.65
30,59,Freelancer,2024-12,3455.4,Entertainment,271.04,2500.1,955.3,27.65
30,59,Freelancer,2024-12,3455.4,Utilities,188.41,2500.1,955.3,27.65
30,59,Freelancer,2024-12,3455.4,Healthcare,77.9,2500.1,955.3,27.65
30,59,Freelancer,2024-12,3455.4,Education,95.32,2500.1,955.3,27.65
30,59,Freelancer,2024-12,3455.4,Shopping,278.04,2500.1,955.3,27.65
30,59,Freelancer,2025-01,3573.3,Rent,1047.1,2471.04,1102.27,30.85
30,59,Freelancer,2025-01,3573.3,Groceries,414.56,2471.04,1102.27,30.85
30,59,Freelancer,2025-01,3573.3,Transport,340.65,2471.04,1102.27,30.85
30,59,Freelancer,2025-01,3573.3,Entertainment,141.37,2471.04,1102.27,30.85
30,59,Freelancer,2025-01,3573.3,Utilities,208.91,2471.04,1102.27,30.85
30,59,Freelancer,2025-01,3573.3,Healthcare,129.46,2471.04,1102.27,30.85
30,59,Freelancer,2025-01,3573.3,Education,7.34,2471.04,1102.27,30.85
30,59,Freelancer,2025-01,3573.3,Shopping,181.66,2471.04,1102.27,30.85
30,59,Freelancer,2025-02,3258.5,Rent,1038.19,2518.1,740.4,22.72
30,59,Freelancer,2025-02,3258.5,Groceries,480.43,2518.1,740.4,22.72
30,59,Freelancer,2025-02,3258.5,Transport,206.6,2518.1,740.4,22.72
30,59,Freelancer,2025-02,3258.5,Entertainment,229.96,2518.1,740.4,22.72
30,59,Freelancer,2025-02,3258.5,Utilities,135.75,2518.1,740.4,22.72
30,59,Freelancer,2025-02,3258.5,Healthcare,135.31,2518.1,740.4,22.72
30,59,Freelancer,2025-02,3258.5,Education,11.49,2518.1,740.4,22.72
30,59,Freelancer,2025-02,3258.5,Shopping,280.37,2518.1,740.4,22.72
30,59,Freelancer,2025-03,3474.12,Rent,1097.11,2776.17,697.96,20.09
30,59,Freelancer,2025-03,3474.12,Groceries,490.53,2776.17,697.96,20.09
30,59,Freelancer,2025-03,3474.12,Transport,286.18,2776.17,697.96,20.09
30,59,Freelancer,2025-03,3474.12,Entertainment,272.54,2776.17,697.96,20.09
30,59,Freelancer,2025-03,3474.12,Utilities,213.38,2776.17,697.96,20.09
30,59,Freelancer,2025-03,3474.12,Healthcare,197.98,2776.17,697.96,20.09
30,59,Freelancer,2025-03,3474.12,Education,89.83,2776.17,697.96,20.09
30,59,Freelancer,2025-03,3474.12,Shopping,128.63,2776.17,697.96,20.09
30,59,Freelancer,2025-04,3371.64,Rent,885.69,2384.62,987.02,29.27
30,59,Freelancer,2025-04,3371.64,Groceries,437.05,2384.62,987.02,29.27
30,59,Freelancer,2025-04,3371.64,Transport,249.92,2384.62,987.02,29.27
30,59,Freelancer,2025-04,3371.64,Entertainment,206.1,2384.62,987.02,29.27
30,59,Freelancer,2025-04,3371.64,Utilities,135.88,2384.62,987.02,29.27
30,59,Freelancer,2025-04,3371.64,Healthcare,93.71,2384.62,987.02,29.27
30,59,Freelancer,2025-04,3371.64,Education,82.83,2384.62,987.02,29.27
30,59,Freelancer,2025-04,3371.64,Shopping,293.43,2384.62,987.02,29.27
30,59,Freelancer,2025-05,3309.44,Rent,967.8,2384.38,925.06,27.95
30,59,Freelancer,2025-05,3309.44,Groceries,449.21,2384.38,925.06,27.95
30,59,Freelancer,2025-05,3309.44,Transport,265.38,2384.38,925.06,27.95
30,59,Freelancer,2025-05,3309.44,Entertainment,148.75,2384.38,925.06,27.95
30,59,Freelancer,2025-05,3309.44,Utilities,173.16,2384.38,925.06,27.95
30,59,Freelancer,2025-05,3309.44,Healthcare,95.01,2384.38,925.06,27.95
30,59,Freelancer,2025-05,3309.44,Education,159.85,2384.38,925.06,27.95
30,59,Freelancer,2025-05,3309.44,Shopping,125.22,2384.38,925.06,27.95
30,59,Freelancer,2025-06,3304.37,Rent,834.63,2014.74,1289.63,39.03
30,59,Freelancer,2025-06,3304.37,Groceries,367.08,2014.74,1289.63,39.03
30,59,Freelancer,2025-06,3304.37,Transport,294.17,2014.74,1289.63,39.03
30,59,Freelancer,2025-06,3304.37,Entertainment,132.37,2014.74,1289.63,39.03
30,59,Freelancer,2025-06,3304.37,Utilities,140.11,2014.74,1289.63,39.03
30,59,Freelancer,2025-06,3304.37,Healthcare,128.8,2014.74,1289.63,39.03
30,59,Freelancer,2025-06,3304.37,Education,1.65,2014.74,1289.63,39.03
30,59,Freelancer,2025-06,3304.37,Shopping,115.94,2014.74,1289.63,39.03
30,59,Freelancer,2025-07,3491.88,Rent,1142.36,2943.29,548.6,15.71
30,59,Freelancer,2025-07,3491.88,Groceries,508.97,2943.29,548.6,15.71
30,59,Freelancer,2025-07,3491.88,Transport,323.79,2943.29,548.6,15.71
30,59,Freelancer,2025-07,3491.88,Entertainment,224.03,2943.29,548.6,15.71
30,59,Freelancer,2025-07,3491.88,Utilities,145.16,2943.29,548.6,15.71
30,59,Freelancer,2025-07,3491.88,Healthcare,179.18,2943.29,548.6,15.71
30,59,Freelancer,2025-07,3491.88,Education,147.62,2943.29,548.6,15.71
30,59,Freelancer,2025-07,3491.88,Shopping,272.17,2943.29,548.6,15.71
30,59,Freelancer,2025-08,3363.17,Rent,919.12,2498.13,865.03,25.72
30,59,Freelancer,2025-08,3363.17,Groceries,478.47,2498.13,865.03,25.72
30,59,Freelancer,2025-08,3363.17,Transport,290.44,2498.13,865.03,25.72
30,59,Freelancer,2025-08,3363.17,Entertainment,265.82,2498.13,865.03,25.72
30,59,Freelancer,2025-08,3363.17,Utilities,150.24,2498.13,865.03,25.72
30,59,Freelancer,2025-08,3363.17,Healthcare,97.62,2498.13,865.03,25.72
30,59,Freelancer,2025-08,3363.17,Education,35.62,2498.13,865.03,25.72
30,59,Freelancer,2025-08,3363.17,Shopping,260.82,2498.13,865.03,25.72
30,59,Freelancer,2025-09,3224.8,Rent,827.7,2405.87,818.93,25.39
30,59,Freelancer,2025-09,3224.8,Groceries,483.49,2405.87,818.93,25.39
30,59,Freelancer,2025-09,3224.8,Transport,165.24,2405.87,818.93,25.39
30,59,Freelancer,2025-09,3224.8,Entertainment,231.42,2405.87,818.93,25.39
30,59,Freelancer,2025-09,3224.8,Utilities,164.34,2405.87,818.93,25.39
30,59,Freelancer,2025-09,3224.8,Healthcare,173.06,2405.87,818.93,25.39
30,59,Freelancer,2025-09,3224.8,Education,89.43,2405.87,818.93,25.39
30,59,Freelancer,2025-09,3224.8,Shopping,271.2,2405.87,818.93,25.39
30,59,Freelancer,2025-10,3542.9,Rent,888.95,2328.99,1213.91,34.26
30,59,Freelancer,2025-10,3542.9,Groceries,367.65,2328.99,1213.91,34.26
30,59,Freelancer,2025-10,3542.9,Transport,221.49,2328.99,1213.91,34.26
30,59,Freelancer,2025-10,3542.9,Entertainment,224.85,2328.99,1213.91,34.26
30,59,Freelancer,2025-10,3542.9,Utilities,236.13,2328.99,1213.91,34.26
30,59,Freelancer,2025-10,3542.9,Healthcare,136.04,2328.99,1213.91,34.26
30,59,Freelancer,2025-10,3542.9,Education,107.52,2328.99,1213.91,34.26
30,59,Freelancer,2025-10,3542.9,Shopping,146.36,2328.99,1213.91,34.26
30,59,Freelancer,2025-11,3490.74,Rent,1210.35,2547.69,943.05,27.02
30,59,Freelancer,2025-11,3490.74,Groceries,395.95,2547.69,943.05,27.02
30,59,Freelancer,2025-11,3490.74,Transport,260.9,2547.69,943.05,27.02
30,59,Freelancer,2025-11,3490.74,Entertainment,119.75,2547.69,943.05,27.02
30,59,Freelancer,2025-11,3490.74,Utilities,198.18,2547.69,943.05,27.02
30,59,Freelancer,2025-11,3490.74,Healthcare,140.02,2547.69,943.05,27.02
30,59,Freelancer,2025-11,3490.74,Education,25.21,2547.69,943.05,27.02
30,59,Freelancer,2025-11,3490.74,Shopping,197.31,2547.69,943.05,27.02
30,59,Freelancer,2025-12,3288.14,Rent,993.62,2380.37,907.77,27.61
30,59,Freelancer,2025-12,3288.14,Groceries,425.1,2380.37,907.77,27.61
30,59,Freelancer,2025-12,3288.14,Transport,165.8,2380.37,907.77,27.61
30,59,Freelancer,2025-12,3288.14,Entertainment,223.76,2380.37,907.77,27.61
30,59,Freelancer,2025-12,3288.14,Utilities,201.86,2380.37,907.77,27.61
30,59,Freelancer,2025-12,3288.14,Healthcare,113.94,2380.37,907.77,27.61
30,59,Freelancer,2025-12,3288.14,Education,8.7,2380.37,907.77,27.61
30,59,Freelancer,2025-12,3288.14,Shopping,247.58,2380.37,907.77,27.61
31,47,Manager,2024-01,4496.42,Rent,1383.52,3260.34,1236.08,27.49
31,47,Manager,2024-01,4496.42,Groceries,484.45,3260.34,1236.08,27.49
31,47,Manager,2024-01,4496.42,Transport,304.9,3260.34,1236.08,27.49
31,47,Manager,2024-01,4496.42,Entertainment,291.6,3260.34,1236.08,27.49
31,47,Manager,2024-01,4496.42,Utilities,255.41,3260.34,1236.08,27.49
31,47,Manager,2024-01,4496.42,Healthcare,159.44,3260.34,1236.08,27.49
31,47,Manager,2024-01,4496.42,Education,94.48,3260.34,1236.08,27.49
31,47,Manager,2024-01,4496.42,Shopping,286.54,3260.34,1236.08,27.49
31,47,Manager,2024-02,4389.61,Rent,1131.87,3082.55,1307.07,29.78
31,47,Manager,2024-02,4389.61,Groceries,632.38,3082.55,1307.07,29.78
31,47,Manager,2024-02,4389.61,Transport,236.57,3082.55,1307.07,29.78
31,47,Manager,2024-02,4389.61,Entertainment,286.82,3082.55,1307.07,29.78
31,47,Manager,2024-02,4389.61,Utilities,296.74,3082.55,1307.07,29.78
31,47,Manager,2024-02,4389.61,Healthcare,135.32,3082.55,1307.07,29.78
31,47,Manager,2024-02,4389.61,Education,81.32,3082.55,1307.07,29.78
31,47,Manager,2024-02,4389.61,Shopping,281.53,3082.55,1307.07,29.78
31,47,Manager,2024-03,4915.3,Rent,1691.8,3607.9,1307.39,26.6
31,47,Manager,2024-03,4915.3,Groceries,673.29,3607.9,1307.39,26.6
31,47,Manager,2024-03,4915.3,Transport,267.05,3607.9,1307.39,26.6
31,47,Manager,2024-03,4915.3,Entertainment,311.91,3607.9,1307.39,26.6
31,47,Manager,2024-03,4915.3,Utilities,257.11,3607.9,1307.39,26.6
31,47,Manager,2024-03,4915.3,Healthcare,190.85,3607.9,1307.39,26.6
31,47,Manager,2024-03,4915.3,Education,12.08,3607.9,1307.39,26.6
31,47,Manager,2024-03,4915.3,Shopping,203.81,3607.9,1307.39,26.6
31,47,Manager,2024-04,4860.56,Rent,1435.79,3386.63,1473.93,30.32
31,47,Manager,2024-04,4860.56,Groceries,559.37,3386.63,1473.93,30.32
31,47,Manager,2024-04,4860.56,Transport,336.36,3386.63,1473.93,30.32
31,47,Manager,2024-04,4860.56,Entertainment,353.46,3386.63,1473.93,30.32
31,47,Manager,2024-04,4860.56,Utilities,303.64,3386.63,1473.93,30.32
31,47,Manager,2024-04,4860.56,Healthcare,150.16,3386.63,1473.93,30.32
31,47,Manager,2024-04,4860.56,Education,28.56,3386.63,1473.93,30.32
31,47,Manager,2024-04,4860.56,Shopping,219.31,3386.63,1473.93,30.32
31,47,Manager,2024-05,4938.73,Rent,1521.91,3514.8,1423.94,28.83
31,47,Manager,2024-05,4938.73,Groceries,625.61,3514.8,1423.94,28.83
31,47,Manager,2024-05,4938.73,Transport,394.21,3514.8,1423.94,28.83
31,47,Manager,2024-05,4938.73,Entertainment,238.55,3514.8,1423.94,28.83
31,47,Manager,2024-05,4938.73,Utilities,317.13,3514.8,1423.94,28.83
31,47,Manager,2024-05,4938.73,Healthcare,202.15,3514.8,1423.94,28.83
31,47,Manager,2024-05,4938.73,Education,28.83,3514.8,1423.94,28.83
31,47,Manager,2024-05,4938.73,Shopping,186.41,3514.8,1423.94,28.83
31,47,Manager,2024-06,4708.32,Rent,1618.05,3618.09,1090.23,23.16
31,47,Manager,2024-06,4708.32,Groceries,543.42,3618.09,1090.23,23.16
31,47,Manager,2024-06,4708.32,Transport,440.12,3618.09,1090.23,23.16
31,47,Manager,2024-06,4708.32,Entertainment,321.13,3618.09,1090.23,23.16
31,47,Manager,2024-06,4708.32,Utilities,223.34,3618.09,1090.23,23.16
31,47,Manager,2024-06,4708.32,Healthcare,101.01,3618.09,1090.23,23.16
31,47,Manager,2024-06,4708.32,Education,23.98,3618.09,1090.23,23.16
31,47,Manager,2024-06,4708.32,Shopping,347.05,3618.09,1090.23,23.16
31,47,Manager,2024-07,4505.93,Rent,1293.78,3297.82,1208.11,26.81
31,47,Manager,2024-07,4505.93,Groceries,563.62,3297.82,1208.11,26.81
31,47,Manager,2024-07,4505.93,Transport,388.74,3297.82,1208.11,26.81
31,47,Manager,2024-07,4505.93,Entertainment,160.69,3297.82,1208.11,26.81
31,47,Manager,2024-07,4505.93,Utilities,235.17,3297.82,1208.11,26.81
31,47,Manager,2024-07,4505.93,Healthcare,177.55,3297.82,1208.11,26.81
31,47,Manager,2024-07,4505.93,Education,121.85,3297.82,1208.11,26.81
31,47,Manager,2024-07,4505.93,Shopping,356.43,3297.82,1208.11,26.81
31,47,Manager,2024-08,4489.13,Rent,1484.93,3505.39,983.74,21.91
31,47,Manager,2024-08,4489.13,Groceries,604.43,3505.39,983.74,21.91
31,47,Manager,2024-08,4489.13,Transport,349.23,3505.39,983.74,21.91
31,47,Manager,2024-08,4489.13,Entertainment,291.69,3505.39,983.74,21.91
31,47,Manager,2024-08,4489.13,Utilities,235.05,3505.39,983.74,21.91
31,47,Manager,2024-08,4489.13,Healthcare,114.63,3505.39,983.74,21.91
31,47,Manager,2024-08,4489.13,Education,149.44,3505.39,983.74,21.91
31,47,Manager,2024-08,4489.13,Shopping,275.99,3505.39,983.74,21.91
31,47,Manager,2024-09,4769.85,Rent,1353.68,3557.89,1211.96,25.41
31,47,Manager,2024-09,4769.85,Groceries,693.27,3557.89,1211.96,25.41
31,47,Manager,2024-09,4769.85,Transport,378.58,3557.89,1211.96,25.41
31,47,Manager,2024-09,4769.85,Entertainment,163.46,3557.89,1211.96,25.41
31,47,Manager,2024-09,4769.85,Utilities,255.16,3557.89,1211.96,25.41
31,47,Manager,2024-09,4769.85,Healthcare,239.71,3557.89,1211.96,25.41
31,47,Manager,2024-09,4769.85,Education,189.4,3557.89,1211.96,25.41
31,47,Manager,2024-09,4769.85,Shopping,284.64,3557.89,1211.96,25.41
31,47,Manager,2024-10,4923.12,Rent,1362.56,3782.48,1140.65,23.17
31,47,Manager,2024-10,4923.12,Groceries,593.38,3782.48,1140.65,23.17
31,47,Manager,2024-10,4923.12,Transport,467.35,3782.48,1140.65,23.17
31,47,Manager,2024-10,4923.12,Entertainment,368.31,3782.48,1140.65,23.17
31,47,Manager,2024-10,4923.12,Utilities,298.2,3782.48,1140.65,23.17
31,47,Manager,2024-10,4923.12,Healthcare,267.62,3782.48,1140.65,23.17
31,47,Manager,2024-10,4923.12,Education,21.85,3782.48,1140.65,23.17
31,47,Manager,2024-10,4923.12,Shopping,403.2,3782.48,1140.65,23.17
31,47,Manager,2024-11,4578.53,Rent,1226.28,2964.24,1614.29,35.26
31,47,Manager,2024-11,4578.53,Groceries,512.65,2964.24,1614.29,35.26
31,47,Manager,2024-11,4578.53,Transport,324.61,2964.24,1614.29,35.26
31,47,Manager,2024-11,4578.53,Entertainment,194.86,2964.24,1614.29,35.26
31,47,Manager,2024-11,4578.53,Utilities,227.17,2964.24,1614.29,35.26
31,47,Manager,2024-11,4578.53,Healthcare,116.29,2964.24,1614.29,35.26
31,47,Manager,2024-11,4578.53,Education,67.8,2964.24,1614.29,35.26
31,47,Manager,2024-11,4578.53,Shopping,294.57,2964.24,1614.29,35.26
31,47,Manager,2024-12,4651.29,Rent,1324.09,3393.89,1257.41,27.03
31,47,Manager,2024-12,4651.29,Groceries,638.73,3393.89,1257.41,27.03
31,47,Manager,2024-12,4651.29,Transport,440.36,3393.89,1257.41,27.03
31,47,Manager,2024-12,4651.29,Entertainment,315.54,3393.89,1257.41,27.03
31,47,Manager,2024-12,4651.29,Utilities,232.38,3393.89,1257.41,27.03
31,47,Manager,2024-12,4651.29,Healthcare,231.53,3393.89,1257.41,27.03
31,47,Manager,2024-12,4651.29,Education,35.35,3393.89,1257.41,27.03
31,47,Manager,2024-12,4651.29,Shopping,175.91,3393.89,1257.41,27.03
31,47,Manager,2025-01,4593.54,Rent,1519.41,3307.01,1286.52,28.01
31,47,Manager,2025-01,4593.54,Groceries,515.93,3307.01,1286.52,28.01
31,47,Manager,2025-01,4593.54,Transport,244.2,3307.01,1286.52,28.01
31,47,Manager,2025-01,4593.54,Entertainment,168.06,3307.01,1286.52,28.01
31,47,Manager,2025-01,4593.54,Utilities,302.08,3307.01,1286.52,28.01
31,47,Manager,2025-01,4593.54,Healthcare,208.32,3307.01,1286.52,28.01
31,47,Manager,2025-01,4593.54,Education,58.15,3307.01,1286.52,28.01
31,47,Manager,2025-01,4593.54,Shopping,290.85,3307.01,1286.52,28.01
31,47,Manager,2025-02,4702.75,Rent,1483.92,3372.32,1330.43,28.29
31,47,Manager,2025-02,4702.75,Groceries,525.11,3372.32,1330.43,28.29
31,47,Manager,2025-02,4702.75,Transport,438.39,3372.32,1330.43,28.29
31,47,Manager,2025-02,4702.75,Entertainment,213.83,3372.32,1330.43,28.29
31,47,Manager,2025-02,4702.75,Utilities,286.04,3372.32,1330.43,28.29
31,47,Manager,2025-02,4702.75,Healthcare,97.09,3372.32,1330.43,28.29
31,47,Manager,2025-02,4702.75,Education,87.63,3372.32,1330.43,28.29
31,47,Manager,2025-02,4702.75,Shopping,240.32,3372.32,1330.43,28.29
31,47,Manager,2025-03,4712.29,Rent,1212.35,3462.82,1249.47,26.52
31,47,Manager,2025-03,4712.29,Groceries,657.4,3462.82,1249.47,26.52
31,47,Manager,2025-03,4712.29,Transport,286.93,3462.82,1249.47,26.52
31,47,Manager,2025-03,4712.29,Entertainment,300.89,3462.82,1249.47,26.52
31,47,Manager,2025-03,4712.29,Utilities,302.04,3462.82,1249.47,26.52
31,47,Manager,2025-03,4712.29,Healthcare,200.16,3462.82,1249.47,26.52
31,47,Manager,2025-03,4712.29,Education,174.56,3462.82,1249.47,26.52
31,47,Manager,2025-03,4712.29,Shopping,328.5,3462.82,1249.47,26.52
31,47,Manager,2025-04,4599.48,Rent,1521.9,3573.69,1025.8,22.3
31,47,Manager,2025-04,4599.48,Groceries,527.72,3573.69,1025.8,22.3
31,47,Manager,2025-04,4599.48,Transport,361.34,3573.69,1025.8,22.3
31,47,Manager,2025-04,4599.48,Entertainment,309.41,3573.69,1025.8,22.3
31,47,Manager,2025-04,4599.48,Utilities,236.27,3573.69,1025.8,22.3
31,47,Manager,2025-04,4599.48,Healthcare,147.69,3573.69,1025.8,22.3
31,47,Manager,2025-04,4599.48,Education,105.64,3573.69,1025.8,22.3
31,47,Manager,2025-04,4599.48,Shopping,363.72,3573.69,1025.8,22.3
31,47,Manager,2025-05,4944.23,Rent,1505.56,3884.19,1060.04,21.44
31,47,Manager,2025-05,4944.23,Groceries,657.95,3884.19,1060.04,21.44
31,47,Manager,2025-05,4944.23,Transport,470.51,3884.19,1060.04,21.44
31,47,Manager,2025-05,4944.23,Entertainment,172.69,3884.19,1060.04,21.44
31,47,Manager,2025-05,4944.23,Utilities,232.19,3884.19,1060.04,21.44
31,47,Manager,2025-05,4944.23,Healthcare,239.08,3884.19,1060.04,21.44
31,47,Manager,2025-05,4944.23,Education,203.64,3884.19,1060.04,21.44
31,47,Manager,2025-05,4944.23,Shopping,402.57,3884.19,1060.04,21.44
31,47,Manager,2025-06,4635.24,Rent,1200.22,3106.3,1528.94,32.99
31,47,Manager,2025-06,4635.24,Groceries,564.99,3106.3,1528.94,32.99
31,47,Manager,2025-06,4635.24,Transport,285.24,3106.3,1528.94,32.99
31,47,Manager,2025-06,4635.24,Entertainment,206.55,3106.3,1528.94,32.99
31,47,Manager,2025-06,4635.24,Utilities,292.8,3106.3,1528.94,32.99
31,47,Manager,2025-06,4635.24,Healthcare,106.71,3106.3,1528.94,32.99
31,47,Manager,2025-06,4635.24,Education,191.8,3106.3,1528.94,32.99
31,47,Manager,2025-06,4635.24,Shopping,258.0,3106.3,1528.94,32.99
31,47,Manager,2025-07,4743.85,Rent,1228.49,3359.53,1384.32,29.18
31,47,Manager,2025-07,4743.85,Groceries,554.4,3359.53,1384.32,29.18
31,47,Manager,2025-07,4743.85,Transport,258.47,3359.53,1384.32,29.18
31,47,Manager,2025-07,4743.85,Entertainment,370.39,3359.53,1384.32,29.18
31,47,Manager,2025-07,4743.85,Utilities,304.64,3359.53,1384.32,29.18
31,47,Manager,2025-07,4743.85,Healthcare,182.09,3359.53,1384.32,29.18
31,47,Manager,2025-07,4743.85,Education,53.04,3359.53,1384.32,29.18
31,47,Manager,2025-07,4743.85,Shopping,408.01,3359.53,1384.32,29.18
31,47,Manager,2025-08,4592.92,Rent,1222.17,3084.91,1508.01,32.83
31,47,Manager,2025-08,4592.92,Groceries,588.62,3084.91,1508.01,32.83
31,47,Manager,2025-08,4592.92,Transport,446.38,3084.91,1508.01,32.83
31,47,Manager,2025-08,4592.92,Entertainment,138.67,3084.91,1508.01,32.83
31,47,Manager,2025-08,4592.92,Utilities,216.53,3084.91,1508.01,32.83
31,47,Manager,2025-08,4592.92,Healthcare,264.27,3084.91,1508.01,32.83
31,47,Manager,2025-08,4592.92,Education,39.29,3084.91,1508.01,32.83
31,47,Manager,2025-08,4592.92,Shopping,168.99,3084.91,1508.01,32.83
31,47,Manager,2025-09,4728.32,Rent,1589.59,3750.98,977.34,20.67
31,47,Manager,2025-09,4728.32,Groceries,585.63,3750.98,977.34,20.67
31,47,Manager,2025-09,4728.32,Transport,471.55,3750.98,977.34,20.67
31,47,Manager,2025-09,4728.32,Entertainment,302.42,3750.98,977.34,20.67
31,47,Manager,2025-09,4728.32,Utilities,199.64,3750.98,977.34,20.67
31,47,Manager,2025-09,4728.32,Healthcare,282.34,3750.98,977.34,20.67
31,47,Manager,2025-09,4728.32,Education,96.43,3750.98,977.34,20.67
31,47,Manager,2025-09,4728.32,Shopping,223.39,3750.98,977.34,20.67
31,47,Manager,2025-10,4720.93,Rent,1323.89,3269.12,1451.81,30.75
31,47,Manager,2025-10,4720.93,Groceries,492.5,3269.12,1451.81,30.75
31,47,Manager,2025-10,4720.93,Transport,236.38,3269.12,1451.81,30.75
31,47,Manager,2025-10,4720.93,Entertainment,247.75,3269.12,1451.81,30.75
31,47,Manager,2025-10,4720.93,Utilities,307.36,3269.12,1451.81,30.75
31,47,Manager,2025-10,4720.93,Healthcare,202.49,3269.12,1451.81,30.75
31,47,Manager,2025-10,4720.93,Education,235.86,3269.12,1451.81,30.75
31,47,Manager,2025-10,4720.93,Shopping,222.88,3269.12,1451.81,30.75
31,47,Manager,2025-11,4554.42,Rent,1211.36,3319.03,1235.4,27.13
31,47,Manager,2025-11,4554.42,Groceries,492.8,3319.03,1235.4,27.13
31,47,Manager,2025-11,4554.42,Transport,292.66,3319.03,1235.4,27.13
31,47,Manager,2025-11,4554.42,Entertainment,317.18,3319.03,1235.4,27.13
31,47,Manager,2025-11,4554.42,Utilities,305.93,3319.03,1235.4,27.13
31,47,Manager,2025-11,4554.42,Healthcare,268.73,3319.03,1235.4,27.13
31,47,Manager,2025-11,4554.42,Education,52.9,3319.03,1235.4,27.13
31,47,Manager,2025-11,4554.42,Shopping,377.46,3319.03,1235.4,27.13
31,47,Manager,2025-12,4583.11,Rent,1197.49,3223.11,1360.01,29.67
31,47,Manager,2025-12,4583.11,Groceries,657.68,3223.11,1360.01,29.67
31,47,Manager,2025-12,4583.11,Transport,374.92,3223.11,1360.01,29.67
31,47,Manager,2025-12,4583.11,Entertainment,175.24,3223.11,1360.01,29.67
31,47,Manager,2025-12,4583.11,Utilities,242.42,3223.11,1360.01,29.67
31,47,Manager,2025-12,4583.11,Healthcare,144.32,3223.11,1360.01,29.67
31,47,Manager,2025-12,4583.11,Education,168.84,3223.11,1360.01,29.67
31,47,Manager,2025-12,4583.11,Shopping,262.18,3223.11,1360.01,29.67
32,31,Teacher,2024-01,2140.08,Rent,611.0,1653.55,486.53,22.73
32,31,Teacher,2024-01,2140.08,Groceries,265.57,1653.55,486.53,22.73
32,31,Teacher,2024-01,2140.08,Transport,160.84,1653.55,486.53,22.73
32,31,Teacher,2024-01,2140.08,Entertainment,98.01,1653.55,486.53,22.73
32,31,Teacher,2024-01,2140.08,Utilities,132.42,1653.55,486.53,22.73
32,31,Teacher,2024-01,2140.08,Healthcare,117.68,1653.55,486.53,22.73
32,31,Teacher,2024-01,2140.08,Education,100.45,1653.55,486.53,22.73
32,31,Teacher,2024-01,2140.08,Shopping,167.58,1653.55,486.53,22.73
32,31,Teacher,2024-02,2371.41,Rent,723.41,1782.42,589.0,24.84
32,31,Teacher,2024-02,2371.41,Groceries,335.07,1782.42,589.0,24.84
32,31,Teacher,2024-02,2371.41,Transport,154.56,1782.42,589.0,24.84
32,31,Teacher,2024-02,2371.41,Entertainment,118.39,1782.42,589.0,24.84
32,31,Teacher,2024-02,2371.41,Utilities,117.4,1782.42,589.0,24.84
32,31,Teacher,2024-02,2371.41,Healthcare,91.76,1782.42,589.0,24.84
32,31,Teacher,2024-02,2371.41,Education,33.86,1782.42,589.0,24.84
32,31,Teacher,2024-02,2371.41,Shopping,207.97,1782.42,589.0,24.84
32,31,Teacher,2024-03,2215.11,Rent,575.49,1460.48,754.63,34.07
32,31,Teacher,2024-03,2215.11,Groceries,279.86,1460.48,754.63,34.07
32,31,Teacher,2024-03,2215.11,Transport,117.08,1460.48,754.63,34.07
32,31,Teacher,2024-03,2215.11,Entertainment,78.7,1460.48,754.63,34.07
32,31,Teacher,2024-03,2215.11,Utilities,103.18,1460.48,754.63,34.07
32,31,Teacher,2024-03,2215.11,Healthcare,85.45,1460.48,754.63,34.07
32,31,Teacher,2024-03,2215.11,Education,47.98,1460.48,754.63,34.07
32,31,Teacher,2024-03,2215.11,Shopping,172.74,1460.48,754.63,34.07
32,31,Teacher,2024-04,2339.12,Rent,684.5,1647.49,691.63,29.57
32,31,Teacher,2024-04,2339.12,Groceries,272.94,1647.49,691.63,29.57
32,31,Teacher,2024-04,2339.12,Transport,153.97,1647.49,691.63,29.57
32,31,Teacher,2024-04,2339.12,Entertainment,160.7,1647.49,691.63,29.57
32,31,Teacher,2024-04,2339.12,Utilities,97.22,1647.49,691.63,29.57
32,31,Teacher,2024-04,2339.12,Healthcare,47.98,1647.49,691.63,29.57
32,31,Teacher,2024-04,2339.12,Education,93.04,1647.49,691.63,29.57
32,31,Teacher,2024-04,2339.12,Shopping,137.14,1647.49,691.63,29.57
32,31,Teacher,2024-05,2162.21,Rent,591.49,1752.77,409.45,18.94
32,31,Teacher,2024-05,2162.21,Groceries,317.04,1752.77,409.45,18.94
32,31,Teacher,2024-05,2162.21,Transport,201.03,1752.77,409.45,18.94
32,31,Teacher,2024-05,2162.21,Entertainment,141.6,1752.77,409.45,18.94
32,31,Teacher,2024-05,2162.21,Utilities,117.77,1752.77,409.45,18.94
32,31,Teacher,2024-05,2162.21,Healthcare,88.25,1752.77,409.45,18.94
32,31,Teacher,2024-05,2162.21,Education,105.43,1752.77,409.45,18.94
32,31,Teacher,2024-05,2162.21,Shopping,190.16,1752.77,409.45,18.94
32,31,Teacher,2024-06,2186.74,Rent,724.05,1618.21,568.54,26.0
32,31,Teacher,2024-06,2186.74,Groceries,240.24,1618.21,568.54,26.0
32,31,Teacher,2024-06,2186.74,Transport,132.68,1618.21,568.54,26.0
32,31,Teacher,2024-06,2186.74,Entertainment,139.52,1618.21,568.54,26.0
32,31,Teacher,2024-06,2186.74,Utilities,114.04,1618.21,568.54,26.0
32,31,Teacher,2024-06,2186.74,Healthcare,125.22,1618.21,568.54,26.0
32,31,Teacher,2024-06,2186.74,Education,9.73,1618.21,568.54,26.0
32,31,Teacher,2024-06,2186.74,Shopping,132.72,1618.21,568.54,26.0
32,31,Teacher,2024-07,2391.16,Rent,813.98,1833.5,557.66,23.32
32,31,Teacher,2024-07,2391.16,Groceries,257.83,1833.5,557.66,23.32
32,31,Teacher,2024-07,2391.16,Transport,163.39,1833.5,557.66,23.32
32,31,Teacher,2024-07,2391.16,Entertainment,145.76,1833.5,557.66,23.32
32,31,Teacher,2024-07,2391.16,Utilities,107.08,1833.5,557.66,23.32
32,31,Teacher,2024-07,2391.16,Healthcare,140.41,1833.5,557.66,23.32
32,31,Teacher,2024-07,2391.16,Education,109.37,1833.5,557.66,23.32
32,31,Teacher,2024-07,2391.16,Shopping,95.69,1833.5,557.66,23.32
32,31,Teacher,2024-08,2159.39,Rent,558.29,1423.31,736.08,34.09
32,31,Teacher,2024-08,2159.39,Groceries,314.13,1423.31,736.08,34.09
32,31,Teacher,2024-08,2159.39,Transport,128.87,1423.31,736.08,34.09
32,31,Teacher,2024-08,2159.39,Entertainment,109.73,1423.31,736.08,34.09
32,31,Teacher,2024-08,2159.39,Utilities,115.45,1423.31,736.08,34.09
32,31,Teacher,2024-08,2159.39,Healthcare,94.93,1423.31,736.08,34.09
32,31,Teacher,2024-08,2159.39,Education,7.75,1423.31,736.08,34.09
32,31,Teacher,2024-08,2159.39,Shopping,94.16,1423.31,736.08,34.09
32,31,Teacher,2024-09,2394.93,Rent,816.29,1869.45,525.48,21.94
32,31,Teacher,2024-09,2394.93,Groceries,333.05,1869.45,525.48,21.94
32,31,Teacher,2024-09,2394.93,Transport,122.07,1869.45,525.48,21.94
32,31,Teacher,2024-09,2394.93,Entertainment,111.01,1869.45,525.48,21.94
32,31,Teacher,2024-09,2394.93,Utilities,140.91,1869.45,525.48,21.94
32,31,Teacher,2024-09,2394.93,Healthcare,74.26,1869.45,525.48,21.94
32,31,Teacher,2024-09,2394.93,Education,108.92,1869.45,525.48,21.94
32,31,Teacher,2024-09,2394.93,Shopping,162.94,1869.45,525.48,21.94
32,31,Teacher,2024-10,2145.07,Rent,731.26,1625.48,519.59,24.22
32,31,Teacher,2024-10,2145.07,Groceries,317.23,1625.48,519.59,24.22
32,31,Teacher,2024-10,2145.07,Transport,115.59,1625.48,519.59,24.22
32,31,Teacher,2024-10,2145.07,Entertainment,121.45,1625.48,519.59,24.22
32,31,Teacher,2024-10,2145.07,Utilities,105.33,1625.48,519.59,24.22
32,31,Teacher,2024-10,2145.07,Healthcare,76.61,1625.48,519.59,24.22
32,31,Teacher,2024-10,2145.07,Education,19.27,1625.48,519.59,24.22
32,31,Teacher,2024-10,2145.07,Shopping,138.75,1625.48,519.59,24.22
32,31,Teacher,2024-11,2402.63,Rent,721.53,1649.74,752.89,31.34
32,31,Teacher,2024-11,2402.63,Groceries,250.22,1649.74,752.89,31.34
32,31,Teacher,2024-11,2402.63,Transport,194.61,1649.74,752.89,31.34
32,31,Teacher,2024-11,2402.63,Entertainment,112.95,1649.74,752.89,31.34
32,31,Teacher,2024-11,2402.63,Utilities,157.8,1649.74,752.89,31.34
32,31,Teacher,2024-11,2402.63,Healthcare,89.83,1649.74,752.89,31.34
32,31,Teacher,2024-11,2402.63,Education,23.17,1649.74,752.89,31.34
32,31,Teacher,2024-11,2402.63,Shopping,99.63,1649.74,752.89,31.34
32,31,Teacher,2024-12,2347.63,Rent,649.26,1694.97,652.66,27.8
32,31,Teacher,2024-12,2347.63,Groceries,324.82,1694.97,652.66,27.8
32,31,Teacher,2024-12,2347.63,Transport,141.55,1694.97,652.66,27.8
32,31,Teacher,2024-12,2347.63,Entertainment,108.19,1694.97,652.66,27.8
32,31,Teacher,2024-12,2347.63,Utilities,126.69,1694.97,652.66,27.8
32,31,Teacher,2024-12,2347.63,Healthcare,135.52,1694.97,652.66,27.8
32,31,Teacher,2024-12,2347.63,Education,109.37,1694.97,652.66,27.8
32,31,Teacher,2024-12,2347.63,Shopping,99.57,1694.97,652.66,27.8
32,31,Teacher,2025-01,2228.3,Rent,590.36,1671.47,556.83,24.99
32,31,Teacher,2025-01,2228.3,Groceries,279.65,1671.47,556.83,24.99
32,31,Teacher,2025-01,2228.3,Transport,162.73,1671.47,556.83,24.99
32,31,Teacher,2025-01,2228.3,Entertainment,167.21,1671.47,556.83,24.99
32,31,Teacher,2025-01,2228.3,Utilities,151.3,1671.47,556.83,24.99
32,31,Teacher,2025-01,2228.3,Healthcare,78.75,1671.47,556.83,24.99
32,31,Teacher,2025-01,2228.3,Education,54.79,1671.47,556.83,24.99
32,31,Teacher,2025-01,2228.3,Shopping,186.67,1671.47,556.83,24.99
32,31,Teacher,2025-02,2358.66,Rent,590.53,1472.66,886.01,37.56
32,31,Teacher,2025-02,2358.66,Groceries,273.61,1472.66,886.01,37.56
32,31,Teacher,2025-02,2358.66,Transport,167.67,1472.66,886.01,37.56
32,31,Teacher,2025-02,2358.66,Entertainment,97.85,1472.66,886.01,37.56
32,31,Teacher,2025-02,2358.66,Utilities,108.47,1472.66,886.01,37.56
32,31,Teacher,2025-02,2358.66,Healthcare,50.74,1472.66,886.01,37.56
32,31,Teacher,2025-02,2358.66,Education,75.87,1472.66,886.01,37.56
32,31,Teacher,2025-02,2358.66,Shopping,107.91,1472.66,886.01,37.56
32,31,Teacher,2025-03,2139.39,Rent,584.26,1549.92,589.47,27.55
32,31,Teacher,2025-03,2139.39,Groceries,299.72,1549.92,589.47,27.55
32,31,Teacher,2025-03,2139.39,Transport,198.05,1549.92,589.47,27.55
32,31,Teacher,2025-03,2139.39,Entertainment,115.85,1549.92,589.47,27.55
32,31,Teacher,2025-03,2139.39,Utilities,112.28,1549.92,589.47,27.55
32,31,Teacher,2025-03,2139.39,Healthcare,126.47,1549.92,589.47,27.55
32,31,Teacher,2025-03,2139.39,Education,21.45,1549.92,589.47,27.55
32,31,Teacher,2025-03,2139.39,Shopping,91.83,1549.92,589.47,27.55
32,31,Teacher,2025-04,2209.01,Rent,590.41,1540.4,668.61,30.27
32,31,Teacher,2025-04,2209.01,Groceries,262.8,1540.4,668.61,30.27
32,31,Teacher,2025-04,2209.01,Transport,211.05,1540.4,668.61,30.27
32,31,Teacher,2025-04,2209.01,Entertainment,134.24,1540.4,668.61,30.27
32,31,Teacher,2025-04,2209.01,Utilities,115.66,1540.4,668.61,30.27
32,31,Teacher,2025-04,2209.01,Healthcare,126.75,1540.4,668.61,30.27
32,31,Teacher,2025-04,2209.01,Education,5.35,1540.4,668.61,30.27
32,31,Teacher,2025-04,2209.01,Shopping,94.14,1540.4,668.61,30.27
32,31,Teacher,2025-05,2288.66,Rent,713.04,1611.79,676.87,29.58
32,31,Teacher,2025-05,2288.66,Groceries,233.39,1611.79,676.87,29.58
32,31,Teacher,2025-05,2288.66,Transport,160.55,1611.79,676.87,29.58
32,31,Teacher,2025-05,2288.66,Entertainment,142.94,1611.79,676.87,29.58
32,31,Teacher,2025-05,2288.66,Utilities,139.48,1611.79,676.87,29.58
32,31,Teacher,2025-05,2288.66,Healthcare,104.19,1611.79,676.87,29.58
32,31,Teacher,2025-05,2288.66,Education,36.68,1611.79,676.87,29.58
32,31,Teacher,2025-05,2288.66,Shopping,81.5,1611.79,676.87,29.58
32,31,Teacher,2025-06,2248.32,Rent,591.03,1634.54,613.78,27.3
32,31,Teacher,2025-06,2248.32,Groceries,331.36,1634.54,613.78,27.3
32,31,Teacher,2025-06,2248.32,Transport,165.83,1634.54,613.78,27.3
32,31,Teacher,2025-06,2248.32,Entertainment,103.11,1634.54,613.78,27.3
32,31,Teacher,2025-06,2248.32,Utilities,141.62,1634.54,613.78,27.3
32,31,Teacher,2025-06,2248.32,Healthcare,89.75,1634.54,613.78,27.3
32,31,Teacher,2025-06,2248.32,Education,34.85,1634.54,613.78,27.3
32,31,Teacher,2025-06,2248.32,Shopping,176.98,1634.54,613.78,27.3
32,31,Teacher,2025-07,2376.23,Rent,753.98,1698.3,677.93,28.53
32,31,Teacher,2025-07,2376.23,Groceries,243.2,1698.3,677.93,28.53
32,31,Teacher,2025-07,2376.23,Transport,186.1,1698.3,677.93,28.53
32,31,Teacher,2025-07,2376.23,Entertainment,161.98,1698.3,677.93,28.53
32,31,Teacher,2025-07,2376.23,Utilities,104.78,1698.3,677.93,28.53
32,31,Teacher,2025-07,2376.23,Healthcare,69.26,1698.3,677.93,28.53
32,31,Teacher,2025-07,2376.23,Education,104.85,1698.3,677.93,28.53
32,31,Teacher,2025-07,2376.23,Shopping,74.16,1698.3,677.93,28.53
32,31,Teacher,2025-08,2342.97,Rent,696.75,1732.6,610.37,26.05
32,31,Teacher,2025-08,2342.97,Groceries,286.64,1732.6,610.37,26.05
32,31,Teacher,2025-08,2342.97,Transport,117.98,1732.6,610.37,26.05
32,31,Teacher,2025-08,2342.97,Entertainment,166.28,1732.6,610.37,26.05
32,31,Teacher,2025-08,2342.97,Utilities,119.01,1732.6,610.37,26.05
32,31,Teacher,2025-08,2342.97,Healthcare,97.54,1732.6,610.37,26.05
32,31,Teacher,2025-08,2342.97,Education,79.34,1732.6,610.37,26.05
32,31,Teacher,2025-08,2342.97,Shopping,169.06,1732.6,610.37,26.05
32,31,Teacher,2025-09,2402.05,Rent,728.14,1803.39,598.66,24.92
32,31,Teacher,2025-09,2402.05,Groceries,288.21,1803.39,598.66,24.92
32,31,Teacher,2025-09,2402.05,Transport,234.64,1803.39,598.66,24.92
32,31,Teacher,2025-09,2402.05,Entertainment,149.18,1803.39,598.66,24.92
32,31,Teacher,2025-09,2402.05,Utilities,117.57,1803.39,598.66,24.92
32,31,Teacher,2025-09,2402.05,Healthcare,60.19,1803.39,598.66,24.92
32,31,Teacher,2025-09,2402.05,Education,101.19,1803.39,598.66,24.92
32,31,Teacher,2025-09,2402.05,Shopping,124.26,1803.39,598.66,24.92
32,31,Teacher,2025-10,2316.15,Rent,688.09,1647.1,669.06,28.89
32,31,Teacher,2025-10,2316.15,Groceries,254.65,1647.1,669.06,28.89
32,31,Teacher,2025-10,2316.15,Transport,185.49,1647.1,669.06,28.89
32,31,Teacher,2025-10,2316.15,Entertainment,76.51,1647.1,669.06,28.89
32,31,Teacher,2025-10,2316.15,Utilities,121.37,1647.1,669.06,28.89
32,31,Teacher,2025-10,2316.15,Healthcare,96.96,1647.1,669.06,28.89
32,31,Teacher,2025-10,2316.15,Education,50.5,1647.1,669.06,28.89
32,31,Teacher,2025-10,2316.15,Shopping,173.53,1647.1,669.06,28.89
32,31,Teacher,2025-11,2364.83,Rent,773.59,1791.04,573.79,24.26
32,31,Teacher,2025-11,2364.83,Groceries,241.07,1791.04,573.79,24.26
32,31,Teacher,2025-11,2364.83,Transport,141.2,1791.04,573.79,24.26
32,31,Teacher,2025-11,2364.83,Entertainment,134.39,1791.04,573.79,24.26
32,31,Teacher,2025-11,2364.83,Utilities,160.91,1791.04,573.79,24.26
32,31,Teacher,2025-11,2364.83,Healthcare,126.28,1791.04,573.79,24.26
32,31,Teacher,2025-11,2364.83,Education,99.62,1791.04,573.79,24.26
32,31,Teacher,2025-11,2364.83,Shopping,113.97,1791.04,573.79,24.26
32,31,Teacher,2025-12,2249.0,Rent,668.11,1575.51,673.49,29.95
32,31,Teacher,2025-12,2249.0,Groceries,242.6,1575.51,673.49,29.95
32,31,Teacher,2025-12,2249.0,Transport,115.94,1575.51,673.49,29.95
32,31,Teacher,2025-12,2249.0,Entertainment,173.95,1575.51,673.49,29.95
32,31,Teacher,2025-12,2249.0,Utilities,106.2,1575.51,673.49,29.95
32,31,Teacher,2025-12,2249.0,Healthcare,66.57,1575.51,673.49,29.95
32,31,Teacher,2025-12,2249.0,Education,9.38,1575.51,673.49,29.95
32,31,Teacher,2025-12,2249.0,Shopping,192.76,1575.51,673.49,29.95
33,39,Teacher,2024-01,2756.31,Rent,699.77,1834.06,922.25,33.46
33,39,Teacher,2024-01,2756.31,Groceries,301.37,1834.06,922.25,33.46
33,39,Teacher,2024-01,2756.31,Transport,252.37,1834.06,922.25,33.46
33,39,Teacher,2024-01,2756.31,Entertainment,188.36,1834.06,922.25,33.46
33,39,Teacher,2024-01,2756.31,Utilities,139.25,1834.06,922.25,33.46
33,39,Teacher,2024-01,2756.31,Healthcare,96.67,1834.06,922.25,33.46
33,39,Teacher,2024-01,2756.31,Education,73.53,1834.06,922.25,33.46
33,39,Teacher,2024-01,2756.31,Shopping,82.73,1834.06,922.25,33.46
33,39,Teacher,2024-02,2624.12,Rent,710.67,1814.07,810.05,30.87
33,39,Teacher,2024-02,2624.12,Groceries,295.28,1814.07,810.05,30.87
33,39,Teacher,2024-02,2624.12,Transport,236.95,1814.07,810.05,30.87
33,39,Teacher,2024-02,2624.12,Entertainment,115.42,1814.07,810.05,30.87
33,39,Teacher,2024-02,2624.12,Utilities,120.04,1814.07,810.05,30.87
33,39,Teacher,2024-02,2624.12,Healthcare,105.41,1814.07,810.05,30.87
33,39,Teacher,2024-02,2624.12,Education,113.58,1814.07,810.05,30.87
33,39,Teacher,2024-02,2624.12,Shopping,116.72,1814.07,810.05,30.87
33,39,Teacher,2024-03,2567.56,Rent,733.4,2007.02,560.55,21.83
33,39,Teacher,2024-03,2567.56,Groceries,352.74,2007.02,560.55,21.83
33,39,Teacher,2024-03,2567.56,Transport,199.07,2007.02,560.55,21.83
33,39,Teacher,2024-03,2567.56,Entertainment,181.89,2007.02,560.55,21.83
33,39,Teacher,2024-03,2567.56,Utilities,176.62,2007.02,560.55,21.83
33,39,Teacher,2024-03,2567.56,Healthcare,132.76,2007.02,560.55,21.83
33,39,Teacher,2024-03,2567.56,Education,77.52,2007.02,560.55,21.83
33,39,Teacher,2024-03,2567.56,Shopping,153.03,2007.02,560.55,21.83
33,39,Teacher,2024-04,2554.19,Rent,889.96,1958.03,596.16,23.34
33,39,Teacher,2024-04,2554.19,Groceries,304.39,1958.03,596.16,23.34
33,39,Teacher,2024-04,2554.19,Transport,147.15,1958.03,596.16,23.34
33,39,Teacher,2024-04,2554.19,Entertainment,161.77,1958.03,596.16,23.34
33,39,Teacher,2024-04,2554.19,Utilities,123.95,1958.03,596.16,23.34
33,39,Teacher,2024-04,2554.19,Healthcare,110.93,1958.03,596.16,23.34
33,39,Teacher,2024-04,2554.19,Education,74.94,1958.03,596.16,23.34
33,39,Teacher,2024-04,2554.19,Shopping,144.93,1958.03,596.16,23.34
33,39,Teacher,2024-05,2830.91,Rent,782.74,2008.94,821.97,29.04
33,39,Teacher,2024-05,2830.91,Groceries,346.59,2008.94,821.97,29.04
33,39,Teacher,2024-05,2830.91,Transport,217.65,2008.94,821.97,29.04
33,39,Teacher,2024-05,2830.91,Entertainment,178.86,2008.94,821.97,29.04
33,39,Teacher,2024-05,2830.91,Utilities,179.82,2008.94,821.97,29.04
33,39,Teacher,2024-05,2830.91,Healthcare,101.32,2008.94,821.97,29.04
33,39,Teacher,2024-05,2830.91,Education,91.45,2008.94,821.97,29.04
33,39,Teacher,2024-05,2830.91,Shopping,110.51,2008.94,821.97,29.04
33,39,Teacher,2024-06,2864.47,Rent,825.84,2113.85,750.62,26.2
33,39,Teacher,2024-06,2864.47,Groceries,390.93,2113.85,750.62,26.2
33,39,Teacher,2024-06,2864.47,Transport,146.14,2113.85,750.62,26.2
33,39,Teacher,2024-06,2864.47,Entertainment,115.32,2113.85,750.62,26.2
33,39,Teacher,2024-06,2864.47,Utilities,156.44,2113.85,750.62,26.2
33,39,Teacher,2024-06,2864.47,Healthcare,157.92,2113.85,750.62,26.2
33,39,Teacher,2024-06,2864.47,Education,75.52,2113.85,750.62,26.2
33,39,Teacher,2024-06,2864.47,Shopping,245.75,2113.85,750.62,26.2
33,39,Teacher,2024-07,2708.44,Rent,809.94,2083.64,624.8,23.07
33,39,Teacher,2024-07,2708.44,Groceries,287.06,2083.64,624.8,23.07
33,39,Teacher,2024-07,2708.44,Transport,244.12,2083.64,624.8,23.07
33,39,Teacher,2024-07,2708.44,Entertainment,114.7,2083.64,624.8,23.07
33,39,Teacher,2024-07,2708.44,Utilities,181.43,2083.64,624.8,23.07
33,39,Teacher,2024-07,2708.44,Healthcare,152.85,2083.64,624.8,23.07
33,39,Teacher,2024-07,2708.44,Education,127.74,2083.64,624.8,23.07
33,39,Teacher,2024-07,2708.44,Shopping,165.79,2083.64,624.8,23.07
33,39,Teacher,2024-08,2775.63,Rent,910.0,1910.56,865.07,31.17
33,39,Teacher,2024-08,2775.63,Groceries,295.75,1910.56,865.07,31.17
33,39,Teacher,2024-08,2775.63,Transport,222.18,1910.56,865.07,31.17
33,39,Teacher,2024-08,2775.63,Entertainment,88.03,1910.56,865.07,31.17
33,39,Teacher,2024-08,2775.63,Utilities,152.46,1910.56,865.07,31.17
33,39,Teacher,2024-08,2775.63,Healthcare,72.7,1910.56,865.07,31.17
33,39,Teacher,2024-08,2775.63,Education,25.39,1910.56,865.07,31.17
33,39,Teacher,2024-08,2775.63,Shopping,144.06,1910.56,865.07,31.17
33,39,Teacher,2024-09,2690.59,Rent,840.32,1978.13,712.46,26.48
33,39,Teacher,2024-09,2690.59,Groceries,279.07,1978.13,712.46,26.48
33,39,Teacher,2024-09,2690.59,Transport,202.29,1978.13,712.46,26.48
33,39,Teacher,2024-09,2690.59,Entertainment,105.29,1978.13,712.46,26.48
33,39,Teacher,2024-09,2690.59,Utilities,153.95,1978.13,712.46,26.48
33,39,Teacher,2024-09,2690.59,Healthcare,122.41,1978.13,712.46,26.48
33,39,Teacher,2024-09,2690.59,Education,74.89,1978.13,712.46,26.48
33,39,Teacher,2024-09,2690.59,Shopping,199.9,1978.13,712.46,26.48
33,39,Teacher,2024-10,2656.93,Rent,867.51,1995.34,661.59,24.9
33,39,Teacher,2024-10,2656.93,Groceries,323.18,1995.34,661.59,24.9
33,39,Teacher,2024-10,2656.93,Transport,197.17,1995.34,661.59,24.9
33,39,Teacher,2024-10,2656.93,Entertainment,165.81,1995.34,661.59,24.9
33,39,Teacher,2024-10,2656.93,Utilities,107.74,1995.34,661.59,24.9
33,39,Teacher,2024-10,2656.93,Healthcare,122.64,1995.34,661.59,24.9
33,39,Teacher,2024-10,2656.93,Education,82.18,1995.34,661.59,24.9
33,39,Teacher,2024-10,2656.93,Shopping,129.1,1995.34,661.59,24.9
33,39,Teacher,2024-11,2570.09,Rent,665.89,1785.88,784.2,30.51
33,39,Teacher,2024-11,2570.09,Groceries,375.65,1785.88,784.2,30.51
33,39,Teacher,2024-11,2570.09,Transport,217.08,1785.88,784.2,30.51
33,39,Teacher,2024-11,2570.09,Entertainment,93.44,1785.88,784.2,30.51
33,39,Teacher,2024-11,2570.09,Utilities,130.31,1785.88,784.2,30.51
33,39,Teacher,2024-11,2570.09,Healthcare,112.31,1785.88,784.2,30.51
33,39,Teacher,2024-11,2570.09,Education,107.37,1785.88,784.2,30.51
33,39,Teacher,2024-11,2570.09,Shopping,83.84,1785.88,784.2,30.51
33,39,Teacher,2024-12,2622.52,Rent,888.97,1839.34,783.18,29.86
33,39,Teacher,2024-12,2622.52,Groceries,263.45,1839.34,783.18,29.86
33,39,Teacher,2024-12,2622.52,Transport,157.53,1839.34,783.18,29.86
33,39,Teacher,2024-12,2622.52,Entertainment,204.43,1839.34,783.18,29.86
33,39,Teacher,2024-12,2622.52,Utilities,153.16,1839.34,783.18,29.86
33,39,Teacher,2024-12,2622.52,Healthcare,79.9,1839.34,783.18,29.86
33,39,Teacher,2024-12,2622.52,Education,8.78,1839.34,783.18,29.86
33,39,Teacher,2024-12,2622.52,Shopping,83.11,1839.34,783.18,29.86
33,39,Teacher,2025-01,2625.34,Rent,887.76,2129.44,495.9,18.89
33,39,Teacher,2025-01,2625.34,Groceries,317.13,2129.44,495.9,18.89
33,39,Teacher,2025-01,2625.34,Transport,225.82,2129.44,495.9,18.89
33,39,Teacher,2025-01,2625.34,Entertainment,199.3,2129.44,495.9,18.89
33,39,Teacher,2025-01,2625.34,Utilities,137.15,2129.44,495.9,18.89
33,39,Teacher,2025-01,2625.34,Healthcare,72.59,2129.44,495.9,18.89
33,39,Teacher,2025-01,2625.34,Education,67.88,2129.44,495.9,18.89
33,39,Teacher,2025-01,2625.34,Shopping,221.8,2129.44,495.9,18.89
33,39,Teacher,2025-02,2819.88,Rent,723.53,2055.1,764.78,27.12
33,39,Teacher,2025-02,2819.88,Groceries,379.64,2055.1,764.78,27.12
33,39,Teacher,2025-02,2819.88,Transport,221.63,2055.1,764.78,27.12
33,39,Teacher,2025-02,2819.88,Entertainment,212.54,2055.1,764.78,27.12
33,39,Teacher,2025-02,2819.88,Utilities,123.16,2055.1,764.78,27.12
33,39,Teacher,2025-02,2819.88,Healthcare,116.63,2055.1,764.78,27.12
33,39,Teacher,2025-02,2819.88,Education,124.0,2055.1,764.78,27.12
33,39,Teacher,2025-02,2819.88,Shopping,153.97,2055.1,764.78,27.12
33,39,Teacher,2025-03,2707.81,Rent,696.03,1826.81,881.0,32.54
33,39,Teacher,2025-03,2707.81,Groceries,308.44,1826.81,881.0,32.54
33,39,Teacher,2025-03,2707.81,Transport,179.33,1826.81,881.0,32.54
33,39,Teacher,2025-03,2707.81,Entertainment,209.2,1826.81,881.0,32.54
33,39,Teacher,2025-03,2707.81,Utilities,131.27,1826.81,881.0,32.54
33,39,Teacher,2025-03,2707.81,Healthcare,104.07,1826.81,881.0,32.54
33,39,Teacher,2025-03,2707.81,Education,90.89,1826.81,881.0,32.54
33,39,Teacher,2025-03,2707.81,Shopping,107.58,1826.81,881.0,32.54
33,39,Teacher,2025-04,2709.36,Rent,877.44,2158.52,550.84,20.33
33,39,Teacher,2025-04,2709.36,Groceries,388.37,2158.52,550.84,20.33
33,39,Teacher,2025-04,2709.36,Transport,220.31,2158.52,550.84,20.33
33,39,Teacher,2025-04,2709.36,Entertainment,171.92,2158.52,550.84,20.33
33,39,Teacher,2025-04,2709.36,Utilities,118.64,2158.52,550.84,20.33
33,39,Teacher,2025-04,2709.36,Healthcare,156.69,2158.52,550.84,20.33
33,39,Teacher,2025-04,2709.36,Education,17.96,2158.52,550.84,20.33
33,39,Teacher,2025-04,2709.36,Shopping,207.21,2158.52,550.84,20.33
33,39,Teacher,2025-05,2632.32,Rent,903.83,2055.16,577.16,21.93
33,39,Teacher,2025-05,2632.32,Groceries,357.99,2055.16,577.16,21.93
33,39,Teacher,2025-05,2632.32,Transport,230.83,2055.16,577.16,21.93
33,39,Teacher,2025-05,2632.32,Entertainment,107.8,2055.16,577.16,21.93
33,39,Teacher,2025-05,2632.32,Utilities,140.28,2055.16,577.16,21.93
33,39,Teacher,2025-05,2632.32,Healthcare,117.7,2055.16,577.16,21.93
33,39,Teacher,2025-05,2632.32,Education,101.34,2055.16,577.16,21.93
33,39,Teacher,2025-05,2632.32,Shopping,95.39,2055.16,577.16,21.93
33,39,Teacher,2025-06,2874.8,Rent,974.62,2267.83,606.96,21.11
33,39,Teacher,2025-06,2874.8,Groceries,326.34,2267.83,606.96,21.11
33,39,Teacher,2025-06,2874.8,Transport,262.0,2267.83,606.96,21.11
33,39,Teacher,2025-06,2874.8,Entertainment,160.75,2267.83,606.96,21.11
33,39,Teacher,2025-06,2874.8,Utilities,154.82,2267.83,606.96,21.11
33,39,Teacher,2025-06,2874.8,Healthcare,93.65,2267.83,606.96,21.11
33,39,Teacher,2025-06,2874.8,Education,83.51,2267.83,606.96,21.11
33,39,Teacher,2025-06,2874.8,Shopping,212.14,2267.83,606.96,21.11
33,39,Teacher,2025-07,2683.11,Rent,839.6,1952.74,730.37,27.22
33,39,Teacher,2025-07,2683.11,Groceries,362.13,1952.74,730.37,27.22
33,39,Teacher,2025-07,2683.11,Transport,229.56,1952.74,730.37,27.22
33,39,Teacher,2025-07,2683.11,Entertainment,87.46,1952.74,730.37,27.22
33,39,Teacher,2025-07,2683.11,Utilities,176.53,1952.74,730.37,27.22
33,39,Teacher,2025-07,2683.11,Healthcare,102.84,1952.74,730.37,27.22
33,39,Teacher,2025-07,2683.11,Education,35.2,1952.74,730.37,27.22
33,39,Teacher,2025-07,2683.11,Shopping,119.41,1952.74,730.37,27.22
33,39,Teacher,2025-08,2708.17,Rent,917.21,2098.91,609.25,22.5
33,39,Teacher,2025-08,2708.17,Groceries,322.05,2098.91,609.25,22.5
33,39,Teacher,2025-08,2708.17,Transport,236.93,2098.91,609.25,22.5
33,39,Teacher,2025-08,2708.17,Entertainment,94.36,2098.91,609.25,22.5
33,39,Teacher,2025-08,2708.17,Utilities,147.0,2098.91,609.25,22.5
33,39,Teacher,2025-08,2708.17,Healthcare,161.59,2098.91,609.25,22.5
33,39,Teacher,2025-08,2708.17,Education,104.32,2098.91,609.25,22.5
33,39,Teacher,2025-08,2708.17,Shopping,115.45,2098.91,609.25,22.5
33,39,Teacher,2025-09,2714.57,Rent,742.06,2002.16,712.41,26.24
33,39,Teacher,2025-09,2714.57,Groceries,327.05,2002.16,712.41,26.24
33,39,Teacher,2025-09,2714.57,Transport,241.61,2002.16,712.41,26.24
33,39,Teacher,2025-09,2714.57,Entertainment,186.11,2002.16,712.41,26.24
33,39,Teacher,2025-09,2714.57,Utilities,127.16,2002.16,712.41,26.24
33,39,Teacher,2025-09,2714.57,Healthcare,154.43,2002.16,712.41,26.24
33,39,Teacher,2025-09,2714.57,Education,80.43,2002.16,712.41,26.24
33,39,Teacher,2025-09,2714.57,Shopping,143.32,2002.16,712.41,26.24
33,39,Teacher,2025-10,2714.74,Rent,842.95,1984.0,730.75,26.92
33,39,Teacher,2025-10,2714.74,Groceries,347.47,1984.0,730.75,26.92
33,39,Teacher,2025-10,2714.74,Transport,201.76,1984.0,730.75,26.92
33,39,Teacher,2025-10,2714.74,Entertainment,149.98,1984.0,730.75,26.92
33,39,Teacher,2025-10,2714.74,Utilities,122.96,1984.0,730.75,26.92
33,39,Teacher,2025-10,2714.74,Healthcare,142.55,1984.0,730.75,26.92
33,39,Teacher,2025-10,2714.74,Education,73.54,1984.0,730.75,26.92
33,39,Teacher,2025-10,2714.74,Shopping,102.79,1984.0,730.75,26.92
33,39,Teacher,2025-11,2806.59,Rent,963.35,2143.13,663.46,23.64
33,39,Teacher,2025-11,2806.59,Groceries,413.59,2143.13,663.46,23.64
33,39,Teacher,2025-11,2806.59,Transport,192.11,2143.13,663.46,23.64
33,39,Teacher,2025-11,2806.59,Entertainment,103.21,2143.13,663.46,23.64
33,39,Teacher,2025-11,2806.59,Utilities,155.91,2143.13,663.46,23.64
33,39,Teacher,2025-11,2806.59,Healthcare,68.77,2143.13,663.46,23.64
33,39,Teacher,2025-11,2806.59,Education,131.07,2143.13,663.46,23.64
33,39,Teacher,2025-11,2806.59,Shopping,115.11,2143.13,663.46,23.64
33,39,Teacher,2025-12,2628.13,Rent,763.9,1819.94,808.19,30.75
33,39,Teacher,2025-12,2628.13,Groceries,313.16,1819.94,808.19,30.75
33,39,Teacher,2025-12,2628.13,Transport,235.83,1819.94,808.19,30.75
33,39,Teacher,2025-12,2628.13,Entertainment,138.81,1819.94,808.19,30.75
33,39,Teacher,2025-12,2628.13,Utilities,118.59,1819.94,808.19,30.75
33,39,Teacher,2025-12,2628.13,Healthcare,80.65,1819.94,808.19,30.75
33,39,Teacher,2025-12,2628.13,Education,66.9,1819.94,808.19,30.75
33,39,Teacher,2025-12,2628.13,Shopping,102.1,1819.94,808.19,30.75
34,48,Designer,2024-01,3926.34,Rent,1262.2,3190.92,735.42,18.73
34,48,Designer,2024-01,3926.34,Groceries,576.72,3190.92,735.42,18.73
34,48,Designer,2024-01,3926.34,Transport,375.41,3190.92,735.42,18.73
34,48,Designer,2024-01,3926.34,Entertainment,303.52,3190.92,735.42,18.73
34,48,Designer,2024-01,3926.34,Utilities,185.88,3190.92,735.42,18.73
34,48,Designer,2024-01,3926.34,Healthcare,99.19,3190.92,735.42,18.73
34,48,Designer,2024-01,3926.34,Education,59.34,3190.92,735.42,18.73
34,48,Designer,2024-01,3926.34,Shopping,328.66,3190.92,735.42,18.73
34,48,Designer,2024-02,4128.96,Rent,1387.05,3026.05,1102.91,26.71
34,48,Designer,2024-02,4128.96,Groceries,435.61,3026.05,1102.91,26.71
34,48,Designer,2024-02,4128.96,Transport,402.04,3026.05,1102.91,26.71
34,48,Designer,2024-02,4128.96,Entertainment,211.27,3026.05,1102.91,26.71
34,48,Designer,2024-02,4128.96,Utilities,166.31,3026.05,1102.91,26.71
34,48,Designer,2024-02,4128.96,Healthcare,155.64,3026.05,1102.91,26.71
34,48,Designer,2024-02,4128.96,Education,9.51,3026.05,1102.91,26.71
34,48,Designer,2024-02,4128.96,Shopping,258.61,3026.05,1102.91,26.71
34,48,Designer,2024-03,3813.05,Rent,1133.78,2946.72,866.32,22.72
34,48,Designer,2024-03,3813.05,Groceries,498.21,2946.72,866.32,22.72
34,48,Designer,2024-03,3813.05,Transport,356.29,2946.72,866.32,22.72
34,48,Designer,2024-03,3813.05,Entertainment,240.58,2946.72,866.32,22.72
34,48,Designer,2024-03,3813.05,Utilities,202.17,2946.72,866.32,22.72
34,48,Designer,2024-03,3813.05,Healthcare,201.24,2946.72,866.32,22.72
34,48,Designer,2024-03,3813.05,Education,172.65,2946.72,866.32,22.72
34,48,Designer,2024-03,3813.05,Shopping,141.79,2946.72,866.32,22.72
34,48,Designer,2024-04,3909.48,Rent,1088.6,2980.14,929.35,23.77
34,48,Designer,2024-04,3909.48,Groceries,400.15,2980.14,929.35,23.77
34,48,Designer,2024-04,3909.48,Transport,326.16,2980.14,929.35,23.77
34,48,Designer,2024-04,3909.48,Entertainment,285.93,2980.14,929.35,23.77
34,48,Designer,2024-04,3909.48,Utilities,175.49,2980.14,929.35,23.77
34,48,Designer,2024-04,3909.48,Healthcare,205.23,2980.14,929.35,23.77
34,48,Designer,2024-04,3909.48,Education,166.82,2980.14,929.35,23.77
34,48,Designer,2024-04,3909.48,Shopping,331.76,2980.14,929.35,23.77
34,48,Designer,2024-05,3776.51,Rent,1285.51,2735.34,1041.17,27.57
34,48,Designer,2024-05,3776.51,Groceries,438.2,2735.34,1041.17,27.57
34,48,Designer,2024-05,3776.51,Transport,293.12,2735.34,1041.17,27.57
34,48,Designer,2024-05,3776.51,Entertainment,122.83,2735.34,1041.17,27.57
34,48,Designer,2024-05,3776.51,Utilities,156.03,2735.34,1041.17,27.57
34,48,Designer,2024-05,3776.51,Healthcare,184.35,2735.34,1041.17,27.57
34,48,Designer,2024-05,3776.51,Education,83.93,2735.34,1041.17,27.57
34,48,Designer,2024-05,3776.51,Shopping,171.37,2735.34,1041.17,27.57
34,48,Designer,2024-06,3739.17,Rent,1185.3,2609.98,1129.2,30.2
34,48,Designer,2024-06,3739.17,Groceries,373.99,2609.98,1129.2,30.2
34,48,Designer,2024-06,3739.17,Transport,337.63,2609.98,1129.2,30.2
34,48,Designer,2024-06,3739.17,Entertainment,126.99,2609.98,1129.2,30.2
34,48,Designer,2024-06,3739.17,Utilities,171.05,2609.98,1129.2,30.2
34,48,Designer,2024-06,3739.17,Healthcare,132.55,2609.98,1129.2,30.2
34,48,Designer,2024-06,3739.17,Education,90.65,2609.98,1129.2,30.2
34,48,Designer,2024-06,3739.17,Shopping,191.82,2609.98,1129.2,30.2
34,48,Designer,2024-07,3804.15,Rent,1317.73,2889.98,914.17,24.03
34,48,Designer,2024-07,3804.15,Groceries,502.45,2889.98,914.17,24.03
34,48,Designer,2024-07,3804.15,Transport,194.66,2889.98,914.17,24.03
34,48,Designer,2024-07,3804.15,Entertainment,195.95,2889.98,914.17,24.03
34,48,Designer,2024-07,3804.15,Utilities,252.03,2889.98,914.17,24.03
34,48,Designer,2024-07,3804.15,Healthcare,121.95,2889.98,914.17,24.03
34,48,Designer,2024-07,3804.15,Education,17.99,2889.98,914.17,24.03
34,48,Designer,2024-07,3804.15,Shopping,287.23,2889.98,914.17,24.03
34,48,Designer,2024-08,3946.42,Rent,1211.68,2717.17,1229.25,31.15
34,48,Designer,2024-08,3946.42,Groceries,405.21,2717.17,1229.25,31.15
34,48,Designer,2024-08,3946.42,Transport,225.04,2717.17,1229.25,31.15
34,48,Designer,2024-08,3946.42,Entertainment,241.23,2717.17,1229.25,31.15
34,48,Designer,2024-08,3946.42,Utilities,182.46,2717.17,1229.25,31.15
34,48,Designer,2024-08,3946.42,Healthcare,158.5,2717.17,1229.25,31.15
34,48,Designer,2024-08,3946.42,Education,107.52,2717.17,1229.25,31.15
34,48,Designer,2024-08,3946.42,Shopping,185.52,2717.17,1229.25,31.15
34,48,Designer,2024-09,4117.18,Rent,1376.15,3002.28,1114.9,27.08
34,48,Designer,2024-09,4117.18,Groceries,560.43,3002.28,1114.9,27.08
34,48,Designer,2024-09,4117.18,Transport,221.91,3002.28,1114.9,27.08
34,48,Designer,2024-09,4117.18,Entertainment,145.36,3002.28,1114.9,27.08
34,48,Designer,2024-09,4117.18,Utilities,225.55,3002.28,1114.9,27.08
34,48,Designer,2024-09,4117.18,Healthcare,108.81,3002.28,1114.9,27.08
34,48,Designer,2024-09,4117.18,Education,201.38,3002.28,1114.9,27.08
34,48,Designer,2024-09,4117.18,Shopping,162.67,3002.28,1114.9,27.08
34,48,Designer,2024-10,3887.31,Rent,1113.37,2787.02,1100.29,28.3
34,48,Designer,2024-10,3887.31,Groceries,513.01,2787.02,1100.29,28.3
34,48,Designer,2024-10,3887.31,Transport,219.45,2787.02,1100.29,28.3
34,48,Designer,2024-10,3887.31,Entertainment,200.26,2787.02,1100.29,28.3
34,48,Designer,2024-10,3887.31,Utilities,187.53,2787.02,1100.29,28.3
34,48,Designer,2024-10,3887.31,Healthcare,215.78,2787.02,1100.29,28.3
34,48,Designer,2024-10,3887.31,Education,7.89,2787.02,1100.29,28.3
34,48,Designer,2024-10,3887.31,Shopping,329.74,2787.02,1100.29,28.3
34,48,Designer,2024-11,4059.62,Rent,1135.71,2797.76,1261.86,31.08
34,48,Designer,2024-11,4059.62,Groceries,566.17,2797.76,1261.86,31.08
34,48,Designer,2024-11,4059.62,Transport,209.32,2797.76,1261.86,31.08
34,48,Designer,2024-11,4059.62,Entertainment,318.04,2797.76,1261.86,31.08
34,48,Designer,2024-11,4059.62,Utilities,226.52,2797.76,1261.86,31.08
34,48,Designer,2024-11,4059.62,Healthcare,130.44,2797.76,1261.86,31.08
34,48,Designer,2024-11,4059.62,Education,73.6,2797.76,1261.86,31.08
34,48,Designer,2024-11,4059.62,Shopping,137.96,2797.76,1261.86,31.08
34,48,Designer,2024-12,4137.59,Rent,1050.65,2984.07,1153.52,27.88
34,48,Designer,2024-12,4137.59,Groceries,549.25,2984.07,1153.52,27.88
34,48,Designer,2024-12,4137.59,Transport,298.47,2984.07,1153.52,27.88
34,48,Designer,2024-12,4137.59,Entertainment,320.44,2984.07,1153.52,27.88
34,48,Designer,2024-12,4137.59,Utilities,196.04,2984.07,1153.52,27.88
34,48,Designer,2024-12,4137.59,Healthcare,170.81,2984.07,1153.52,27.88
34,48,Designer,2024-12,4137.59,Education,99.79,2984.07,1153.52,27.88
34,48,Designer,2024-12,4137.59,Shopping,298.62,2984.07,1153.52,27.88
34,48,Designer,2025-01,3678.13,Rent,990.81,2655.24,1022.89,27.81
34,48,Designer,2025-01,3678.13,Groceries,407.27,2655.24,1022.89,27.81
34,48,Designer,2025-01,3678.13,Transport,319.66,2655.24,1022.89,27.81
34,48,Designer,2025-01,3678.13,Entertainment,145.13,2655.24,1022.89,27.81
34,48,Designer,2025-01,3678.13,Utilities,210.41,2655.24,1022.89,27.81
34,48,Designer,2025-01,3678.13,Healthcare,105.23,2655.24,1022.89,27.81
34,48,Designer,2025-01,3678.13,Education,158.46,2655.24,1022.89,27.81
34,48,Designer,2025-01,3678.13,Shopping,318.27,2655.24,1022.89,27.81
34,48,Designer,2025-02,3902.78,Rent,1113.19,2711.64,1191.14,30.52
34,48,Designer,2025-02,3902.78,Groceries,435.95,2711.64,1191.14,30.52
34,48,Designer,2025-02,3902.78,Transport,204.85,2711.64,1191.14,30.52
34,48,Designer,2025-02,3902.78,Entertainment,169.48,2711.64,1191.14,30.52
34,48,Designer,2025-02,3902.78,Utilities,232.71,2711.64,1191.14,30.52
34,48,Designer,2025-02,3902.78,Healthcare,161.36,2711.64,1191.14,30.52
34,48,Designer,2025-02,3902.78,Education,184.22,2711.64,1191.14,30.52
34,48,Designer,2025-02,3902.78,Shopping,209.88,2711.64,1191.14,30.52
34,48,Designer,2025-03,3990.23,Rent,1192.81,2952.29,1037.95,26.01
34,48,Designer,2025-03,3990.23,Groceries,501.29,2952.29,1037.95,26.01
34,48,Designer,2025-03,3990.23,Transport,252.94,2952.29,1037.95,26.01
34,48,Designer,2025-03,3990.23,Entertainment,210.48,2952.29,1037.95,26.01
34,48,Designer,2025-03,3990.23,Utilities,215.97,2952.29,1037.95,26.01
34,48,Designer,2025-03,3990.23,Healthcare,192.59,2952.29,1037.95,26.01
34,48,Designer,2025-03,3990.23,Education,187.67,2952.29,1037.95,26.01
34,48,Designer,2025-03,3990.23,Shopping,198.55,2952.29,1037.95,26.01
34,48,Designer,2025-04,3665.26,Rent,1098.22,2833.44,831.82,22.69
34,48,Designer,2025-04,3665.26,Groceries,466.31,2833.44,831.82,22.69
34,48,Designer,2025-04,3665.26,Transport,214.13,2833.44,831.82,22.69
34,48,Designer,2025-04,3665.26,Entertainment,249.32,2833.44,831.82,22.69
34,48,Designer,2025-04,3665.26,Utilities,254.91,2833.44,831.82,22.69
34,48,Designer,2025-04,3665.26,Healthcare,211.97,2833.44,831.82,22.69
34,48,Designer,2025-04,3665.26,Education,36.12,2833.44,831.82,22.69
34,48,Designer,2025-04,3665.26,Shopping,302.46,2833.44,831.82,22.69
34,48,Designer,2025-05,3995.54,Rent,1180.22,2917.26,1078.28,26.99
34,48,Designer,2025-05,3995.54,Groceries,507.56,2917.26,1078.28,26.99
34,48,Designer,2025-05,3995.54,Transport,369.51,2917.26,1078.28,26.99
34,48,Designer,2025-05,3995.54,Entertainment,215.79,2917.26,1078.28,26.99
34,48,Designer,2025-05,3995.54,Utilities,204.56,2917.26,1078.28,26.99
34,48,Designer,2025-05,3995.54,Healthcare,158.74,2917.26,1078.28,26.99
34,48,Designer,2025-05,3995.54,Education,115.7,2917.26,1078.28,26.99
34,48,Designer,2025-05,3995.54,Shopping,165.19,2917.26,1078.28,26.99
34,48,Designer,2025-06,4093.48,Rent,1299.35,2912.82,1180.66,28.84
34,48,Designer,2025-06,4093.48,Groceries,538.96,2912.82,1180.66,28.84
34,48,Designer,2025-06,4093.48,Transport,225.04,2912.82,1180.66,28.84
34,48,Designer,2025-06,4093.48,Entertainment,246.46,2912.82,1180.66,28.84
34,48,Designer,2025-06,4093.48,Utilities,178.59,2912.82,1180.66,28.84
34,48,Designer,2025-06,4093.48,Healthcare,94.76,2912.82,1180.66,28.84
34,48,Designer,2025-06,4093.48,Education,107.93,2912.82,1180.66,28.84
34,48,Designer,2025-06,4093.48,Shopping,221.73,2912.82,1180.66,28.84
34,48,Designer,2025-07,3937.85,Rent,1019.6,2657.47,1280.38,32.51
34,48,Designer,2025-07,3937.85,Groceries,478.64,2657.47,1280.38,32.51
34,48,Designer,2025-07,3937.85,Transport,231.31,2657.47,1280.38,32.51
34,48,Designer,2025-07,3937.85,Entertainment,312.49,2657.47,1280.38,32.51
34,48,Designer,2025-07,3937.85,Utilities,223.81,2657.47,1280.38,32.51
34,48,Designer,2025-07,3937.85,Healthcare,187.04,2657.47,1280.38,32.51
34,48,Designer,2025-07,3937.85,Education,64.07,2657.47,1280.38,32.51
34,48,Designer,2025-07,3937.85,Shopping,140.52,2657.47,1280.38,32.51
34,48,Designer,2025-08,4130.87,Rent,1150.97,2754.97,1375.9,33.31
34,48,Designer,2025-08,4130.87,Groceries,500.62,2754.97,1375.9,33.31
34,48,Designer,2025-08,4130.87,Transport,340.77,2754.97,1375.9,33.31
34,48,Designer,2025-08,4130.87,Entertainment,129.03,2754.97,1375.9,33.31
34,48,Designer,2025-08,4130.87,Utilities,265.65,2754.97,1375.9,33.31
34,48,Designer,2025-08,4130.87,Healthcare,171.28,2754.97,1375.9,33.31
34,48,Designer,2025-08,4130.87,Education,57.46,2754.97,1375.9,33.31
34,48,Designer,2025-08,4130.87,Shopping,139.2,2754.97,1375.9,33.31
34,48,Designer,2025-09,3725.25,Rent,1264.74,2776.2,949.06,25.48
34,48,Designer,2025-09,3725.25,Groceries,500.31,2776.2,949.06,25.48
34,48,Designer,2025-09,3725.25,Transport,232.81,2776.2,949.06,25.48
34,48,Designer,2025-09,3725.25,Entertainment,123.98,2776.2,949.06,25.48
34,48,Designer,2025-09,3725.25,Utilities,226.19,2776.2,949.06,25.48
34,48,Designer,2025-09,3725.25,Healthcare,159.8,2776.2,949.06,25.48
34,48,Designer,2025-09,3725.25,Education,75.35,2776.2,949.06,25.48
34,48,Designer,2025-09,3725.25,Shopping,193.03,2776.2,949.06,25.48
34,48,Designer,2025-10,3752.34,Rent,1189.35,2877.84,874.5,23.31
34,48,Designer,2025-10,3752.34,Groceries,557.35,2877.84,874.5,23.31
34,48,Designer,2025-10,3752.34,Transport,220.58,2877.84,874.5,23.31
34,48,Designer,2025-10,3752.34,Entertainment,224.6,2877.84,874.5,23.31
34,48,Designer,2025-10,3752.34,Utilities,197.84,2877.84,874.5,23.31
34,48,Designer,2025-10,3752.34,Healthcare,142.09,2877.84,874.5,23.31
34,48,Designer,2025-10,3752.34,Education,47.68,2877.84,874.5,23.31
34,48,Designer,2025-10,3752.34,Shopping,298.34,2877.84,874.5,23.31
34,48,Designer,2025-11,3886.2,Rent,1182.73,2682.12,1204.09,30.98
34,48,Designer,2025-11,3886.2,Groceries,447.84,2682.12,1204.09,30.98
34,48,Designer,2025-11,3886.2,Transport,229.64,2682.12,1204.09,30.98
34,48,Designer,2025-11,3886.2,Entertainment,133.28,2682.12,1204.09,30.98
34,48,Designer,2025-11,3886.2,Utilities,238.7,2682.12,1204.09,30.98
34,48,Designer,2025-11,3886.2,Healthcare,108.23,2682.12,1204.09,30.98
34,48,Designer,2025-11,3886.2,Education,134.09,2682.12,1204.09,30.98
34,48,Designer,2025-11,3886.2,Shopping,207.61,2682.12,1204.09,30.98
34,48,Designer,2025-12,3851.56,Rent,1143.6,2674.05,1177.51,30.57
34,48,Designer,2025-12,3851.56,Groceries,455.97,2674.05,1177.51,30.57
34,48,Designer,2025-12,3851.56,Transport,211.95,2674.05,1177.51,30.57
34,48,Designer,2025-12,3851.56,Entertainment,175.17,2674.05,1177.51,30.57
34,48,Designer,2025-12,3851.56,Utilities,230.75,2674.05,1177.51,30.57
34,48,Designer,2025-12,3851.56,Healthcare,179.6,2674.05,1177.51,30.57
34,48,Designer,2025-12,3851.56,Education,55.12,2674.05,1177.51,30.57
34,48,Designer,2025-12,3851.56,Shopping,221.87,2674.05,1177.51,30.57
35,52,Manager,2024-01,5282.18,Rent,1775.24,4172.98,1109.21,21.0
35,52,Manager,2024-01,5282.18,Groceries,529.66,4172.98,1109.21,21.0
35,52,Manager,2024-01,5282.18,Transport,273.4,4172.98,1109.21,21.0
35,52,Manager,2024-01,5282.18,Entertainment,399.29,4172.98,1109.21,21.0
35,52,Manager,2024-01,5282.18,Utilities,334.15,4172.98,1109.21,21.0
35,52,Manager,2024-01,5282.18,Healthcare,200.87,4172.98,1109.21,21.0
35,52,Manager,2024-01,5282.18,Education,199.04,4172.98,1109.21,21.0
35,52,Manager,2024-01,5282.18,Shopping,461.34,4172.98,1109.21,21.0
35,52,Manager,2024-02,5451.98,Rent,1822.25,4347.76,1104.21,20.25
35,52,Manager,2024-02,5451.98,Groceries,752.54,4347.76,1104.21,20.25
35,52,Manager,2024-02,5451.98,Transport,318.45,4347.76,1104.21,20.25
35,52,Manager,2024-02,5451.98,Entertainment,390.79,4347.76,1104.21,20.25
35,52,Manager,2024-02,5451.98,Utilities,249.99,4347.76,1104.21,20.25
35,52,Manager,2024-02,5451.98,Healthcare,303.7,4347.76,1104.21,20.25
35,52,Manager,2024-02,5451.98,Education,125.03,4347.76,1104.21,20.25
35,52,Manager,2024-02,5451.98,Shopping,385.01,4347.76,1104.21,20.25
35,52,Manager,2024-03,5266.52,Rent,1366.13,4052.9,1213.62,23.04
35,52,Manager,2024-03,5266.52,Groceries,603.21,4052.9,1213.62,23.04
35,52,Manager,2024-03,5266.52,Transport,522.37,4052.9,1213.62,23.04
35,52,Manager,2024-03,5266.52,Entertainment,410.98,4052.9,1213.62,23.04
35,52,Manager,2024-03,5266.52,Utilities,261.3,4052.9,1213.62,23.04
35,52,Manager,2024-03,5266.52,Healthcare,315.21,4052.9,1213.62,23.04
35,52,Manager,2024-03,5266.52,Education,222.66,4052.9,1213.62,23.04
35,52,Manager,2024-03,5266.52,Shopping,351.05,4052.9,1213.62,23.04
35,52,Manager,2024-04,4958.07,Rent,1686.46,4020.1,937.97,18.92
35,52,Manager,2024-04,4958.07,Groceries,634.0,4020.1,937.97,18.92
35,52,Manager,2024-04,4958.07,Transport,463.2,4020.1,937.97,18.92
35,52,Manager,2024-04,4958.07,Entertainment,355.6,4020.1,937.97,18.92
35,52,Manager,2024-04,4958.07,Utilities,322.23,4020.1,937.97,18.92
35,52,Manager,2024-04,4958.07,Healthcare,237.63,4020.1,937.97,18.92
35,52,Manager,2024-04,4958.07,Education,72.24,4020.1,937.97,18.92
35,52,Manager,2024-04,4958.07,Shopping,248.74,4020.1,937.97,18.92
35,52,Manager,2024-05,5139.14,Rent,1295.09,3396.18,1742.96,33.92
35,52,Manager,2024-05,5139.14,Groceries,663.61,3396.18,1742.96,33.92
35,52,Manager,2024-05,5139.14,Transport,436.53,3396.18,1742.96,33.92
35,52,Manager,2024-05,5139.14,Entertainment,373.58,3396.18,1742.96,33.92
35,52,Manager,2024-05,5139.14,Utilities,227.18,3396.18,1742.96,33.92
35,52,Manager,2024-05,5139.14,Healthcare,214.65,3396.18,1742.96,33.92
35,52,Manager,2024-05,5139.14,Education,2.06,3396.18,1742.96,33.92
35,52,Manager,2024-05,5139.14,Shopping,183.5,3396.18,1742.96,33.92
35,52,Manager,2024-06,4967.58,Rent,1602.28,3997.31,970.27,19.53
35,52,Manager,2024-06,4967.58,Groceries,516.89,3997.31,970.27,19.53
35,52,Manager,2024-06,4967.58,Transport,426.33,3997.31,970.27,19.53
35,52,Manager,2024-06,4967.58,Entertainment,211.03,3997.31,970.27,19.53
35,52,Manager,2024-06,4967.58,Utilities,329.51,3997.31,970.27,19.53
35,52,Manager,2024-06,4967.58,Healthcare,260.93,3997.31,970.27,19.53
35,52,Manager,2024-06,4967.58,Education,237.9,3997.31,970.27,19.53
35,52,Manager,2024-06,4967.58,Shopping,412.44,3997.31,970.27,19.53
35,52,Manager,2024-07,5560.78,Rent,1867.72,4283.87,1276.91,22.96
35,52,Manager,2024-07,5560.78,Groceries,748.86,4283.87,1276.91,22.96
35,52,Manager,2024-07,5560.78,Transport,325.38,4283.87,1276.91,22.96
35,52,Manager,2024-07,5560.78,Entertainment,242.37,4283.87,1276.91,22.96
35,52,Manager,2024-07,5560.78,Utilities,257.92,4283.87,1276.91,22.96
35,52,Manager,2024-07,5560.78,Healthcare,245.47,4283.87,1276.91,22.96
35,52,Manager,2024-07,5560.78,Education,140.03,4283.87,1276.91,22.96
35,52,Manager,2024-07,5560.78,Shopping,456.12,4283.87,1276.91,22.96
35,52,Manager,2024-08,5573.83,Rent,1619.12,4070.36,1503.47,26.97
35,52,Manager,2024-08,5573.83,Groceries,698.5,4070.36,1503.47,26.97
35,52,Manager,2024-08,5573.83,Transport,549.44,4070.36,1503.47,26.97
35,52,Manager,2024-08,5573.83,Entertainment,244.2,4070.36,1503.47,26.97
35,52,Manager,2024-08,5573.83,Utilities,355.45,4070.36,1503.47,26.97
35,52,Manager,2024-08,5573.83,Healthcare,161.69,4070.36,1503.47,26.97
35,52,Manager,2024-08,5573.83,Education,189.92,4070.36,1503.47,26.97
35,52,Manager,2024-08,5573.83,Shopping,252.03,4070.36,1503.47,26.97
35,52,Manager,2024-09,5527.31,Rent,1692.17,4010.99,1516.32,27.43
35,52,Manager,2024-09,5527.31,Groceries,604.12,4010.99,1516.32,27.43
35,52,Manager,2024-09,5527.31,Transport,338.37,4010.99,1516.32,27.43
35,52,Manager,2024-09,5527.31,Entertainment,302.3,4010.99,1516.32,27.43
35,52,Manager,2024-09,5527.31,Utilities,380.54,4010.99,1516.32,27.43
35,52,Manager,2024-09,5527.31,Healthcare,280.71,4010.99,1516.32,27.43
35,52,Manager,2024-09,5527.31,Education,134.95,4010.99,1516.32,27.43
35,52,Manager,2024-09,5527.31,Shopping,277.82,4010.99,1516.32,27.43
35,52,Manager,2024-10,5301.63,Rent,1722.16,4444.55,857.08,16.17
35,52,Manager,2024-10,5301.63,Groceries,737.97,4444.55,857.08,16.17
35,52,Manager,2024-10,5301.63,Transport,351.13,4444.55,857.08,16.17
35,52,Manager,2024-10,5301.63,Entertainment,350.21,4444.55,857.08,16.17
35,52,Manager,2024-10,5301.63,Utilities,316.69,4444.55,857.08,16.17
35,52,Manager,2024-10,5301.63,Healthcare,309.43,4444.55,857.08,16.17
35,52,Manager,2024-10,5301.63,Education,246.81,4444.55,857.08,16.17
35,52,Manager,2024-10,5301.63,Shopping,410.15,4444.55,857.08,16.17
35,52,Manager,2024-11,5419.12,Rent,1503.29,3817.52,1601.6,29.55
35,52,Manager,2024-11,5419.12,Groceries,771.13,3817.52,1601.6,29.55
35,52,Manager,2024-11,5419.12,Transport,386.79,3817.52,1601.6,29.55
35,52,Manager,2024-11,5419.12,Entertainment,236.34,3817.52,1601.6,29.55
35,52,Manager,2024-11,5419.12,Utilities,279.22,3817.52,1601.6,29.55
35,52,Manager,2024-11,5419.12,Healthcare,289.58,3817.52,1601.6,29.55
35,52,Manager,2024-11,5419.12,Education,40.27,3817.52,1601.6,29.55
35,52,Manager,2024-11,5419.12,Shopping,310.89,3817.52,1601.6,29.55
35,52,Manager,2024-12,5263.22,Rent,1335.09,3809.3,1453.93,27.62
35,52,Manager,2024-12,5263.22,Groceries,577.84,3809.3,1453.93,27.62
35,52,Manager,2024-12,5263.22,Transport,480.73,3809.3,1453.93,27.62
35,52,Manager,2024-12,5263.22,Entertainment,376.52,3809.3,1453.93,27.62
35,52,Manager,2024-12,5263.22,Utilities,256.7,3809.3,1453.93,27.62
35,52,Manager,2024-12,5263.22,Healthcare,289.46,3809.3,1453.93,27.62
35,52,Manager,2024-12,5263.22,Education,203.1,3809.3,1453.93,27.62
35,52,Manager,2024-12,5263.22,Shopping,289.87,3809.3,1453.93,27.62
35,52,Manager,2025-01,5436.0,Rent,1881.58,4235.11,1200.89,22.09
35,52,Manager,2025-01,5436.0,Groceries,668.35,4235.11,1200.89,22.09
35,52,Manager,2025-01,5436.0,Transport,336.6,4235.11,1200.89,22.09
35,52,Manager,2025-01,5436.0,Entertainment,419.07,4235.11,1200.89,22.09
35,52,Manager,2025-01,5436.0,Utilities,315.9,4235.11,1200.89,22.09
35,52,Manager,2025-01,5436.0,Healthcare,131.61,4235.11,1200.89,22.09
35,52,Manager,2025-01,5436.0,Education,155.66,4235.11,1200.89,22.09
35,52,Manager,2025-01,5436.0,Shopping,326.35,4235.11,1200.89,22.09
35,52,Manager,2025-02,5508.32,Rent,1669.4,3963.07,1545.25,28.05
35,52,Manager,2025-02,5508.32,Groceries,621.13,3963.07,1545.25,28.05
35,52,Manager,2025-02,5508.32,Transport,461.5,3963.07,1545.25,28.05
35,52,Manager,2025-02,5508.32,Entertainment,314.68,3963.07,1545.25,28.05
35,52,Manager,2025-02,5508.32,Utilities,258.84,3963.07,1545.25,28.05
35,52,Manager,2025-02,5508.32,Healthcare,236.56,3963.07,1545.25,28.05
35,52,Manager,2025-02,5508.32,Education,226.26,3963.07,1545.25,28.05
35,52,Manager,2025-02,5508.32,Shopping,174.69,3963.07,1545.25,28.05
35,52,Manager,2025-03,5356.68,Rent,1526.43,3667.09,1689.59,31.54
35,52,Manager,2025-03,5356.68,Groceries,614.05,3667.09,1689.59,31.54
35,52,Manager,2025-03,5356.68,Transport,372.98,3667.09,1689.59,31.54
35,52,Manager,2025-03,5356.68,Entertainment,252.31,3667.09,1689.59,31.54
35,52,Manager,2025-03,5356.68,Utilities,348.01,3667.09,1689.59,31.54
35,52,Manager,2025-03,5356.68,Healthcare,166.01,3667.09,1689.59,31.54
35,52,Manager,2025-03,5356.68,Education,196.36,3667.09,1689.59,31.54
35,52,Manager,2025-03,5356.68,Shopping,190.93,3667.09,1689.59,31.54
35,52,Manager,2025-04,5572.97,Rent,1740.06,4231.67,1341.29,24.07
35,52,Manager,2025-04,5572.97,Groceries,754.22,4231.67,1341.29,24.07
35,52,Manager,2025-04,5572.97,Transport,361.7,4231.67,1341.29,24.07
35,52,Manager,2025-04,5572.97,Entertainment,282.02,4231.67,1341.29,24.07
35,52,Manager,2025-04,5572.97,Utilities,260.33,4231.67,1341.29,24.07
35,52,Manager,2025-04,5572.97,Healthcare,319.34,4231.67,1341.29,24.07
35,52,Manager,2025-04,5572.97,Education,136.01,4231.67,1341.29,24.07
35,52,Manager,2025-04,5572.97,Shopping,378.0,4231.67,1341.29,24.07
35,52,Manager,2025-05,5426.46,Rent,1557.99,4084.9,1341.56,24.72
35,52,Manager,2025-05,5426.46,Groceries,738.03,4084.9,1341.56,24.72
35,52,Manager,2025-05,5426.46,Transport,454.74,4084.9,1341.56,24.72
35,52,Manager,2025-05,5426.46,Entertainment,354.26,4084.9,1341.56,24.72
35,52,Manager,2025-05,5426.46,Utilities,296.7,4084.9,1341.56,24.72
35,52,Manager,2025-05,5426.46,Healthcare,191.65,4084.9,1341.56,24.72
35,52,Manager,2025-05,5426.46,Education,60.26,4084.9,1341.56,24.72
35,52,Manager,2025-05,5426.46,Shopping,431.28,4084.9,1341.56,24.72
35,52,Manager,2025-06,5341.49,Rent,1572.72,4192.65,1148.84,21.51
35,52,Manager,2025-06,5341.49,Groceries,786.27,4192.65,1148.84,21.51
35,52,Manager,2025-06,5341.49,Transport,279.85,4192.65,1148.84,21.51
35,52,Manager,2025-06,5341.49,Entertainment,387.3,4192.65,1148.84,21.51
35,52,Manager,2025-06,5341.49,Utilities,373.52,4192.65,1148.84,21.51
35,52,Manager,2025-06,5341.49,Healthcare,296.33,4192.65,1148.84,21.51
35,52,Manager,2025-06,5341.49,Education,216.45,4192.65,1148.84,21.51
35,52,Manager,2025-06,5341.49,Shopping,280.21,4192.65,1148.84,21.51
35,52,Manager,2025-07,5087.08,Rent,1645.59,4047.72,1039.36,20.43
35,52,Manager,2025-07,5087.08,Groceries,586.18,4047.72,1039.36,20.43
35,52,Manager,2025-07,5087.08,Transport,299.13,4047.72,1039.36,20.43
35,52,Manager,2025-07,5087.08,Entertainment,352.67,4047.72,1039.36,20.43
35,52,Manager,2025-07,5087.08,Utilities,251.18,4047.72,1039.36,20.43
35,52,Manager,2025-07,5087.08,Healthcare,287.82,4047.72,1039.36,20.43
35,52,Manager,2025-07,5087.08,Education,213.82,4047.72,1039.36,20.43
35,52,Manager,2025-07,5087.08,Shopping,411.33,4047.72,1039.36,20.43
35,52,Manager,2025-08,5451.63,Rent,1843.13,4249.82,1201.8,22.04
35,52,Manager,2025-08,5451.63,Groceries,764.79,4249.82,1201.8,22.04
35,52,Manager,2025-08,5451.63,Transport,436.81,4249.82,1201.8,22.04
35,52,Manager,2025-08,5451.63,Entertainment,244.18,4249.82,1201.8,22.04
35,52,Manager,2025-08,5451.63,Utilities,363.33,4249.82,1201.8,22.04
35,52,Manager,2025-08,5451.63,Healthcare,292.34,4249.82,1201.8,22.04
35,52,Manager,2025-08,5451.63,Education,128.9,4249.82,1201.8,22.04
35,52,Manager,2025-08,5451.63,Shopping,176.33,4249.82,1201.8,22.04
35,52,Manager,2025-09,5361.87,Rent,1367.6,3808.13,1553.73,28.98
35,52,Manager,2025-09,5361.87,Groceries,784.52,3808.13,1553.73,28.98
35,52,Manager,2025-09,5361.87,Transport,525.9,3808.13,1553.73,28.98
35,52,Manager,2025-09,5361.87,Entertainment,211.66,3808.13,1553.73,28.98
35,52,Manager,2025-09,5361.87,Utilities,323.28,3808.13,1553.73,28.98
35,52,Manager,2025-09,5361.87,Healthcare,127.03,3808.13,1553.73,28.98
35,52,Manager,2025-09,5361.87,Education,195.58,3808.13,1553.73,28.98
35,52,Manager,2025-09,5361.87,Shopping,272.58,3808.13,1553.73,28.98
35,52,Manager,2025-10,5390.55,Rent,1548.64,3714.08,1676.47,31.1
35,52,Manager,2025-10,5390.55,Groceries,578.29,3714.08,1676.47,31.1
35,52,Manager,2025-10,5390.55,Transport,378.99,3714.08,1676.47,31.1
35,52,Manager,2025-10,5390.55,Entertainment,192.09,3714.08,1676.47,31.1
35,52,Manager,2025-10,5390.55,Utilities,308.91,3714.08,1676.47,31.1
35,52,Manager,2025-10,5390.55,Healthcare,116.64,3714.08,1676.47,31.1
35,52,Manager,2025-10,5390.55,Education,142.13,3714.08,1676.47,31.1
35,52,Manager,2025-10,5390.55,Shopping,448.4,3714.08,1676.47,31.1
35,52,Manager,2025-11,5496.37,Rent,1859.3,4232.24,1264.13,23.0
35,52,Manager,2025-11,5496.37,Groceries,803.03,4232.24,1264.13,23.0
35,52,Manager,2025-11,5496.37,Transport,303.54,4232.24,1264.13,23.0
35,52,Manager,2025-11,5496.37,Entertainment,200.27,4232.24,1264.13,23.0
35,52,Manager,2025-11,5496.37,Utilities,311.7,4232.24,1264.13,23.0
35,52,Manager,2025-11,5496.37,Healthcare,306.47,4232.24,1264.13,23.0
35,52,Manager,2025-11,5496.37,Education,267.77,4232.24,1264.13,23.0
35,52,Manager,2025-11,5496.37,Shopping,180.15,4232.24,1264.13,23.0
35,52,Manager,2025-12,5171.06,Rent,1402.85,3615.44,1555.62,30.08
35,52,Manager,2025-12,5171.06,Groceries,712.56,3615.44,1555.62,30.08
35,52,Manager,2025-12,5171.06,Transport,424.08,3615.44,1555.62,30.08
35,52,Manager,2025-12,5171.06,Entertainment,186.13,3615.44,1555.62,30.08
35,52,Manager,2025-12,5171.06,Utilities,281.85,3615.44,1555.62,30.08
35,52,Manager,2025-12,5171.06,Healthcare,245.2,3615.44,1555.62,30.08
35,52,Manager,2025-12,5171.06,Education,201.41,3615.44,1555.62,30.08
35,52,Manager,2025-12,5171.06,Shopping,161.35,3615.44,1555.62,30.08
36,43,Doctor,2024-01,6324.7,Rent,2094.68,4873.51,1451.18,22.94
36,43,Doctor,2024-01,6324.7,Groceries,887.97,4873.51,1451.18,22.94
36,43,Doctor,2024-01,6324.7,Transport,376.27,4873.51,1451.18,22.94
36,43,Doctor,2024-01,6324.7,Entertainment,224.58,4873.51,1451.18,22.94
36,43,Doctor,2024-01,6324.7,Utilities,389.85,4873.51,1451.18,22.94
36,43,Doctor,2024-01,6324.7,Healthcare,166.07,4873.51,1451.18,22.94
36,43,Doctor,2024-01,6324.7,Education,268.78,4873.51,1451.18,22.94
36,43,Doctor,2024-01,6324.7,Shopping,465.32,4873.51,1451.18,22.94
36,43,Doctor,2024-02,6543.53,Rent,1831.54,4729.28,1814.25,27.73
36,43,Doctor,2024-02,6543.53,Groceries,757.94,4729.28,1814.25,27.73
36,43,Doctor,2024-02,6543.53,Transport,546.78,4729.28,1814.25,27.73
36,43,Doctor,2024-02,6543.53,Entertainment,206.59,4729.28,1814.25,27.73
36,43,Doctor,2024-02,6543.53,Utilities,404.36,4729.28,1814.25,27.73
36,43,Doctor,2024-02,6543.53,Healthcare,349.63,4729.28,1814.25,27.73
36,43,Doctor,2024-02,6543.53,Education,135.83,4729.28,1814.25,27.73
36,43,Doctor,2024-02,6543.53,Shopping,496.61,4729.28,1814.25,27.73
36,43,Doctor,2024-03,6007.8,Rent,1695.56,4538.4,1469.4,24.46
36,43,Doctor,2024-03,6007.8,Groceries,893.45,4538.4,1469.4,24.46
36,43,Doctor,2024-03,6007.8,Transport,596.67,4538.4,1469.4,24.46
36,43,Doctor,2024-03,6007.8,Entertainment,334.22,4538.4,1469.4,24.46
36,43,Doctor,2024-03,6007.8,Utilities,408.7,4538.4,1469.4,24.46
36,43,Doctor,2024-03,6007.8,Healthcare,245.77,4538.4,1469.4,24.46
36,43,Doctor,2024-03,6007.8,Education,87.59,4538.4,1469.4,24.46
36,43,Doctor,2024-03,6007.8,Shopping,276.44,4538.4,1469.4,24.46
36,43,Doctor,2024-04,6613.93,Rent,1767.54,4646.76,1967.17,29.74
36,43,Doctor,2024-04,6613.93,Groceries,853.08,4646.76,1967.17,29.74
36,43,Doctor,2024-04,6613.93,Transport,514.41,4646.76,1967.17,29.74
36,43,Doctor,2024-04,6613.93,Entertainment,443.01,4646.76,1967.17,29.74
36,43,Doctor,2024-04,6613.93,Utilities,363.62,4646.76,1967.17,29.74
36,43,Doctor,2024-04,6613.93,Healthcare,204.31,4646.76,1967.17,29.74
36,43,Doctor,2024-04,6613.93,Education,56.02,4646.76,1967.17,29.74
36,43,Doctor,2024-04,6613.93,Shopping,444.78,4646.76,1967.17,29.74
36,43,Doctor,2024-05,6444.9,Rent,1978.28,4907.14,1537.76,23.86
36,43,Doctor,2024-05,6444.9,Groceries,882.42,4907.14,1537.76,23.86
36,43,Doctor,2024-05,6444.9,Transport,367.85,4907.14,1537.76,23.86
36,43,Doctor,2024-05,6444.9,Entertainment,477.72,4907.14,1537.76,23.86
36,43,Doctor,2024-05,6444.9,Utilities,370.4,4907.14,1537.76,23.86
36,43,Doctor,2024-05,6444.9,Healthcare,161.6,4907.14,1537.76,23.86
36,43,Doctor,2024-05,6444.9,Education,148.85,4907.14,1537.76,23.86
36,43,Doctor,2024-05,6444.9,Shopping,520.02,4907.14,1537.76,23.86
36,43,Doctor,2024-06,6588.28,Rent,1821.43,4569.06,2019.23,30.65
36,43,Doctor,2024-06,6588.28,Groceries,893.13,4569.06,2019.23,30.65
36,43,Doctor,2024-06,6588.28,Transport,362.35,4569.06,2019.23,30.65
36,43,Doctor,2024-06,6588.28,Entertainment,208.7,4569.06,2019.23,30.65
36,43,Doctor,2024-06,6588.28,Utilities,374.29,4569.06,2019.23,30.65
36,43,Doctor,2024-06,6588.28,Healthcare,314.87,4569.06,2019.23,30.65
36,43,Doctor,2024-06,6588.28,Education,262.14,4569.06,2019.23,30.65
36,43,Doctor,2024-06,6588.28,Shopping,332.13,4569.06,2019.23,30.65
36,43,Doctor,2024-07,5872.84,Rent,1749.82,3796.12,2076.72,35.36
36,43,Doctor,2024-07,5872.84,Groceries,591.94,3796.12,2076.72,35.36
36,43,Doctor,2024-07,5872.84,Transport,320.65,3796.12,2076.72,35.36
36,43,Doctor,2024-07,5872.84,Entertainment,272.11,3796.12,2076.72,35.36
36,43,Doctor,2024-07,5872.84,Utilities,311.94,3796.12,2076.72,35.36
36,43,Doctor,2024-07,5872.84,Healthcare,183.11,3796.12,2076.72,35.36
36,43,Doctor,2024-07,5872.84,Education,170.86,3796.12,2076.72,35.36
36,43,Doctor,2024-07,5872.84,Shopping,195.69,3796.12,2076.72,35.36
36,43,Doctor,2024-08,5983.69,Rent,1911.94,4129.81,1853.88,30.98
36,43,Doctor,2024-08,5983.69,Groceries,640.9,4129.81,1853.88,30.98
36,43,Doctor,2024-08,5983.69,Transport,490.6,4129.81,1853.88,30.98
36,43,Doctor,2024-08,5983.69,Entertainment,195.87,4129.81,1853.88,30.98
36,43,Doctor,2024-08,5983.69,Utilities,312.48,4129.81,1853.88,30.98
36,43,Doctor,2024-08,5983.69,Healthcare,162.14,4129.81,1853.88,30.98
36,43,Doctor,2024-08,5983.69,Education,32.8,4129.81,1853.88,30.98
36,43,Doctor,2024-08,5983.69,Shopping,383.09,4129.81,1853.88,30.98
36,43,Doctor,2024-09,6612.99,Rent,1689.48,4678.94,1934.05,29.25
36,43,Doctor,2024-09,6612.99,Groceries,800.69,4678.94,1934.05,29.25
36,43,Doctor,2024-09,6612.99,Transport,564.6,4678.94,1934.05,29.25
36,43,Doctor,2024-09,6612.99,Entertainment,351.38,4678.94,1934.05,29.25
36,43,Doctor,2024-09,6612.99,Utilities,424.52,4678.94,1934.05,29.25
36,43,Doctor,2024-09,6612.99,Healthcare,179.78,4678.94,1934.05,29.25
36,43,Doctor,2024-09,6612.99,Education,317.29,4678.94,1934.05,29.25
36,43,Doctor,2024-09,6612.99,Shopping,351.21,4678.94,1934.05,29.25
36,43,Doctor,2024-10,6141.86,Rent,2072.63,4688.93,1452.93,23.66
36,43,Doctor,2024-10,6141.86,Groceries,787.35,4688.93,1452.93,23.66
36,43,Doctor,2024-10,6141.86,Transport,465.69,4688.93,1452.93,23.66
36,43,Doctor,2024-10,6141.86,Entertainment,407.51,4688.93,1452.93,23.66
36,43,Doctor,2024-10,6141.86,Utilities,352.51,4688.93,1452.93,23.66
36,43,Doctor,2024-10,6141.86,Healthcare,162.76,4688.93,1452.93,23.66
36,43,Doctor,2024-10,6141.86,Education,207.04,4688.93,1452.93,23.66
36,43,Doctor,2024-10,6141.86,Shopping,233.44,4688.93,1452.93,23.66
36,43,Doctor,2024-11,6514.65,Rent,2273.44,4774.26,1740.39,26.72
36,43,Doctor,2024-11,6514.65,Groceries,774.39,4774.26,1740.39,26.72
36,43,Doctor,2024-11,6514.65,Transport,470.6,4774.26,1740.39,26.72
36,43,Doctor,2024-11,6514.65,Entertainment,210.56,4774.26,1740.39,26.72
36,43,Doctor,2024-11,6514.65,Utilities,263.27,4774.26,1740.39,26.72
36,43,Doctor,2024-11,6514.65,Healthcare,370.4,4774.26,1740.39,26.72
36,43,Doctor,2024-11,6514.65,Education,41.9,4774.26,1740.39,26.72
36,43,Doctor,2024-11,6514.65,Shopping,369.69,4774.26,1740.39,26.72
36,43,Doctor,2024-12,6522.28,Rent,2210.61,5077.15,1445.13,22.16
36,43,Doctor,2024-12,6522.28,Groceries,821.61,5077.15,1445.13,22.16
36,43,Doctor,2024-12,6522.28,Transport,510.38,5077.15,1445.13,22.16
36,43,Doctor,2024-12,6522.28,Entertainment,414.06,5077.15,1445.13,22.16
36,43,Doctor,2024-12,6522.28,Utilities,449.0,5077.15,1445.13,22.16
36,43,Doctor,2024-12,6522.28,Healthcare,287.68,5077.15,1445.13,22.16
36,43,Doctor,2024-12,6522.28,Education,182.45,5077.15,1445.13,22.16
36,43,Doctor,2024-12,6522.28,Shopping,201.36,5077.15,1445.13,22.16
36,43,Doctor,2025-01,5932.6,Rent,1825.56,5014.51,918.09,15.48
36,43,Doctor,2025-01,5932.6,Groceries,870.98,5014.51,918.09,15.48
36,43,Doctor,2025-01,5932.6,Transport,553.72,5014.51,918.09,15.48
36,43,Doctor,2025-01,5932.6,Entertainment,469.44,5014.51,918.09,15.48
36,43,Doctor,2025-01,5932.6,Utilities,331.25,5014.51,918.09,15.48
36,43,Doctor,2025-01,5932.6,Healthcare,305.63,5014.51,918.09,15.48
36,43,Doctor,2025-01,5932.6,Education,249.29,5014.51,918.09,15.48
36,43,Doctor,2025-01,5932.6,Shopping,408.65,5014.51,918.09,15.48
36,43,Doctor,2025-02,6139.59,Rent,1823.45,4815.82,1323.78,21.56
36,43,Doctor,2025-02,6139.59,Groceries,877.32,4815.82,1323.78,21.56
36,43,Doctor,2025-02,6139.59,Transport,398.63,4815.82,1323.78,21.56
36,43,Doctor,2025-02,6139.59,Entertainment,467.76,4815.82,1323.78,21.56
36,43,Doctor,2025-02,6139.59,Utilities,287.91,4815.82,1323.78,21.56
36,43,Doctor,2025-02,6139.59,Healthcare,306.86,4815.82,1323.78,21.56
36,43,Doctor,2025-02,6139.59,Education,193.57,4815.82,1323.78,21.56
36,43,Doctor,2025-02,6139.59,Shopping,460.32,4815.82,1323.78,21.56
36,43,Doctor,2025-03,6218.76,Rent,2134.68,4867.43,1351.33,21.73
36,43,Doctor,2025-03,6218.76,Groceries,818.54,4867.43,1351.33,21.73
36,43,Doctor,2025-03,6218.76,Transport,400.58,4867.43,1351.33,21.73
36,43,Doctor,2025-03,6218.76,Entertainment,385.08,4867.43,1351.33,21.73
36,43,Doctor,2025-03,6218.76,Utilities,302.26,4867.43,1351.33,21.73
36,43,Doctor,2025-03,6218.76,Healthcare,197.42,4867.43,1351.33,21.73
36,43,Doctor,2025-03,6218.76,Education,124.25,4867.43,1351.33,21.73
36,43,Doctor,2025-03,6218.76,Shopping,504.63,4867.43,1351.33,21.73
36,43,Doctor,2025-04,6269.31,Rent,1992.95,4657.16,1612.15,25.71
36,43,Doctor,2025-04,6269.31,Groceries,749.8,4657.16,1612.15,25.71
36,43,Doctor,2025-04,6269.31,Transport,396.1,4657.16,1612.15,25.71
36,43,Doctor,2025-04,6269.31,Entertainment,487.33,4657.16,1612.15,25.71
36,43,Doctor,2025-04,6269.31,Utilities,364.29,4657.16,1612.15,25.71
36,43,Doctor,2025-04,6269.31,Healthcare,359.6,4657.16,1612.15,25.71
36,43,Doctor,2025-04,6269.31,Education,63.76,4657.16,1612.15,25.71
36,43,Doctor,2025-04,6269.31,Shopping,243.33,4657.16,1612.15,25.71
36,43,Doctor,2025-05,6554.77,Rent,2085.02,4785.97,1768.8,26.98
36,43,Doctor,2025-05,6554.77,Groceries,716.63,4785.97,1768.8,26.98
36,43,Doctor,2025-05,6554.77,Transport,416.02,4785.97,1768.8,26.98
36,43,Doctor,2025-05,6554.77,Entertainment,459.05,4785.97,1768.8,26.98
36,43,Doctor,2025-05,6554.77,Utilities,351.44,4785.97,1768.8,26.98
36,43,Doctor,2025-05,6554.77,Healthcare,306.9,4785.97,1768.8,26.98
36,43,Doctor,2025-05,6554.77,Education,104.34,4785.97,1768.8,26.98
36,43,Doctor,2025-05,6554.77,Shopping,346.58,4785.97,1768.8,26.98
36,43,Doctor,2025-06,6663.08,Rent,1830.76,4750.48,1912.6,28.7
36,43,Doctor,2025-06,6663.08,Groceries,835.04,4750.48,1912.6,28.7
36,43,Doctor,2025-06,6663.08,Transport,614.47,4750.48,1912.6,28.7
36,43,Doctor,2025-06,6663.08,Entertainment,279.59,4750.48,1912.6,28.7
36,43,Doctor,2025-06,6663.08,Utilities,349.52,4750.48,1912.6,28.7
36,43,Doctor,2025-06,6663.08,Healthcare,297.2,4750.48,1912.6,28.7
36,43,Doctor,2025-06,6663.08,Education,160.31,4750.48,1912.6,28.7
36,43,Doctor,2025-06,6663.08,Shopping,383.59,4750.48,1912.6,28.7
36,43,Doctor,2025-07,6158.67,Rent,1900.96,4761.22,1397.45,22.69
36,43,Doctor,2025-07,6158.67,Groceries,808.13,4761.22,1397.45,22.69
36,43,Doctor,2025-07,6158.67,Transport,509.1,4761.22,1397.45,22.69
36,43,Doctor,2025-07,6158.67,Entertainment,206.43,4761.22,1397.45,22.69
36,43,Doctor,2025-07,6158.67,Utilities,362.94,4761.22,1397.45,22.69
36,43,Doctor,2025-07,6158.67,Healthcare,358.0,4761.22,1397.45,22.69
36,43,Doctor,2025-07,6158.67,Education,166.59,4761.22,1397.45,22.69
36,43,Doctor,2025-07,6158.67,Shopping,449.07,4761.22,1397.45,22.69
36,43,Doctor,2025-08,6314.62,Rent,2118.39,4837.51,1477.11,23.39
36,43,Doctor,2025-08,6314.62,Groceries,924.96,4837.51,1477.11,23.39
36,43,Doctor,2025-08,6314.62,Transport,373.89,4837.51,1477.11,23.39
36,43,Doctor,2025-08,6314.62,Entertainment,327.37,4837.51,1477.11,23.39
36,43,Doctor,2025-08,6314.62,Utilities,326.92,4837.51,1477.11,23.39
36,43,Doctor,2025-08,6314.62,Healthcare,228.64,4837.51,1477.11,23.39
36,43,Doctor,2025-08,6314.62,Education,39.63,4837.51,1477.11,23.39
36,43,Doctor,2025-08,6314.62,Shopping,497.7,4837.51,1477.11,23.39
36,43,Doctor,2025-09,5896.32,Rent,1785.54,4365.24,1531.07,25.97
36,43,Doctor,2025-09,5896.32,Groceries,784.76,4365.24,1531.07,25.97
36,43,Doctor,2025-09,5896.32,Transport,355.98,4365.24,1531.07,25.97
36,43,Doctor,2025-09,5896.32,Entertainment,443.95,4365.24,1531.07,25.97
36,43,Doctor,2025-09,5896.32,Utilities,384.18,4365.24,1531.07,25.97
36,43,Doctor,2025-09,5896.32,Healthcare,229.03,4365.24,1531.07,25.97
36,43,Doctor,2025-09,5896.32,Education,121.21,4365.24,1531.07,25.97
36,43,Doctor,2025-09,5896.32,Shopping,260.58,4365.24,1531.07,25.97
36,43,Doctor,2025-10,6453.74,Rent,1698.46,4522.78,1930.96,29.92
36,43,Doctor,2025-10,6453.74,Groceries,864.88,4522.78,1930.96,29.92
36,43,Doctor,2025-10,6453.74,Transport,594.54,4522.78,1930.96,29.92
36,43,Doctor,2025-10,6453.74,Entertainment,267.34,4522.78,1930.96,29.92
36,43,Doctor,2025-10,6453.74,Utilities,425.9,4522.78,1930.96,29.92
36,43,Doctor,2025-10,6453.74,Healthcare,137.68,4522.78,1930.96,29.92
36,43,Doctor,2025-10,6453.74,Education,294.54,4522.78,1930.96,29.92
36,43,Doctor,2025-10,6453.74,Shopping,239.44,4522.78,1930.96,29.92
36,43,Doctor,2025-11,6386.1,Rent,1756.23,4717.06,1669.04,26.14
36,43,Doctor,2025-11,6386.1,Groceries,905.73,4717.06,1669.04,26.14
36,43,Doctor,2025-11,6386.1,Transport,482.89,4717.06,1669.04,26.14
36,43,Doctor,2025-11,6386.1,Entertainment,234.77,4717.06,1669.04,26.14
36,43,Doctor,2025-11,6386.1,Utilities,364.84,4717.06,1669.04,26.14
36,43,Doctor,2025-11,6386.1,Healthcare,231.91,4717.06,1669.04,26.14
36,43,Doctor,2025-11,6386.1,Education,211.2,4717.06,1669.04,26.14
36,43,Doctor,2025-11,6386.1,Shopping,529.5,4717.06,1669.04,26.14
36,43,Doctor,2025-12,6196.31,Rent,1728.7,4323.14,1873.17,30.23
36,43,Doctor,2025-12,6196.31,Groceries,624.13,4323.14,1873.17,30.23
36,43,Doctor,2025-12,6196.31,Transport,487.91,4323.14,1873.17,30.23
36,43,Doctor,2025-12,6196.31,Entertainment,310.52,4323.14,1873.17,30.23
36,43,Doctor,2025-12,6196.31,Utilities,317.5,4323.14,1873.17,30.23
36,43,Doctor,2025-12,6196.31,Healthcare,169.27,4323.14,1873.17,30.23
36,43,Doctor,2025-12,6196.31,Education,133.24,4323.14,1873.17,30.23
36,43,Doctor,2025-12,6196.31,Shopping,551.88,4323.14,1873.17,30.23
37,28,Engineer,2024-01,5431.45,Rent,1536.43,3770.46,1660.99,30.58
37,28,Engineer,2024-01,5431.45,Groceries,709.04,3770.46,1660.99,30.58
37,28,Engineer,2024-01,5431.45,Transport,508.18,3770.46,1660.99,30.58
37,28,Engineer,2024-01,5431.45,Entertainment,167.14,3770.46,1660.99,30.58
37,28,Engineer,2024-01,5431.45,Utilities,288.26,3770.46,1660.99,30.58
37,28,Engineer,2024-01,5431.45,Healthcare,157.35,3770.46,1660.99,30.58
37,28,Engineer,2024-01,5431.45,Education,105.54,3770.46,1660.99,30.58
37,28,Engineer,2024-01,5431.45,Shopping,298.51,3770.46,1660.99,30.58
37,28,Engineer,2024-02,5429.77,Rent,1408.39,3917.0,1512.77,27.86
37,28,Engineer,2024-02,5429.77,Groceries,682.14,3917.0,1512.77,27.86
37,28,Engineer,2024-02,5429.77,Transport,424.66,3917.0,1512.77,27.86
37,28,Engineer,2024-02,5429.77,Entertainment,297.05,3917.0,1512.77,27.86
37,28,Engineer,2024-02,5429.77,Utilities,336.41,3917.0,1512.77,27.86
37,28,Engineer,2024-02,5429.77,Healthcare,191.95,3917.0,1512.77,27.86
37,28,Engineer,2024-02,5429.77,Education,256.55,3917.0,1512.77,27.86
37,28,Engineer,2024-02,5429.77,Shopping,319.86,3917.0,1512.77,27.86
37,28,Engineer,2024-03,5311.49,Rent,1766.35,4137.09,1174.39,22.11
37,28,Engineer,2024-03,5311.49,Groceries,604.24,4137.09,1174.39,22.11
37,28,Engineer,2024-03,5311.49,Transport,285.55,4137.09,1174.39,22.11
37,28,Engineer,2024-03,5311.49,Entertainment,347.31,4137.09,1174.39,22.11
37,28,Engineer,2024-03,5311.49,Utilities,289.42,4137.09,1174.39,22.11
37,28,Engineer,2024-03,5311.49,Healthcare,296.7,4137.09,1174.39,22.11
37,28,Engineer,2024-03,5311.49,Education,260.97,4137.09,1174.39,22.11
37,28,Engineer,2024-03,5311.49,Shopping,286.54,4137.09,1174.39,22.11
37,28,Engineer,2024-04,5206.47,Rent,1514.02,3661.3,1545.18,29.68
37,28,Engineer,2024-04,5206.47,Groceries,605.14,3661.3,1545.18,29.68
37,28,Engineer,2024-04,5206.47,Transport,463.82,3661.3,1545.18,29.68
37,28,Engineer,2024-04,5206.47,Entertainment,353.78,3661.3,1545.18,29.68
37,28,Engineer,2024-04,5206.47,Utilities,283.02,3661.3,1545.18,29.68
37,28,Engineer,2024-04,5206.47,Healthcare,113.43,3661.3,1545.18,29.68
37,28,Engineer,2024-04,5206.47,Education,80.59,3661.3,1545.18,29.68
37,28,Engineer,2024-04,5206.47,Shopping,247.51,3661.3,1545.18,29.68
37,28,Engineer,2024-05,5473.2,Rent,1416.23,4137.01,1336.18,24.41
37,28,Engineer,2024-05,5473.2,Groceries,767.8,4137.01,1336.18,24.41
37,28,Engineer,2024-05,5473.2,Transport,456.79,4137.01,1336.18,24.41
37,28,Engineer,2024-05,5473.2,Entertainment,364.64,4137.01,1336.18,24.41
37,28,Engineer,2024-05,5473.2,Utilities,289.9,4137.01,1336.18,24.41
37,28,Engineer,2024-05,5473.2,Healthcare,258.27,4137.01,1336.18,24.41
37,28,Engineer,2024-05,5473.2,Education,166.67,4137.01,1336.18,24.41
37,28,Engineer,2024-05,5473.2,Shopping,416.72,4137.01,1336.18,24.41
37,28,Engineer,2024-06,5227.59,Rent,1554.07,3617.42,1610.18,30.8
37,28,Engineer,2024-06,5227.59,Groceries,690.98,3617.42,1610.18,30.8
37,28,Engineer,2024-06,5227.59,Transport,289.63,3617.42,1610.18,30.8
37,28,Engineer,2024-06,5227.59,Entertainment,270.85,3617.42,1610.18,30.8
37,28,Engineer,2024-06,5227.59,Utilities,361.53,3617.42,1610.18,30.8
37,28,Engineer,2024-06,5227.59,Healthcare,112.4,3617.42,1610.18,30.8
37,28,Engineer,2024-06,5227.59,Education,82.6,3617.42,1610.18,30.8
37,28,Engineer,2024-06,5227.59,Shopping,255.35,3617.42,1610.18,30.8
37,28,Engineer,2024-07,5353.45,Rent,1395.0,3519.52,1833.93,34.26
37,28,Engineer,2024-07,5353.45,Groceries,703.59,3519.52,1833.93,34.26
37,28,Engineer,2024-07,5353.45,Transport,293.11,3519.52,1833.93,34.26
37,28,Engineer,2024-07,5353.45,Entertainment,186.02,3519.52,1833.93,34.26
37,28,Engineer,2024-07,5353.45,Utilities,331.09,3519.52,1833.93,34.26
37,28,Engineer,2024-07,5353.45,Healthcare,176.48,3519.52,1833.93,34.26
37,28,Engineer,2024-07,5353.45,Education,261.63,3519.52,1833.93,34.26
37,28,Engineer,2024-07,5353.45,Shopping,172.6,3519.52,1833.93,34.26
37,28,Engineer,2024-08,5226.47,Rent,1365.75,3722.18,1504.29,28.78
37,28,Engineer,2024-08,5226.47,Groceries,614.47,3722.18,1504.29,28.78
37,28,Engineer,2024-08,5226.47,Transport,522.18,3722.18,1504.29,28.78
37,28,Engineer,2024-08,5226.47,Entertainment,389.07,3722.18,1504.29,28.78
37,28,Engineer,2024-08,5226.47,Utilities,216.64,3722.18,1504.29,28.78
37,28,Engineer,2024-08,5226.47,Healthcare,222.28,3722.18,1504.29,28.78
37,28,Engineer,2024-08,5226.47,Education,169.29,3722.18,1504.29,28.78
37,28,Engineer,2024-08,5226.47,Shopping,222.5,3722.18,1504.29,28.78
37,28,Engineer,2024-09,5024.23,Rent,1710.44,3994.29,1029.94,20.5
37,28,Engineer,2024-09,5024.23,Groceries,745.8,3994.29,1029.94,20.5
37,28,Engineer,2024-09,5024.23,Transport,500.39,3994.29,1029.94,20.5
37,28,Engineer,2024-09,5024.23,Entertainment,349.12,3994.29,1029.94,20.5
37,28,Engineer,2024-09,5024.23,Utilities,300.98,3994.29,1029.94,20.5
37,28,Engineer,2024-09,5024.23,Healthcare,169.97,3994.29,1029.94,20.5
37,28,Engineer,2024-09,5024.23,Education,43.06,3994.29,1029.94,20.5
37,28,Engineer,2024-09,5024.23,Shopping,174.54,3994.29,1029.94,20.5
37,28,Engineer,2024-10,5393.79,Rent,1771.71,4544.74,849.05,15.74
37,28,Engineer,2024-10,5393.79,Groceries,762.26,4544.74,849.05,15.74
37,28,Engineer,2024-10,5393.79,Transport,516.12,4544.74,849.05,15.74
37,28,Engineer,2024-10,5393.79,Entertainment,399.12,4544.74,849.05,15.74
37,28,Engineer,2024-10,5393.79,Utilities,377.52,4544.74,849.05,15.74
37,28,Engineer,2024-10,5393.79,Healthcare,160.53,4544.74,849.05,15.74
37,28,Engineer,2024-10,5393.79,Education,205.86,4544.74,849.05,15.74
37,28,Engineer,2024-10,5393.79,Shopping,351.61,4544.74,849.05,15.74
37,28,Engineer,2024-11,5102.52,Rent,1776.65,3961.93,1140.59,22.35
37,28,Engineer,2024-11,5102.52,Groceries,739.33,3961.93,1140.59,22.35
37,28,Engineer,2024-11,5102.52,Transport,287.91,3961.93,1140.59,22.35
37,28,Engineer,2024-11,5102.52,Entertainment,159.75,3961.93,1140.59,22.35
37,28,Engineer,2024-11,5102.52,Utilities,309.47,3961.93,1140.59,22.35
37,28,Engineer,2024-11,5102.52,Healthcare,225.35,3961.93,1140.59,22.35
37,28,Engineer,2024-11,5102.52,Education,238.75,3961.93,1140.59,22.35
37,28,Engineer,2024-11,5102.52,Shopping,224.72,3961.93,1140.59,22.35
37,28,Engineer,2024-12,4983.3,Rent,1375.0,3182.08,1801.22,36.15
37,28,Engineer,2024-12,4983.3,Groceries,503.05,3182.08,1801.22,36.15
37,28,Engineer,2024-12,4983.3,Transport,258.11,3182.08,1801.22,36.15
37,28,Engineer,2024-12,4983.3,Entertainment,377.45,3182.08,1801.22,36.15
37,28,Engineer,2024-12,4983.3,Utilities,251.96,3182.08,1801.22,36.15
37,28,Engineer,2024-12,4983.3,Healthcare,181.55,3182.08,1801.22,36.15
37,28,Engineer,2024-12,4983.3,Education,4.58,3182.08,1801.22,36.15
37,28,Engineer,2024-12,4983.3,Shopping,230.38,3182.08,1801.22,36.15
37,28,Engineer,2025-01,5468.91,Rent,1703.83,4070.52,1398.39,25.57
37,28,Engineer,2025-01,5468.91,Groceries,753.01,4070.52,1398.39,25.57
37,28,Engineer,2025-01,5468.91,Transport,395.73,4070.52,1398.39,25.57
37,28,Engineer,2025-01,5468.91,Entertainment,248.76,4070.52,1398.39,25.57
37,28,Engineer,2025-01,5468.91,Utilities,297.97,4070.52,1398.39,25.57
37,28,Engineer,2025-01,5468.91,Healthcare,180.05,4070.52,1398.39,25.57
37,28,Engineer,2025-01,5468.91,Education,229.41,4070.52,1398.39,25.57
37,28,Engineer,2025-01,5468.91,Shopping,261.74,4070.52,1398.39,25.57
37,28,Engineer,2025-02,5371.18,Rent,1416.37,4008.61,1362.57,25.37
37,28,Engineer,2025-02,5371.18,Groceries,721.58,4008.61,1362.57,25.37
37,28,Engineer,2025-02,5371.18,Transport,513.83,4008.61,1362.57,25.37
37,28,Engineer,2025-02,5371.18,Entertainment,324.58,4008.61,1362.57,25.37
37,28,Engineer,2025-02,5371.18,Utilities,305.06,4008.61,1362.57,25.37
37,28,Engineer,2025-02,5371.18,Healthcare,313.92,4008.61,1362.57,25.37
37,28,Engineer,2025-02,5371.18,Education,168.49,4008.61,1362.57,25.37
37,28,Engineer,2025-02,5371.18,Shopping,244.78,4008.61,1362.57,25.37
37,28,Engineer,2025-03,5123.52,Rent,1642.25,3676.3,1447.22,28.25
37,28,Engineer,2025-03,5123.52,Groceries,700.75,3676.3,1447.22,28.25
37,28,Engineer,2025-03,5123.52,Transport,333.92,3676.3,1447.22,28.25
37,28,Engineer,2025-03,5123.52,Entertainment,242.17,3676.3,1447.22,28.25
37,28,Engineer,2025-03,5123.52,Utilities,357.27,3676.3,1447.22,28.25
37,28,Engineer,2025-03,5123.52,Healthcare,123.36,3676.3,1447.22,28.25
37,28,Engineer,2025-03,5123.52,Education,103.66,3676.3,1447.22,28.25
37,28,Engineer,2025-03,5123.52,Shopping,172.9,3676.3,1447.22,28.25
37,28,Engineer,2025-04,5479.93,Rent,1420.59,3785.78,1694.15,30.92
37,28,Engineer,2025-04,5479.93,Groceries,732.67,3785.78,1694.15,30.92
37,28,Engineer,2025-04,5479.93,Transport,289.47,3785.78,1694.15,30.92
37,28,Engineer,2025-04,5479.93,Entertainment,348.76,3785.78,1694.15,30.92
37,28,Engineer,2025-04,5479.93,Utilities,357.79,3785.78,1694.15,30.92
37,28,Engineer,2025-04,5479.93,Healthcare,197.02,3785.78,1694.15,30.92
37,28,Engineer,2025-04,5479.93,Education,143.06,3785.78,1694.15,30.92
37,28,Engineer,2025-04,5479.93,Shopping,296.42,3785.78,1694.15,30.92
37,28,Engineer,2025-05,5128.98,Rent,1694.24,3785.5,1343.48,26.19
37,28,Engineer,2025-05,5128.98,Groceries,582.65,3785.5,1343.48,26.19
37,28,Engineer,2025-05,5128.98,Transport,441.85,3785.5,1343.48,26.19
37,28,Engineer,2025-05,5128.98,Entertainment,206.75,3785.5,1343.48,26.19
37,28,Engineer,2025-05,5128.98,Utilities,243.6,3785.5,1343.48,26.19
37,28,Engineer,2025-05,5128.98,Healthcare,171.61,3785.5,1343.48,26.19
37,28,Engineer,2025-05,5128.98,Education,151.09,3785.5,1343.48,26.19
37,28,Engineer,2025-05,5128.98,Shopping,293.71,3785.5,1343.48,26.19
37,28,Engineer,2025-06,5428.74,Rent,1473.13,3879.19,1549.55,28.54
37,28,Engineer,2025-06,5428.74,Groceries,545.77,3879.19,1549.55,28.54
37,28,Engineer,2025-06,5428.74,Transport,482.22,3879.19,1549.55,28.54
37,28,Engineer,2025-06,5428.74,Entertainment,385.89,3879.19,1549.55,28.54
37,28,Engineer,2025-06,5428.74,Utilities,226.84,3879.19,1549.55,28.54
37,28,Engineer,2025-06,5428.74,Healthcare,241.23,3879.19,1549.55,28.54
37,28,Engineer,2025-06,5428.74,Education,102.66,3879.19,1549.55,28.54
37,28,Engineer,2025-06,5428.74,Shopping,421.45,3879.19,1549.55,28.54
37,28,Engineer,2025-07,5515.89,Rent,1848.38,4387.88,1128.01,20.45
37,28,Engineer,2025-07,5515.89,Groceries,765.94,4387.88,1128.01,20.45
37,28,Engineer,2025-07,5515.89,Transport,350.0,4387.88,1128.01,20.45
37,28,Engineer,2025-07,5515.89,Entertainment,389.39,4387.88,1128.01,20.45
37,28,Engineer,2025-07,5515.89,Utilities,308.91,4387.88,1128.01,20.45
37,28,Engineer,2025-07,5515.89,Healthcare,121.96,4387.88,1128.01,20.45
37,28,Engineer,2025-07,5515.89,Education,126.02,4387.88,1128.01,20.45
37,28,Engineer,2025-07,5515.89,Shopping,477.29,4387.88,1128.01,20.45
37,28,Engineer,2025-08,5524.95,Rent,1437.74,3826.58,1698.37,30.74
37,28,Engineer,2025-08,5524.95,Groceries,758.06,3826.58,1698.37,30.74
37,28,Engineer,2025-08,5524.95,Transport,498.85,3826.58,1698.37,30.74
37,28,Engineer,2025-08,5524.95,Entertainment,240.72,3826.58,1698.37,30.74
37,28,Engineer,2025-08,5524.95,Utilities,299.17,3826.58,1698.37,30.74
37,28,Engineer,2025-08,5524.95,Healthcare,267.63,3826.58,1698.37,30.74
37,28,Engineer,2025-08,5524.95,Education,121.28,3826.58,1698.37,30.74
37,28,Engineer,2025-08,5524.95,Shopping,203.14,3826.58,1698.37,30.74
37,28,Engineer,2025-09,5402.27,Rent,1843.06,4319.64,1082.64,20.04
37,28,Engineer,2025-09,5402.27,Groceries,716.47,4319.64,1082.64,20.04
37,28,Engineer,2025-09,5402.27,Transport,479.13,4319.64,1082.64,20.04
37,28,Engineer,2025-09,5402.27,Entertainment,258.87,4319.64,1082.64,20.04
37,28,Engineer,2025-09,5402.27,Utilities,245.78,4319.64,1082.64,20.04
37,28,Engineer,2025-09,5402.27,Healthcare,246.94,4319.64,1082.64,20.04
37,28,Engineer,2025-09,5402.27,Education,88.54,4319.64,1082.64,20.04
37,28,Engineer,2025-09,5402.27,Shopping,440.85,4319.64,1082.64,20.04
37,28,Engineer,2025-10,5009.08,Rent,1469.39,3512.04,1497.04,29.89
37,28,Engineer,2025-10,5009.08,Groceries,600.27,3512.04,1497.04,29.89
37,28,Engineer,2025-10,5009.08,Transport,485.39,3512.04,1497.04,29.89
37,28,Engineer,2025-10,5009.08,Entertainment,188.63,3512.04,1497.04,29.89
37,28,Engineer,2025-10,5009.08,Utilities,201.84,3512.04,1497.04,29.89
37,28,Engineer,2025-10,5009.08,Healthcare,147.89,3512.04,1497.04,29.89
37,28,Engineer,2025-10,5009.08,Education,205.44,3512.04,1497.04,29.89
37,28,Engineer,2025-10,5009.08,Shopping,213.18,3512.04,1497.04,29.89
37,28,Engineer,2025-11,5088.79,Rent,1338.3,3500.86,1587.93,31.2
37,28,Engineer,2025-11,5088.79,Groceries,690.91,3500.86,1587.93,31.2
37,28,Engineer,2025-11,5088.79,Transport,272.04,3500.86,1587.93,31.2
37,28,Engineer,2025-11,5088.79,Entertainment,236.94,3500.86,1587.93,31.2
37,28,Engineer,2025-11,5088.79,Utilities,246.68,3500.86,1587.93,31.2
37,28,Engineer,2025-11,5088.79,Healthcare,214.78,3500.86,1587.93,31.2
37,28,Engineer,2025-11,5088.79,Education,185.85,3500.86,1587.93,31.2
37,28,Engineer,2025-11,5088.79,Shopping,315.37,3500.86,1587.93,31.2
37,28,Engineer,2025-12,5554.05,Rent,1916.95,4472.22,1081.83,19.48
37,28,Engineer,2025-12,5554.05,Groceries,655.78,4472.22,1081.83,19.48
37,28,Engineer,2025-12,5554.05,Transport,493.67,4472.22,1081.83,19.48
37,28,Engineer,2025-12,5554.05,Entertainment,371.79,4472.22,1081.83,19.48
37,28,Engineer,2025-12,5554.05,Utilities,370.95,4472.22,1081.83,19.48
37,28,Engineer,2025-12,5554.05,Healthcare,210.6,4472.22,1081.83,19.48
37,28,Engineer,2025-12,5554.05,Education,147.31,4472.22,1081.83,19.48
37,28,Engineer,2025-12,5554.05,Shopping,305.18,4472.22,1081.83,19.48
38,31,Student,2024-01,1418.12,Rent,388.52,977.42,440.7,31.08
38,31,Student,2024-01,1418.12,Groceries,168.23,977.42,440.7,31.08
38,31,Student,2024-01,1418.12,Transport,87.24,977.42,440.7,31.08
38,31,Student,2024-01,1418.12,Entertainment,82.32,977.42,440.7,31.08
38,31,Student,2024-01,1418.12,Utilities,62.45,977.42,440.7,31.08
38,31,Student,2024-01,1418.12,Healthcare,46.52,977.42,440.7,31.08
38,31,Student,2024-01,1418.12,Education,64.77,977.42,440.7,31.08
38,31,Student,2024-01,1418.12,Shopping,77.36,977.42,440.7,31.08
38,31,Student,2024-02,1515.68,Rent,396.12,1175.07,340.62,22.47
38,31,Student,2024-02,1515.68,Groceries,170.33,1175.07,340.62,22.47
38,31,Student,2024-02,1515.68,Transport,136.97,1175.07,340.62,22.47
38,31,Student,2024-02,1515.68,Entertainment,103.29,1175.07,340.62,22.47
38,31,Student,2024-02,1515.68,Utilities,78.19,1175.07,340.62,22.47
38,31,Student,2024-02,1515.68,Healthcare,88.18,1175.07,340.62,22.47
38,31,Student,2024-02,1515.68,Education,69.01,1175.07,340.62,22.47
38,31,Student,2024-02,1515.68,Shopping,132.98,1175.07,340.62,22.47
38,31,Student,2024-03,1455.42,Rent,392.59,989.54,465.87,32.01
38,31,Student,2024-03,1455.42,Groceries,191.14,989.54,465.87,32.01
38,31,Student,2024-03,1455.42,Transport,122.6,989.54,465.87,32.01
38,31,Student,2024-03,1455.42,Entertainment,52.79,989.54,465.87,32.01
38,31,Student,2024-03,1455.42,Utilities,92.56,989.54,465.87,32.01
38,31,Student,2024-03,1455.42,Healthcare,30.16,989.54,465.87,32.01
38,31,Student,2024-03,1455.42,Education,35.13,989.54,465.87,32.01
38,31,Student,2024-03,1455.42,Shopping,72.57,989.54,465.87,32.01
38,31,Student,2024-04,1514.19,Rent,425.91,1165.75,348.44,23.01
38,31,Student,2024-04,1514.19,Groceries,214.02,1165.75,348.44,23.01
38,31,Student,2024-04,1514.19,Transport,120.75,1165.75,348.44,23.01
38,31,Student,2024-04,1514.19,Entertainment,105.53,1165.75,348.44,23.01
38,31,Student,2024-04,1514.19,Utilities,105.51,1165.75,348.44,23.01
38,31,Student,2024-04,1514.19,Healthcare,71.42,1165.75,348.44,23.01
38,31,Student,2024-04,1514.19,Education,74.57,1165.75,348.44,23.01
38,31,Student,2024-04,1514.19,Shopping,48.05,1165.75,348.44,23.01
38,31,Student,2024-05,1438.53,Rent,375.15,981.54,456.98,31.77
38,31,Student,2024-05,1438.53,Groceries,162.72,981.54,456.98,31.77
38,31,Student,2024-05,1438.53,Transport,132.26,981.54,456.98,31.77
38,31,Student,2024-05,1438.53,Entertainment,45.48,981.54,456.98,31.77
38,31,Student,2024-05,1438.53,Utilities,79.99,981.54,456.98,31.77
38,31,Student,2024-05,1438.53,Healthcare,61.4,981.54,456.98,31.77
38,31,Student,2024-05,1438.53,Education,40.36,981.54,456.98,31.77
38,31,Student,2024-05,1438.53,Shopping,84.18,981.54,456.98,31.77
38,31,Student,2024-06,1523.65,Rent,401.26,1076.15,447.5,29.37
38,31,Student,2024-06,1523.65,Groceries,176.03,1076.15,447.5,29.37
38,31,Student,2024-06,1523.65,Transport,123.09,1076.15,447.5,29.37
38,31,Student,2024-06,1523.65,Entertainment,98.35,1076.15,447.5,29.37
38,31,Student,2024-06,1523.65,Utilities,79.42,1076.15,447.5,29.37
38,31,Student,2024-06,1523.65,Healthcare,83.82,1076.15,447.5,29.37
38,31,Student,2024-06,1523.65,Education,31.65,1076.15,447.5,29.37
38,31,Student,2024-06,1523.65,Shopping,82.53,1076.15,447.5,29.37
38,31,Student,2024-07,1381.72,Rent,421.58,997.64,384.08,27.8
38,31,Student,2024-07,1381.72,Groceries,187.13,997.64,384.08,27.8
38,31,Student,2024-07,1381.72,Transport,76.99,997.64,384.08,27.8
38,31,Student,2024-07,1381.72,Entertainment,62.55,997.64,384.08,27.8
38,31,Student,2024-07,1381.72,Utilities,87.65,997.64,384.08,27.8
38,31,Student,2024-07,1381.72,Healthcare,47.86,997.64,384.08,27.8
38,31,Student,2024-07,1381.72,Education,16.69,997.64,384.08,27.8
38,31,Student,2024-07,1381.72,Shopping,97.18,997.64,384.08,27.8
38,31,Student,2024-08,1411.92,Rent,479.44,1093.56,318.37,22.55
38,31,Student,2024-08,1411.92,Groceries,148.65,1093.56,318.37,22.55
38,31,Student,2024-08,1411.92,Transport,120.48,1093.56,318.37,22.55
38,31,Student,2024-08,1411.92,Entertainment,77.62,1093.56,318.37,22.55
38,31,Student,2024-08,1411.92,Utilities,93.33,1093.56,318.37,22.55
38,31,Student,2024-08,1411.92,Healthcare,35.37,1093.56,318.37,22.55
38,31,Student,2024-08,1411.92,Education,47.86,1093.56,318.37,22.55
38,31,Student,2024-08,1411.92,Shopping,90.82,1093.56,318.37,22.55
38,31,Student,2024-09,1465.23,Rent,438.31,1104.95,360.28,24.59
38,31,Student,2024-09,1465.23,Groceries,199.42,1104.95,360.28,24.59
38,31,Student,2024-09,1465.23,Transport,141.96,1104.95,360.28,24.59
38,31,Student,2024-09,1465.23,Entertainment,50.64,1104.95,360.28,24.59
38,31,Student,2024-09,1465.23,Utilities,59.47,1104.95,360.28,24.59
38,31,Student,2024-09,1465.23,Healthcare,76.53,1104.95,360.28,24.59
38,31,Student,2024-09,1465.23,Education,7.92,1104.95,360.28,24.59
38,31,Student,2024-09,1465.23,Shopping,130.7,1104.95,360.28,24.59
38,31,Student,2024-10,1491.43,Rent,469.93,1080.62,410.81,27.54
38,31,Student,2024-10,1491.43,Groceries,163.97,1080.62,410.81,27.54
38,31,Student,2024-10,1491.43,Transport,92.49,1080.62,410.81,27.54
38,31,Student,2024-10,1491.43,Entertainment,93.91,1080.62,410.81,27.54
38,31,Student,2024-10,1491.43,Utilities,100.36,1080.62,410.81,27.54
38,31,Student,2024-10,1491.43,Healthcare,88.44,1080.62,410.81,27.54
38,31,Student,2024-10,1491.43,Education,14.77,1080.62,410.81,27.54
38,31,Student,2024-10,1491.43,Shopping,56.74,1080.62,410.81,27.54
38,31,Student,2024-11,1385.52,Rent,466.68,999.18,386.34,27.88
38,31,Student,2024-11,1385.52,Groceries,158.97,999.18,386.34,27.88
38,31,Student,2024-11,1385.52,Transport,69.4,999.18,386.34,27.88
38,31,Student,2024-11,1385.52,Entertainment,57.07,999.18,386.34,27.88
38,31,Student,2024-11,1385.52,Utilities,69.57,999.18,386.34,27.88
38,31,Student,2024-11,1385.52,Healthcare,82.63,999.18,386.34,27.88
38,31,Student,2024-11,1385.52,Education,36.27,999.18,386.34,27.88
38,31,Student,2024-11,1385.52,Shopping,58.58,999.18,386.34,27.88
38,31,Student,2024-12,1437.9,Rent,406.97,965.37,472.53,32.86
38,31,Student,2024-12,1437.9,Groceries,145.21,965.37,472.53,32.86
38,31,Student,2024-12,1437.9,Transport,81.61,965.37,472.53,32.86
38,31,Student,2024-12,1437.9,Entertainment,93.12,965.37,472.53,32.86
38,31,Student,2024-12,1437.9,Utilities,62.7,965.37,472.53,32.86
38,31,Student,2024-12,1437.9,Healthcare,42.03,965.37,472.53,32.86
38,31,Student,2024-12,1437.9,Education,25.22,965.37,472.53,32.86
38,31,Student,2024-12,1437.9,Shopping,108.51,965.37,472.53,32.86
38,31,Student,2025-01,1484.48,Rent,473.4,1114.12,370.36,24.95
38,31,Student,2025-01,1484.48,Groceries,190.53,1114.12,370.36,24.95
38,31,Student,2025-01,1484.48,Transport,124.96,1114.12,370.36,24.95
38,31,Student,2025-01,1484.48,Entertainment,44.75,1114.12,370.36,24.95
38,31,Student,2025-01,1484.48,Utilities,100.84,1114.12,370.36,24.95
38,31,Student,2025-01,1484.48,Healthcare,36.28,1114.12,370.36,24.95
38,31,Student,2025-01,1484.48,Education,30.15,1114.12,370.36,24.95
38,31,Student,2025-01,1484.48,Shopping,113.21,1114.12,370.36,24.95
38,31,Student,2025-02,1456.79,Rent,502.13,1278.55,178.24,12.24
38,31,Student,2025-02,1456.79,Groceries,179.74,1278.55,178.24,12.24
38,31,Student,2025-02,1456.79,Transport,136.57,1278.55,178.24,12.24
38,31,Student,2025-02,1456.79,Entertainment,102.76,1278.55,178.24,12.24
38,31,Student,2025-02,1456.79,Utilities,101.14,1278.55,178.24,12.24
38,31,Student,2025-02,1456.79,Healthcare,83.13,1278.55,178.24,12.24
38,31,Student,2025-02,1456.79,Education,65.42,1278.55,178.24,12.24
38,31,Student,2025-02,1456.79,Shopping,107.65,1278.55,178.24,12.24
38,31,Student,2025-03,1443.95,Rent,376.31,1059.07,384.89,26.66
38,31,Student,2025-03,1443.95,Groceries,194.11,1059.07,384.89,26.66
38,31,Student,2025-03,1443.95,Transport,142.85,1059.07,384.89,26.66
38,31,Student,2025-03,1443.95,Entertainment,95.78,1059.07,384.89,26.66
38,31,Student,2025-03,1443.95,Utilities,97.99,1059.07,384.89,26.66
38,31,Student,2025-03,1443.95,Healthcare,75.33,1059.07,384.89,26.66
38,31,Student,2025-03,1443.95,Education,11.78,1059.07,384.89,26.66
38,31,Student,2025-03,1443.95,Shopping,64.91,1059.07,384.89,26.66
38,31,Student,2025-04,1439.23,Rent,384.02,1026.03,413.19,28.71
38,31,Student,2025-04,1439.23,Groceries,185.78,1026.03,413.19,28.71
38,31,Student,2025-04,1439.23,Transport,142.16,1026.03,413.19,28.71
38,31,Student,2025-04,1439.23,Entertainment,97.97,1026.03,413.19,28.71
38,31,Student,2025-04,1439.23,Utilities,75.85,1026.03,413.19,28.71
38,31,Student,2025-04,1439.23,Healthcare,29.04,1026.03,413.19,28.71
38,31,Student,2025-04,1439.23,Education,22.54,1026.03,413.19,28.71
38,31,Student,2025-04,1439.23,Shopping,88.66,1026.03,413.19,28.71
38,31,Student,2025-05,1435.91,Rent,374.92,913.72,522.19,36.37
38,31,Student,2025-05,1435.91,Groceries,175.38,913.72,522.19,36.37
38,31,Student,2025-05,1435.91,Transport,89.98,913.72,522.19,36.37
38,31,Student,2025-05,1435.91,Entertainment,108.36,913.72,522.19,36.37
38,31,Student,2025-05,1435.91,Utilities,61.82,913.72,522.19,36.37
38,31,Student,2025-05,1435.91,Healthcare,31.54,913.72,522.19,36.37
38,31,Student,2025-05,1435.91,Education,0.38,913.72,522.19,36.37
38,31,Student,2025-05,1435.91,Shopping,71.34,913.72,522.19,36.37
38,31,Student,2025-06,1499.15,Rent,484.29,1134.2,364.95,24.34
38,31,Student,2025-06,1499.15,Groceries,183.89,1134.2,364.95,24.34
38,31,Student,2025-06,1499.15,Transport,126.25,1134.2,364.95,24.34
38,31,Student,2025-06,1499.15,Entertainment,71.95,1134.2,364.95,24.34
38,31,Student,2025-06,1499.15,Utilities,90.0,1134.2,364.95,24.34
38,31,Student,2025-06,1499.15,Healthcare,32.42,1134.2,364.95,24.34
38,31,Student,2025-06,1499.15,Education,29.29,1134.2,364.95,24.34
38,31,Student,2025-06,1499.15,Shopping,116.11,1134.2,364.95,24.34
38,31,Student,2025-07,1525.99,Rent,490.78,1068.92,457.06,29.95
38,31,Student,2025-07,1525.99,Groceries,168.18,1068.92,457.06,29.95
38,31,Student,2025-07,1525.99,Transport,95.16,1068.92,457.06,29.95
38,31,Student,2025-07,1525.99,Entertainment,121.78,1068.92,457.06,29.95
38,31,Student,2025-07,1525.99,Utilities,65.77,1068.92,457.06,29.95
38,31,Student,2025-07,1525.99,Healthcare,41.55,1068.92,457.06,29.95
38,31,Student,2025-07,1525.99,Education,9.92,1068.92,457.06,29.95
38,31,Student,2025-07,1525.99,Shopping,75.78,1068.92,457.06,29.95
38,31,Student,2025-08,1414.45,Rent,424.01,1036.64,377.81,26.71
38,31,Student,2025-08,1414.45,Groceries,175.11,1036.64,377.81,26.71
38,31,Student,2025-08,1414.45,Transport,134.48,1036.64,377.81,26.71
38,31,Student,2025-08,1414.45,Entertainment,44.89,1036.64,377.81,26.71
38,31,Student,2025-08,1414.45,Utilities,70.15,1036.64,377.81,26.71
38,31,Student,2025-08,1414.45,Healthcare,62.05,1036.64,377.81,26.71
38,31,Student,2025-08,1414.45,Education,42.77,1036.64,377.81,26.71
38,31,Student,2025-08,1414.45,Shopping,83.18,1036.64,377.81,26.71
38,31,Student,2025-09,1528.37,Rent,391.68,1010.57,517.8,33.88
38,31,Student,2025-09,1528.37,Groceries,215.16,1010.57,517.8,33.88
38,31,Student,2025-09,1528.37,Transport,114.23,1010.57,517.8,33.88
38,31,Student,2025-09,1528.37,Entertainment,56.07,1010.57,517.8,33.88
38,31,Student,2025-09,1528.37,Utilities,101.75,1010.57,517.8,33.88
38,31,Student,2025-09,1528.37,Healthcare,70.26,1010.57,517.8,33.88
38,31,Student,2025-09,1528.37,Education,12.5,1010.57,517.8,33.88
38,31,Student,2025-09,1528.37,Shopping,48.94,1010.57,517.8,33.88
38,31,Student,2025-10,1401.45,Rent,435.68,986.61,414.85,29.6
38,31,Student,2025-10,1401.45,Groceries,152.71,986.61,414.85,29.6
38,31,Student,2025-10,1401.45,Transport,85.89,986.61,414.85,29.6
38,31,Student,2025-10,1401.45,Entertainment,43.81,986.61,414.85,29.6
38,31,Student,2025-10,1401.45,Utilities,86.45,986.61,414.85,29.6
38,31,Student,2025-10,1401.45,Healthcare,73.46,986.61,414.85,29.6
38,31,Student,2025-10,1401.45,Education,55.84,986.61,414.85,29.6
38,31,Student,2025-10,1401.45,Shopping,52.77,986.61,414.85,29.6
38,31,Student,2025-11,1544.86,Rent,490.07,1204.69,340.17,22.02
38,31,Student,2025-11,1544.86,Groceries,223.81,1204.69,340.17,22.02
38,31,Student,2025-11,1544.86,Transport,111.78,1204.69,340.17,22.02
38,31,Student,2025-11,1544.86,Entertainment,80.1,1204.69,340.17,22.02
38,31,Student,2025-11,1544.86,Utilities,98.15,1204.69,340.17,22.02
38,31,Student,2025-11,1544.86,Healthcare,36.66,1204.69,340.17,22.02
38,31,Student,2025-11,1544.86,Education,40.23,1204.69,340.17,22.02
38,31,Student,2025-11,1544.86,Shopping,123.87,1204.69,340.17,22.02
38,31,Student,2025-12,1531.1,Rent,529.17,1096.81,434.29,28.36
38,31,Student,2025-12,1531.1,Groceries,206.57,1096.81,434.29,28.36
38,31,Student,2025-12,1531.1,Transport,92.46,1096.81,434.29,28.36
38,31,Student,2025-12,1531.1,Entertainment,47.49,1096.81,434.29,28.36
38,31,Student,2025-12,1531.1,Utilities,83.27,1096.81,434.29,28.36
38,31,Student,2025-12,1531.1,Healthcare,62.08,1096.81,434.29,28.36
38,31,Student,2025-12,1531.1,Education,18.39,1096.81,434.29,28.36
38,31,Student,2025-12,1531.1,Shopping,57.39,1096.81,434.29,28.36
39,43,Engineer,2024-01,4260.35,Rent,1281.74,3027.48,1232.87,28.94
39,43,Engineer,2024-01,4260.35,Groceries,527.59,3027.48,1232.87,28.94
39,43,Engineer,2024-01,4260.35,Transport,270.68,3027.48,1232.87,28.94
39,43,Engineer,2024-01,4260.35,Entertainment,134.02,3027.48,1232.87,28.94
39,43,Engineer,2024-01,4260.35,Utilities,247.75,3027.48,1232.87,28.94
39,43,Engineer,2024-01,4260.35,Healthcare,152.65,3027.48,1232.87,28.94
39,43,Engineer,2024-01,4260.35,Education,63.62,3027.48,1232.87,28.94
39,43,Engineer,2024-01,4260.35,Shopping,349.42,3027.48,1232.87,28.94
39,43,Engineer,2024-02,4441.38,Rent,1491.31,3324.3,1117.08,25.15
39,43,Engineer,2024-02,4441.38,Groceries,554.06,3324.3,1117.08,25.15
39,43,Engineer,2024-02,4441.38,Transport,251.14,3324.3,1117.08,25.15
39,43,Engineer,2024-02,4441.38,Entertainment,287.85,3324.3,1117.08,25.15
39,43,Engineer,2024-02,4441.38,Utilities,205.11,3324.3,1117.08,25.15
39,43,Engineer,2024-02,4441.38,Healthcare,167.21,3324.3,1117.08,25.15
39,43,Engineer,2024-02,4441.38,Education,14.43,3324.3,1117.08,25.15
39,43,Engineer,2024-02,4441.38,Shopping,353.17,3324.3,1117.08,25.15
39,43,Engineer,2024-03,4099.05,Rent,1394.95,3416.21,682.85,16.66
39,43,Engineer,2024-03,4099.05,Groceries,587.03,3416.21,682.85,16.66
39,43,Engineer,2024-03,4099.05,Transport,300.17,3416.21,682.85,16.66
39,43,Engineer,2024-03,4099.05,Entertainment,275.53,3416.21,682.85,16.66
39,43,Engineer,2024-03,4099.05,Utilities,240.14,3416.21,682.85,16.66
39,43,Engineer,2024-03,4099.05,Healthcare,213.66,3416.21,682.85,16.66
39,43,Engineer,2024-03,4099.05,Education,88.5,3416.21,682.85,16.66
39,43,Engineer,2024-03,4099.05,Shopping,316.24,3416.21,682.85,16.66
39,43,Engineer,2024-04,4284.62,Rent,1474.32,3362.06,922.55,21.53
39,43,Engineer,2024-04,4284.62,Groceries,532.66,3362.06,922.55,21.53
39,43,Engineer,2024-04,4284.62,Transport,313.34,3362.06,922.55,21.53
39,43,Engineer,2024-04,4284.62,Entertainment,296.73,3362.06,922.55,21.53
39,43,Engineer,2024-04,4284.62,Utilities,276.99,3362.06,922.55,21.53
39,43,Engineer,2024-04,4284.62,Healthcare,180.72,3362.06,922.55,21.53
39,43,Engineer,2024-04,4284.62,Education,38.52,3362.06,922.55,21.53
39,43,Engineer,2024-04,4284.62,Shopping,248.79,3362.06,922.55,21.53
39,43,Engineer,2024-05,4563.42,Rent,1484.48,3500.61,1062.82,23.29
39,43,Engineer,2024-05,4563.42,Groceries,641.43,3500.61,1062.82,23.29
39,43,Engineer,2024-05,4563.42,Transport,235.66,3500.61,1062.82,23.29
39,43,Engineer,2024-05,4563.42,Entertainment,243.65,3500.61,1062.82,23.29
39,43,Engineer,2024-05,4563.42,Utilities,271.06,3500.61,1062.82,23.29
39,43,Engineer,2024-05,4563.42,Healthcare,242.78,3500.61,1062.82,23.29
39,43,Engineer,2024-05,4563.42,Education,11.24,3500.61,1062.82,23.29
39,43,Engineer,2024-05,4563.42,Shopping,370.31,3500.61,1062.82,23.29
39,43,Engineer,2024-06,4332.01,Rent,1168.48,2827.57,1504.43,34.73
39,43,Engineer,2024-06,4332.01,Groceries,501.92,2827.57,1504.43,34.73
39,43,Engineer,2024-06,4332.01,Transport,277.67,2827.57,1504.43,34.73
39,43,Engineer,2024-06,4332.01,Entertainment,244.94,2827.57,1504.43,34.73
39,43,Engineer,2024-06,4332.01,Utilities,180.0,2827.57,1504.43,34.73
39,43,Engineer,2024-06,4332.01,Healthcare,114.11,2827.57,1504.43,34.73
39,43,Engineer,2024-06,4332.01,Education,176.03,2827.57,1504.43,34.73
39,43,Engineer,2024-06,4332.01,Shopping,164.43,2827.57,1504.43,34.73
39,43,Engineer,2024-07,4158.31,Rent,1228.1,2974.04,1184.27,28.48
39,43,Engineer,2024-07,4158.31,Groceries,523.35,2974.04,1184.27,28.48
39,43,Engineer,2024-07,4158.31,Transport,366.68,2974.04,1184.27,28.48
39,43,Engineer,2024-07,4158.31,Entertainment,217.76,2974.04,1184.27,28.48
39,43,Engineer,2024-07,4158.31,Utilities,264.87,2974.04,1184.27,28.48
39,43,Engineer,2024-07,4158.31,Healthcare,186.02,2974.04,1184.27,28.48
39,43,Engineer,2024-07,4158.31,Education,23.52,2974.04,1184.27,28.48
39,43,Engineer,2024-07,4158.31,Shopping,163.75,2974.04,1184.27,28.48
39,43,Engineer,2024-08,4270.6,Rent,1237.14,3047.87,1222.73,28.63
39,43,Engineer,2024-08,4270.6,Groceries,585.83,3047.87,1222.73,28.63
39,43,Engineer,2024-08,4270.6,Transport,337.53,3047.87,1222.73,28.63
39,43,Engineer,2024-08,4270.6,Entertainment,211.0,3047.87,1222.73,28.63
39,43,Engineer,2024-08,4270.6,Utilities,192.7,3047.87,1222.73,28.63
39,43,Engineer,2024-08,4270.6,Healthcare,124.16,3047.87,1222.73,28.63
39,43,Engineer,2024-08,4270.6,Education,122.89,3047.87,1222.73,28.63
39,43,Engineer,2024-08,4270.6,Shopping,236.62,3047.87,1222.73,28.63
39,43,Engineer,2024-09,4313.55,Rent,1152.01,3156.95,1156.6,26.81
39,43,Engineer,2024-09,4313.55,Groceries,574.33,3156.95,1156.6,26.81
39,43,Engineer,2024-09,4313.55,Transport,399.55,3156.95,1156.6,26.81
39,43,Engineer,2024-09,4313.55,Entertainment,185.04,3156.95,1156.6,26.81
39,43,Engineer,2024-09,4313.55,Utilities,236.15,3156.95,1156.6,26.81
39,43,Engineer,2024-09,4313.55,Healthcare,254.59,3156.95,1156.6,26.81
39,43,Engineer,2024-09,4313.55,Education,71.87,3156.95,1156.6,26.81
39,43,Engineer,2024-09,4313.55,Shopping,283.41,3156.95,1156.6,26.81
39,43,Engineer,2024-10,4079.34,Rent,1267.05,3170.13,909.21,22.29
39,43,Engineer,2024-10,4079.34,Groceries,426.22,3170.13,909.21,22.29
39,43,Engineer,2024-10,4079.34,Transport,399.62,3170.13,909.21,22.29
39,43,Engineer,2024-10,4079.34,Entertainment,268.35,3170.13,909.21,22.29
39,43,Engineer,2024-10,4079.34,Utilities,259.63,3170.13,909.21,22.29
39,43,Engineer,2024-10,4079.34,Healthcare,196.48,3170.13,909.21,22.29
39,43,Engineer,2024-10,4079.34,Education,120.29,3170.13,909.21,22.29
39,43,Engineer,2024-10,4079.34,Shopping,232.5,3170.13,909.21,22.29
39,43,Engineer,2024-11,4502.93,Rent,1556.59,3428.52,1074.41,23.86
39,43,Engineer,2024-11,4502.93,Groceries,562.65,3428.52,1074.41,23.86
39,43,Engineer,2024-11,4502.93,Transport,434.88,3428.52,1074.41,23.86
39,43,Engineer,2024-11,4502.93,Entertainment,266.42,3428.52,1074.41,23.86
39,43,Engineer,2024-11,4502.93,Utilities,252.85,3428.52,1074.41,23.86
39,43,Engineer,2024-11,4502.93,Healthcare,171.92,3428.52,1074.41,23.86
39,43,Engineer,2024-11,4502.93,Education,47.12,3428.52,1074.41,23.86
39,43,Engineer,2024-11,4502.93,Shopping,136.09,3428.52,1074.41,23.86
39,43,Engineer,2024-12,4162.78,Rent,1252.88,2912.18,1250.6,30.04
39,43,Engineer,2024-12,4162.78,Groceries,495.36,2912.18,1250.6,30.04
39,43,Engineer,2024-12,4162.78,Transport,301.49,2912.18,1250.6,30.04
39,43,Engineer,2024-12,4162.78,Entertainment,328.99,2912.18,1250.6,30.04
39,43,Engineer,2024-12,4162.78,Utilities,210.25,2912.18,1250.6,30.04
39,43,Engineer,2024-12,4162.78,Healthcare,158.55,2912.18,1250.6,30.04
39,43,Engineer,2024-12,4162.78,Education,27.79,2912.18,1250.6,30.04
39,43,Engineer,2024-12,4162.78,Shopping,136.86,2912.18,1250.6,30.04
39,43,Engineer,2025-01,4457.18,Rent,1368.66,3014.47,1442.72,32.37
39,43,Engineer,2025-01,4457.18,Groceries,615.25,3014.47,1442.72,32.37
39,43,Engineer,2025-01,4457.18,Transport,256.26,3014.47,1442.72,32.37
39,43,Engineer,2025-01,4457.18,Entertainment,261.15,3014.47,1442.72,32.37
39,43,Engineer,2025-01,4457.18,Utilities,212.2,3014.47,1442.72,32.37
39,43,Engineer,2025-01,4457.18,Healthcare,129.8,3014.47,1442.72,32.37
39,43,Engineer,2025-01,4457.18,Education,2.57,3014.47,1442.72,32.37
39,43,Engineer,2025-01,4457.18,Shopping,168.57,3014.47,1442.72,32.37
39,43,Engineer,2025-02,4200.14,Rent,1099.13,2887.0,1313.14,31.26
39,43,Engineer,2025-02,4200.14,Groceries,627.05,2887.0,1313.14,31.26
39,43,Engineer,2025-02,4200.14,Transport,274.82,2887.0,1313.14,31.26
39,43,Engineer,2025-02,4200.14,Entertainment,153.37,2887.0,1313.14,31.26
39,43,Engineer,2025-02,4200.14,Utilities,193.09,2887.0,1313.14,31.26
39,43,Engineer,2025-02,4200.14,Healthcare,182.74,2887.0,1313.14,31.26
39,43,Engineer,2025-02,4200.14,Education,13.45,2887.0,1313.14,31.26
39,43,Engineer,2025-02,4200.14,Shopping,343.35,2887.0,1313.14,31.26
39,43,Engineer,2025-03,4559.8,Rent,1252.46,3069.31,1490.48,32.69
39,43,Engineer,2025-03,4559.8,Groceries,558.6,3069.31,1490.48,32.69
39,43,Engineer,2025-03,4559.8,Transport,233.04,3069.31,1490.48,32.69
39,43,Engineer,2025-03,4559.8,Entertainment,282.87,3069.31,1490.48,32.69
39,43,Engineer,2025-03,4559.8,Utilities,239.01,3069.31,1490.48,32.69
39,43,Engineer,2025-03,4559.8,Healthcare,140.45,3069.31,1490.48,32.69
39,43,Engineer,2025-03,4559.8,Education,47.16,3069.31,1490.48,32.69
39,43,Engineer,2025-03,4559.8,Shopping,315.73,3069.31,1490.48,32.69
39,43,Engineer,2025-04,4259.12,Rent,1141.3,3062.89,1196.23,28.09
39,43,Engineer,2025-04,4259.12,Groceries,572.66,3062.89,1196.23,28.09
39,43,Engineer,2025-04,4259.12,Transport,333.29,3062.89,1196.23,28.09
39,43,Engineer,2025-04,4259.12,Entertainment,310.63,3062.89,1196.23,28.09
39,43,Engineer,2025-04,4259.12,Utilities,185.38,3062.89,1196.23,28.09
39,43,Engineer,2025-04,4259.12,Healthcare,219.03,3062.89,1196.23,28.09
39,43,Engineer,2025-04,4259.12,Education,143.43,3062.89,1196.23,28.09
39,43,Engineer,2025-04,4259.12,Shopping,157.16,3062.89,1196.23,28.09
39,43,Engineer,2025-05,4412.75,Rent,1298.03,3418.06,994.69,22.54
39,43,Engineer,2025-05,4412.75,Groceries,649.77,3418.06,994.69,22.54
39,43,Engineer,2025-05,4412.75,Transport,251.88,3418.06,994.69,22.54
39,43,Engineer,2025-05,4412.75,Entertainment,274.22,3418.06,994.69,22.54
39,43,Engineer,2025-05,4412.75,Utilities,227.08,3418.06,994.69,22.54
39,43,Engineer,2025-05,4412.75,Healthcare,257.14,3418.06,994.69,22.54
39,43,Engineer,2025-05,4412.75,Education,72.8,3418.06,994.69,22.54
39,43,Engineer,2025-05,4412.75,Shopping,387.14,3418.06,994.69,22.54
39,43,Engineer,2025-06,4526.71,Rent,1254.07,3165.08,1361.63,30.08
39,43,Engineer,2025-06,4526.71,Groceries,634.54,3165.08,1361.63,30.08
39,43,Engineer,2025-06,4526.71,Transport,451.68,3165.08,1361.63,30.08
39,43,Engineer,2025-06,4526.71,Entertainment,192.99,3165.08,1361.63,30.08
39,43,Engineer,2025-06,4526.71,Utilities,240.38,3165.08,1361.63,30.08
39,43,Engineer,2025-06,4526.71,Healthcare,184.72,3165.08,1361.63,30.08
39,43,Engineer,2025-06,4526.71,Education,66.75,3165.08,1361.63,30.08
39,43,Engineer,2025-06,4526.71,Shopping,139.95,3165.08,1361.63,30.08
39,43,Engineer,2025-07,4150.99,Rent,1154.78,2984.03,1166.96,28.11
39,43,Engineer,2025-07,4150.99,Groceries,507.17,2984.03,1166.96,28.11
39,43,Engineer,2025-07,4150.99,Transport,243.06,2984.03,1166.96,28.11
39,43,Engineer,2025-07,4150.99,Entertainment,305.77,2984.03,1166.96,28.11
39,43,Engineer,2025-07,4150.99,Utilities,253.82,2984.03,1166.96,28.11
39,43,Engineer,2025-07,4150.99,Healthcare,97.17,2984.03,1166.96,28.11
39,43,Engineer,2025-07,4150.99,Education,134.93,2984.03,1166.96,28.11
39,43,Engineer,2025-07,4150.99,Shopping,287.33,2984.03,1166.96,28.11
39,43,Engineer,2025-08,4556.89,Rent,1140.6,3250.66,1306.23,28.67
39,43,Engineer,2025-08,4556.89,Groceries,512.18,3250.66,1306.23,28.67
39,43,Engineer,2025-08,4556.89,Transport,439.24,3250.66,1306.23,28.67
39,43,Engineer,2025-08,4556.89,Entertainment,349.09,3250.66,1306.23,28.67
39,43,Engineer,2025-08,4556.89,Utilities,280.78,3250.66,1306.23,28.67
39,43,Engineer,2025-08,4556.89,Healthcare,230.72,3250.66,1306.23,28.67
39,43,Engineer,2025-08,4556.89,Education,20.84,3250.66,1306.23,28.67
39,43,Engineer,2025-08,4556.89,Shopping,277.21,3250.66,1306.23,28.67
39,43,Engineer,2025-09,4157.31,Rent,1114.66,3130.32,1026.98,24.7
39,43,Engineer,2025-09,4157.31,Groceries,584.16,3130.32,1026.98,24.7
39,43,Engineer,2025-09,4157.31,Transport,235.94,3130.32,1026.98,24.7
39,43,Engineer,2025-09,4157.31,Entertainment,222.14,3130.32,1026.98,24.7
39,43,Engineer,2025-09,4157.31,Utilities,283.35,3130.32,1026.98,24.7
39,43,Engineer,2025-09,4157.31,Healthcare,114.05,3130.32,1026.98,24.7
39,43,Engineer,2025-09,4157.31,Education,203.29,3130.32,1026.98,24.7
39,43,Engineer,2025-09,4157.31,Shopping,372.73,3130.32,1026.98,24.7
39,43,Engineer,2025-10,4335.99,Rent,1157.77,2985.27,1350.72,31.15
39,43,Engineer,2025-10,4335.99,Groceries,502.13,2985.27,1350.72,31.15
39,43,Engineer,2025-10,4335.99,Transport,308.83,2985.27,1350.72,31.15
39,43,Engineer,2025-10,4335.99,Entertainment,197.14,2985.27,1350.72,31.15
39,43,Engineer,2025-10,4335.99,Utilities,209.94,2985.27,1350.72,31.15
39,43,Engineer,2025-10,4335.99,Healthcare,255.34,2985.27,1350.72,31.15
39,43,Engineer,2025-10,4335.99,Education,33.25,2985.27,1350.72,31.15
39,43,Engineer,2025-10,4335.99,Shopping,320.86,2985.27,1350.72,31.15
39,43,Engineer,2025-11,4029.83,Rent,1247.71,3025.21,1004.62,24.93
39,43,Engineer,2025-11,4029.83,Groceries,587.54,3025.21,1004.62,24.93
39,43,Engineer,2025-11,4029.83,Transport,259.51,3025.21,1004.62,24.93
39,43,Engineer,2025-11,4029.83,Entertainment,158.28,3025.21,1004.62,24.93
39,43,Engineer,2025-11,4029.83,Utilities,239.98,3025.21,1004.62,24.93
39,43,Engineer,2025-11,4029.83,Healthcare,195.46,3025.21,1004.62,24.93
39,43,Engineer,2025-11,4029.83,Education,138.63,3025.21,1004.62,24.93
39,43,Engineer,2025-11,4029.83,Shopping,198.1,3025.21,1004.62,24.93
39,43,Engineer,2025-12,4168.68,Rent,1440.66,3297.01,871.67,20.91
39,43,Engineer,2025-12,4168.68,Groceries,609.31,3297.01,871.67,20.91
39,43,Engineer,2025-12,4168.68,Transport,303.75,3297.01,871.67,20.91
39,43,Engineer,2025-12,4168.68,Entertainment,301.44,3297.01,871.67,20.91
39,43,Engineer,2025-12,4168.68,Utilities,223.31,3297.01,871.67,20.91
39,43,Engineer,2025-12,4168.68,Healthcare,154.14,3297.01,871.67,20.91
39,43,Engineer,2025-12,4168.68,Education,32.67,3297.01,871.67,20.91
39,43,Engineer,2025-12,4168.68,Shopping,231.71,3297.01,871.67,20.91
40,29,Teacher,2024-01,2306.07,Rent,756.7,1854.18,451.89,19.6
40,29,Teacher,2024-01,2306.07,Groceries,309.02,1854.18,451.89,19.6
40,29,Teacher,2024-01,2306.07,Transport,188.54,1854.18,451.89,19.6
40,29,Teacher,2024-01,2306.07,Entertainment,174.06,1854.18,451.89,19.6
40,29,Teacher,2024-01,2306.07,Utilities,93.49,1854.18,451.89,19.6
40,29,Teacher,2024-01,2306.07,Healthcare,97.51,1854.18,451.89,19.6
40,29,Teacher,2024-01,2306.07,Education,90.78,1854.18,451.89,19.6
40,29,Teacher,2024-01,2306.07,Shopping,144.08,1854.18,451.89,19.6
40,29,Teacher,2024-02,2270.31,Rent,598.51,1747.58,522.73,23.02
40,29,Teacher,2024-02,2270.31,Groceries,327.78,1747.58,522.73,23.02
40,29,Teacher,2024-02,2270.31,Transport,166.95,1747.58,522.73,23.02
40,29,Teacher,2024-02,2270.31,Entertainment,167.79,1747.58,522.73,23.02
40,29,Teacher,2024-02,2270.31,Utilities,130.71,1747.58,522.73,23.02
40,29,Teacher,2024-02,2270.31,Healthcare,106.63,1747.58,522.73,23.02
40,29,Teacher,2024-02,2270.31,Education,91.3,1747.58,522.73,23.02
40,29,Teacher,2024-02,2270.31,Shopping,157.9,1747.58,522.73,23.02
40,29,Teacher,2024-03,2292.37,Rent,690.84,1679.17,613.2,26.75
40,29,Teacher,2024-03,2292.37,Groceries,321.28,1679.17,613.2,26.75
40,29,Teacher,2024-03,2292.37,Transport,157.45,1679.17,613.2,26.75
40,29,Teacher,2024-03,2292.37,Entertainment,113.26,1679.17,613.2,26.75
40,29,Teacher,2024-03,2292.37,Utilities,98.28,1679.17,613.2,26.75
40,29,Teacher,2024-03,2292.37,Healthcare,129.71,1679.17,613.2,26.75
40,29,Teacher,2024-03,2292.37,Education,10.43,1679.17,613.2,26.75
40,29,Teacher,2024-03,2292.37,Shopping,157.93,1679.17,613.2,26.75
40,29,Teacher,2024-04,2296.88,Rent,667.38,1714.02,582.85,25.38
40,29,Teacher,2024-04,2296.88,Groceries,307.73,1714.02,582.85,25.38
40,29,Teacher,2024-04,2296.88,Transport,122.55,1714.02,582.85,25.38
40,29,Teacher,2024-04,2296.88,Entertainment,137.09,1714.02,582.85,25.38
40,29,Teacher,2024-04,2296.88,Utilities,145.07,1714.02,582.85,25.38
40,29,Teacher,2024-04,2296.88,Healthcare,122.03,1714.02,582.85,25.38
40,29,Teacher,2024-04,2296.88,Education,19.58,1714.02,582.85,25.38
40,29,Teacher,2024-04,2296.88,Shopping,192.58,1714.02,582.85,25.38
40,29,Teacher,2024-05,2369.15,Rent,801.21,1866.27,502.88,21.23
40,29,Teacher,2024-05,2369.15,Groceries,294.4,1866.27,502.88,21.23
40,29,Teacher,2024-05,2369.15,Transport,182.67,1866.27,502.88,21.23
40,29,Teacher,2024-05,2369.15,Entertainment,179.94,1866.27,502.88,21.23
40,29,Teacher,2024-05,2369.15,Utilities,158.73,1866.27,502.88,21.23
40,29,Teacher,2024-05,2369.15,Healthcare,89.85,1866.27,502.88,21.23
40,29,Teacher,2024-05,2369.15,Education,32.51,1866.27,502.88,21.23
40,29,Teacher,2024-05,2369.15,Shopping,126.96,1866.27,502.88,21.23
40,29,Teacher,2024-06,2289.31,Rent,638.0,1503.67,785.64,34.32
40,29,Teacher,2024-06,2289.31,Groceries,259.67,1503.67,785.64,34.32
40,29,Teacher,2024-06,2289.31,Transport,213.03,1503.67,785.64,34.32
40,29,Teacher,2024-06,2289.31,Entertainment,76.68,1503.67,785.64,34.32
40,29,Teacher,2024-06,2289.31,Utilities,138.11,1503.67,785.64,34.32
40,29,Teacher,2024-06,2289.31,Healthcare,61.61,1503.67,785.64,34.32
40,29,Teacher,2024-06,2289.31,Education,39.43,1503.67,785.64,34.32
40,29,Teacher,2024-06,2289.31,Shopping,77.13,1503.67,785.64,34.32
40,29,Teacher,2024-07,2254.27,Rent,736.79,1788.37,465.9,20.67
40,29,Teacher,2024-07,2254.27,Groceries,325.18,1788.37,465.9,20.67
40,29,Teacher,2024-07,2254.27,Transport,137.68,1788.37,465.9,20.67
40,29,Teacher,2024-07,2254.27,Entertainment,119.88,1788.37,465.9,20.67
40,29,Teacher,2024-07,2254.27,Utilities,121.98,1788.37,465.9,20.67
40,29,Teacher,2024-07,2254.27,Healthcare,123.86,1788.37,465.9,20.67
40,29,Teacher,2024-07,2254.27,Education,85.98,1788.37,465.9,20.67
40,29,Teacher,2024-07,2254.27,Shopping,137.02,1788.37,465.9,20.67
40,29,Teacher,2024-08,2373.49,Rent,794.49,1808.58,564.91,23.8
40,29,Teacher,2024-08,2373.49,Groceries,238.48,1808.58,564.91,23.8
40,29,Teacher,2024-08,2373.49,Transport,166.49,1808.58,564.91,23.8
40,29,Teacher,2024-08,2373.49,Entertainment,178.87,1808.58,564.91,23.8
40,29,Teacher,2024-08,2373.49,Utilities,147.65,1808.58,564.91,23.8
40,29,Teacher,2024-08,2373.49,Healthcare,99.01,1808.58,564.91,23.8
40,29,Teacher,2024-08,2373.49,Education,62.86,1808.58,564.91,23.8
40,29,Teacher,2024-08,2373.49,Shopping,120.73,1808.58,564.91,23.8
40,29,Teacher,2024-09,2328.8,Rent,734.83,1792.19,536.61,23.04
40,29,Teacher,2024-09,2328.8,Groceries,281.59,1792.19,536.61,23.04
40,29,Teacher,2024-09,2328.8,Transport,199.6,1792.19,536.61,23.04
40,29,Teacher,2024-09,2328.8,Entertainment,170.15,1792.19,536.61,23.04
40,29,Teacher,2024-09,2328.8,Utilities,103.96,1792.19,536.61,23.04
40,29,Teacher,2024-09,2328.8,Healthcare,88.64,1792.19,536.61,23.04
40,29,Teacher,2024-09,2328.8,Education,47.51,1792.19,536.61,23.04
40,29,Teacher,2024-09,2328.8,Shopping,165.92,1792.19,536.61,23.04
40,29,Teacher,2024-10,2248.29,Rent,706.02,1792.04,456.24,20.29
40,29,Teacher,2024-10,2248.29,Groceries,323.47,1792.04,456.24,20.29
40,29,Teacher,2024-10,2248.29,Transport,159.42,1792.04,456.24,20.29
40,29,Teacher,2024-10,2248.29,Entertainment,169.86,1792.04,456.24,20.29
40,29,Teacher,2024-10,2248.29,Utilities,156.92,1792.04,456.24,20.29
40,29,Teacher,2024-10,2248.29,Healthcare,54.51,1792.04,456.24,20.29
40,29,Teacher,2024-10,2248.29,Education,26.2,1792.04,456.24,20.29
40,29,Teacher,2024-10,2248.29,Shopping,195.65,1792.04,456.24,20.29
40,29,Teacher,2024-11,2459.05,Rent,638.79,1616.88,842.17,34.25
40,29,Teacher,2024-11,2459.05,Groceries,247.75,1616.88,842.17,34.25
40,29,Teacher,2024-11,2459.05,Transport,142.76,1616.88,842.17,34.25
40,29,Teacher,2024-11,2459.05,Entertainment,196.23,1616.88,842.17,34.25
40,29,Teacher,2024-11,2459.05,Utilities,111.64,1616.88,842.17,34.25
40,29,Teacher,2024-11,2459.05,Healthcare,98.61,1616.88,842.17,34.25
40,29,Teacher,2024-11,2459.05,Education,104.31,1616.88,842.17,34.25
40,29,Teacher,2024-11,2459.05,Shopping,76.78,1616.88,842.17,34.25
40,29,Teacher,2024-12,2353.78,Rent,653.65,1635.2,718.58,30.53
40,29,Teacher,2024-12,2353.78,Groceries,336.87,1635.2,718.58,30.53
40,29,Teacher,2024-12,2353.78,Transport,151.05,1635.2,718.58,30.53
40,29,Teacher,2024-12,2353.78,Entertainment,151.44,1635.2,718.58,30.53
40,29,Teacher,2024-12,2353.78,Utilities,141.76,1635.2,718.58,30.53
40,29,Teacher,2024-12,2353.78,Healthcare,67.93,1635.2,718.58,30.53
40,29,Teacher,2024-12,2353.78,Education,4.1,1635.2,718.58,30.53
40,29,Teacher,2024-12,2353.78,Shopping,128.41,1635.2,718.58,30.53
40,29,Teacher,2025-01,2259.99,Rent,747.82,1769.76,490.23,21.69
40,29,Teacher,2025-01,2259.99,Groceries,316.44,1769.76,490.23,21.69
40,29,Teacher,2025-01,2259.99,Transport,164.64,1769.76,490.23,21.69
40,29,Teacher,2025-01,2259.99,Entertainment,136.34,1769.76,490.23,21.69
40,29,Teacher,2025-01,2259.99,Utilities,131.37,1769.76,490.23,21.69
40,29,Teacher,2025-01,2259.99,Healthcare,119.97,1769.76,490.23,21.69
40,29,Teacher,2025-01,2259.99,Education,48.02,1769.76,490.23,21.69
40,29,Teacher,2025-01,2259.99,Shopping,105.15,1769.76,490.23,21.69
40,29,Teacher,2025-02,2252.8,Rent,683.99,1548.48,704.31,31.26
40,29,Teacher,2025-02,2252.8,Groceries,275.87,1548.48,704.31,31.26
40,29,Teacher,2025-02,2252.8,Transport,162.22,1548.48,704.31,31.26
40,29,Teacher,2025-02,2252.8,Entertainment,77.85,1548.48,704.31,31.26
40,29,Teacher,2025-02,2252.8,Utilities,138.68,1548.48,704.31,31.26
40,29,Teacher,2025-02,2252.8,Healthcare,64.32,1548.48,704.31,31.26
40,29,Teacher,2025-02,2252.8,Education,22.18,1548.48,704.31,31.26
40,29,Teacher,2025-02,2252.8,Shopping,123.38,1548.48,704.31,31.26
40,29,Teacher,2025-03,2241.72,Rent,691.31,1633.41,608.3,27.14
40,29,Teacher,2025-03,2241.72,Groceries,265.81,1633.41,608.3,27.14
40,29,Teacher,2025-03,2241.72,Transport,162.4,1633.41,608.3,27.14
40,29,Teacher,2025-03,2241.72,Entertainment,127.46,1633.41,608.3,27.14
40,29,Teacher,2025-03,2241.72,Utilities,103.36,1633.41,608.3,27.14
40,29,Teacher,2025-03,2241.72,Healthcare,58.8,1633.41,608.3,27.14
40,29,Teacher,2025-03,2241.72,Education,98.68,1633.41,608.3,27.14
40,29,Teacher,2025-03,2241.72,Shopping,125.59,1633.41,608.3,27.14
40,29,Teacher,2025-04,2296.55,Rent,582.32,1593.06,703.49,30.63
40,29,Teacher,2025-04,2296.55,Groceries,286.84,1593.06,703.49,30.63
40,29,Teacher,2025-04,2296.55,Transport,178.46,1593.06,703.49,30.63
40,29,Teacher,2025-04,2296.55,Entertainment,133.07,1593.06,703.49,30.63
40,29,Teacher,2025-04,2296.55,Utilities,140.57,1593.06,703.49,30.63
40,29,Teacher,2025-04,2296.55,Healthcare,62.23,1593.06,703.49,30.63
40,29,Teacher,2025-04,2296.55,Education,28.96,1593.06,703.49,30.63
40,29,Teacher,2025-04,2296.55,Shopping,180.61,1593.06,703.49,30.63
40,29,Teacher,2025-05,2455.73,Rent,647.31,1609.04,846.68,34.48
40,29,Teacher,2025-05,2455.73,Groceries,306.68,1609.04,846.68,34.48
40,29,Teacher,2025-05,2455.73,Transport,149.08,1609.04,846.68,34.48
40,29,Teacher,2025-05,2455.73,Entertainment,81.05,1609.04,846.68,34.48
40,29,Teacher,2025-05,2455.73,Utilities,122.21,1609.04,846.68,34.48
40,29,Teacher,2025-05,2455.73,Healthcare,63.23,1609.04,846.68,34.48
40,29,Teacher,2025-05,2455.73,Education,87.17,1609.04,846.68,34.48
40,29,Teacher,2025-05,2455.73,Shopping,152.31,1609.04,846.68,34.48
40,29,Teacher,2025-06,2216.74,Rent,556.23,1451.92,764.82,34.5
40,29,Teacher,2025-06,2216.74,Groceries,311.25,1451.92,764.82,34.5
40,29,Teacher,2025-06,2216.74,Transport,130.37,1451.92,764.82,34.5
40,29,Teacher,2025-06,2216.74,Entertainment,133.69,1451.92,764.82,34.5
40,29,Teacher,2025-06,2216.74,Utilities,111.08,1451.92,764.82,34.5
40,29,Teacher,2025-06,2216.74,Healthcare,96.25,1451.92,764.82,34.5
40,29,Teacher,2025-06,2216.74,Education,34.99,1451.92,764.82,34.5
40,29,Teacher,2025-06,2216.74,Shopping,78.07,1451.92,764.82,34.5
40,29,Teacher,2025-07,2240.28,Rent,602.2,1602.9,637.38,28.45
40,29,Teacher,2025-07,2240.28,Groceries,271.97,1602.9,637.38,28.45
40,29,Teacher,2025-07,2240.28,Transport,185.75,1602.9,637.38,28.45
40,29,Teacher,2025-07,2240.28,Entertainment,96.76,1602.9,637.38,28.45
40,29,Teacher,2025-07,2240.28,Utilities,90.42,1602.9,637.38,28.45
40,29,Teacher,2025-07,2240.28,Healthcare,91.31,1602.9,637.38,28.45
40,29,Teacher,2025-07,2240.28,Education,67.85,1602.9,637.38,28.45
40,29,Teacher,2025-07,2240.28,Shopping,196.63,1602.9,637.38,28.45
40,29,Teacher,2025-08,2349.32,Rent,698.02,1753.01,596.31,25.38
40,29,Teacher,2025-08,2349.32,Groceries,302.29,1753.01,596.31,25.38
40,29,Teacher,2025-08,2349.32,Transport,226.46,1753.01,596.31,25.38
40,29,Teacher,2025-08,2349.32,Entertainment,167.79,1753.01,596.31,25.38
40,29,Teacher,2025-08,2349.32,Utilities,116.74,1753.01,596.31,25.38
40,29,Teacher,2025-08,2349.32,Healthcare,69.28,1753.01,596.31,25.38
40,29,Teacher,2025-08,2349.32,Education,30.85,1753.01,596.31,25.38
40,29,Teacher,2025-08,2349.32,Shopping,141.58,1753.01,596.31,25.38
40,29,Teacher,2025-09,2395.3,Rent,719.36,1820.71,574.59,23.99
40,29,Teacher,2025-09,2395.3,Groceries,247.65,1820.71,574.59,23.99
40,29,Teacher,2025-09,2395.3,Transport,206.42,1820.71,574.59,23.99
40,29,Teacher,2025-09,2395.3,Entertainment,168.39,1820.71,574.59,23.99
40,29,Teacher,2025-09,2395.3,Utilities,116.62,1820.71,574.59,23.99
40,29,Teacher,2025-09,2395.3,Healthcare,111.54,1820.71,574.59,23.99
40,29,Teacher,2025-09,2395.3,Education,51.09,1820.71,574.59,23.99
40,29,Teacher,2025-09,2395.3,Shopping,199.64,1820.71,574.59,23.99
40,29,Teacher,2025-10,2425.4,Rent,733.79,1818.88,606.52,25.01
40,29,Teacher,2025-10,2425.4,Groceries,326.4,1818.88,606.52,25.01
40,29,Teacher,2025-10,2425.4,Transport,228.39,1818.88,606.52,25.01
40,29,Teacher,2025-10,2425.4,Entertainment,132.88,1818.88,606.52,25.01
40,29,Teacher,2025-10,2425.4,Utilities,119.81,1818.88,606.52,25.01
40,29,Teacher,2025-10,2425.4,Healthcare,121.63,1818.88,606.52,25.01
40,29,Teacher,2025-10,2425.4,Education,26.69,1818.88,606.52,25.01
40,29,Teacher,2025-10,2425.4,Shopping,129.3,1818.88,606.52,25.01
40,29,Teacher,2025-11,2431.5,Rent,784.02,1724.0,707.5,29.1
40,29,Teacher,2025-11,2431.5,Groceries,292.24,1724.0,707.5,29.1
40,29,Teacher,2025-11,2431.5,Transport,147.68,1724.0,707.5,29.1
40,29,Teacher,2025-11,2431.5,Entertainment,116.22,1724.0,707.5,29.1
40,29,Teacher,2025-11,2431.5,Utilities,117.98,1724.0,707.5,29.1
40,29,Teacher,2025-11,2431.5,Healthcare,65.76,1724.0,707.5,29.1
40,29,Teacher,2025-11,2431.5,Education,90.37,1724.0,707.5,29.1
40,29,Teacher,2025-11,2431.5,Shopping,109.72,1724.0,707.5,29.1
40,29,Teacher,2025-12,2309.06,Rent,666.36,1645.58,663.48,28.73
40,29,Teacher,2025-12,2309.06,Groceries,344.29,1645.58,663.48,28.73
40,29,Teacher,2025-12,2309.06,Transport,160.61,1645.58,663.48,28.73
40,29,Teacher,2025-12,2309.06,Entertainment,78.51,1645.58,663.48,28.73
40,29,Teacher,2025-12,2309.06,Utilities,98.58,1645.58,663.48,28.73
40,29,Teacher,2025-12,2309.06,Healthcare,100.74,1645.58,663.48,28.73
40,29,Teacher,2025-12,2309.06,Education,69.2,1645.58,663.48,28.73
40,29,Teacher,2025-12,2309.06,Shopping,127.29,1645.58,663.48,28.73
41,36,Student,2024-01,1231.42,Rent,326.27,739.48,491.94,39.95
41,36,Student,2024-01,1231.42,Groceries,129.54,739.48,491.94,39.95
41,36,Student,2024-01,1231.42,Transport,69.18,739.48,491.94,39.95
41,36,Student,2024-01,1231.42,Entertainment,43.16,739.48,491.94,39.95
41,36,Student,2024-01,1231.42,Utilities,71.78,739.48,491.94,39.95
41,36,Student,2024-01,1231.42,Healthcare,34.31,739.48,491.94,39.95
41,36,Student,2024-01,1231.42,Education,15.48,739.48,491.94,39.95
41,36,Student,2024-01,1231.42,Shopping,49.77,739.48,491.94,39.95
41,36,Student,2024-02,1302.84,Rent,437.05,943.72,359.12,27.56
41,36,Student,2024-02,1302.84,Groceries,145.3,943.72,359.12,27.56
41,36,Student,2024-02,1302.84,Transport,86.48,943.72,359.12,27.56
41,36,Student,2024-02,1302.84,Entertainment,52.76,943.72,359.12,27.56
41,36,Student,2024-02,1302.84,Utilities,71.34,943.72,359.12,27.56
41,36,Student,2024-02,1302.84,Healthcare,27.08,943.72,359.12,27.56
41,36,Student,2024-02,1302.84,Education,43.73,943.72,359.12,27.56
41,36,Student,2024-02,1302.84,Shopping,79.98,943.72,359.12,27.56
41,36,Student,2024-03,1293.51,Rent,344.64,866.51,426.99,33.01
41,36,Student,2024-03,1293.51,Groceries,181.36,866.51,426.99,33.01
41,36,Student,2024-03,1293.51,Transport,115.9,866.51,426.99,33.01
41,36,Student,2024-03,1293.51,Entertainment,47.03,866.51,426.99,33.01
41,36,Student,2024-03,1293.51,Utilities,67.21,866.51,426.99,33.01
41,36,Student,2024-03,1293.51,Healthcare,34.67,866.51,426.99,33.01
41,36,Student,2024-03,1293.51,Education,16.47,866.51,426.99,33.01
41,36,Student,2024-03,1293.51,Shopping,59.24,866.51,426.99,33.01
41,36,Student,2024-04,1239.54,Rent,360.88,901.02,338.52,27.31
41,36,Student,2024-04,1239.54,Groceries,182.69,901.02,338.52,27.31
41,36,Student,2024-04,1239.54,Transport,69.81,901.02,338.52,27.31
41,36,Student,2024-04,1239.54,Entertainment,97.53,901.02,338.52,27.31
41,36,Student,2024-04,1239.54,Utilities,58.16,901.02,338.52,27.31
41,36,Student,2024-04,1239.54,Healthcare,63.11,901.02,338.52,27.31
41,36,Student,2024-04,1239.54,Education,21.01,901.02,338.52,27.31
41,36,Student,2024-04,1239.54,Shopping,47.83,901.02,338.52,27.31
41,36,Student,2024-05,1287.08,Rent,361.52,932.34,354.74,27.56
41,36,Student,2024-05,1287.08,Groceries,171.11,932.34,354.74,27.56
41,36,Student,2024-05,1287.08,Transport,100.81,932.34,354.74,27.56
41,36,Student,2024-05,1287.08,Entertainment,68.97,932.34,354.74,27.56
41,36,Student,2024-05,1287.08,Utilities,70.63,932.34,354.74,27.56
41,36,Student,2024-05,1287.08,Healthcare,63.44,932.34,354.74,27.56
41,36,Student,2024-05,1287.08,Education,5.65,932.34,354.74,27.56
41,36,Student,2024-05,1287.08,Shopping,90.21,932.34,354.74,27.56
41,36,Student,2024-06,1293.06,Rent,330.74,828.88,464.18,35.9
41,36,Student,2024-06,1293.06,Groceries,138.4,828.88,464.18,35.9
41,36,Student,2024-06,1293.06,Transport,110.99,828.88,464.18,35.9
41,36,Student,2024-06,1293.06,Entertainment,67.06,828.88,464.18,35.9
41,36,Student,2024-06,1293.06,Utilities,67.38,828.88,464.18,35.9
41,36,Student,2024-06,1293.06,Healthcare,32.95,828.88,464.18,35.9
41,36,Student,2024-06,1293.06,Education,32.76,828.88,464.18,35.9
41,36,Student,2024-06,1293.06,Shopping,48.61,828.88,464.18,35.9
41,36,Student,2024-07,1226.99,Rent,400.44,986.48,240.51,19.6
41,36,Student,2024-07,1226.99,Groceries,138.54,986.48,240.51,19.6
41,36,Student,2024-07,1226.99,Transport,90.85,986.48,240.51,19.6
41,36,Student,2024-07,1226.99,Entertainment,97.67,986.48,240.51,19.6
41,36,Student,2024-07,1226.99,Utilities,74.35,986.48,240.51,19.6
41,36,Student,2024-07,1226.99,Healthcare,65.83,986.48,240.51,19.6
41,36,Student,2024-07,1226.99,Education,25.45,986.48,240.51,19.6
41,36,Student,2024-07,1226.99,Shopping,93.34,986.48,240.51,19.6
41,36,Student,2024-08,1158.25,Rent,303.8,824.72,333.53,28.8
41,36,Student,2024-08,1158.25,Groceries,127.58,824.72,333.53,28.8
41,36,Student,2024-08,1158.25,Transport,81.19,824.72,333.53,28.8
41,36,Student,2024-08,1158.25,Entertainment,83.73,824.72,333.53,28.8
41,36,Student,2024-08,1158.25,Utilities,58.36,824.72,333.53,28.8
41,36,Student,2024-08,1158.25,Healthcare,53.49,824.72,333.53,28.8
41,36,Student,2024-08,1158.25,Education,41.08,824.72,333.53,28.8
41,36,Student,2024-08,1158.25,Shopping,75.48,824.72,333.53,28.8
41,36,Student,2024-09,1208.17,Rent,371.76,866.74,341.43,28.26
41,36,Student,2024-09,1208.17,Groceries,141.49,866.74,341.43,28.26
41,36,Student,2024-09,1208.17,Transport,65.48,866.74,341.43,28.26
41,36,Student,2024-09,1208.17,Entertainment,96.22,866.74,341.43,28.26
41,36,Student,2024-09,1208.17,Utilities,52.94,866.74,341.43,28.26
41,36,Student,2024-09,1208.17,Healthcare,27.66,866.74,341.43,28.26
41,36,Student,2024-09,1208.17,Education,53.07,866.74,341.43,28.26
41,36,Student,2024-09,1208.17,Shopping,58.13,866.74,341.43,28.26
41,36,Student,2024-10,1254.36,Rent,354.86,910.74,343.62,27.39
41,36,Student,2024-10,1254.36,Groceries,149.99,910.74,343.62,27.39
41,36,Student,2024-10,1254.36,Transport,79.16,910.74,343.62,27.39
41,36,Student,2024-10,1254.36,Entertainment,59.15,910.74,343.62,27.39
41,36,Student,2024-10,1254.36,Utilities,65.63,910.74,343.62,27.39
41,36,Student,2024-10,1254.36,Healthcare,61.23,910.74,343.62,27.39
41,36,Student,2024-10,1254.36,Education,32.08,910.74,343.62,27.39
41,36,Student,2024-10,1254.36,Shopping,108.65,910.74,343.62,27.39
41,36,Student,2024-11,1158.46,Rent,347.89,885.08,273.39,23.6
41,36,Student,2024-11,1158.46,Groceries,149.69,885.08,273.39,23.6
41,36,Student,2024-11,1158.46,Transport,111.22,885.08,273.39,23.6
41,36,Student,2024-11,1158.46,Entertainment,37.6,885.08,273.39,23.6
41,36,Student,2024-11,1158.46,Utilities,66.27,885.08,273.39,23.6
41,36,Student,2024-11,1158.46,Healthcare,62.73,885.08,273.39,23.6
41,36,Student,2024-11,1158.46,Education,14.01,885.08,273.39,23.6
41,36,Student,2024-11,1158.46,Shopping,95.66,885.08,273.39,23.6
41,36,Student,2024-12,1154.86,Rent,373.3,875.52,279.34,24.19
41,36,Student,2024-12,1154.86,Groceries,169.37,875.52,279.34,24.19
41,36,Student,2024-12,1154.86,Transport,95.69,875.52,279.34,24.19
41,36,Student,2024-12,1154.86,Entertainment,60.0,875.52,279.34,24.19
41,36,Student,2024-12,1154.86,Utilities,47.75,875.52,279.34,24.19
41,36,Student,2024-12,1154.86,Healthcare,65.6,875.52,279.34,24.19
41,36,Student,2024-12,1154.86,Education,27.16,875.52,279.34,24.19
41,36,Student,2024-12,1154.86,Shopping,36.66,875.52,279.34,24.19
41,36,Student,2025-01,1260.59,Rent,375.89,888.42,372.17,29.52
41,36,Student,2025-01,1260.59,Groceries,133.9,888.42,372.17,29.52
41,36,Student,2025-01,1260.59,Transport,76.54,888.42,372.17,29.52
41,36,Student,2025-01,1260.59,Entertainment,41.88,888.42,372.17,29.52
41,36,Student,2025-01,1260.59,Utilities,72.14,888.42,372.17,29.52
41,36,Student,2025-01,1260.59,Healthcare,56.58,888.42,372.17,29.52
41,36,Student,2025-01,1260.59,Education,31.88,888.42,372.17,29.52
41,36,Student,2025-01,1260.59,Shopping,99.62,888.42,372.17,29.52
41,36,Student,2025-02,1287.58,Rent,401.16,969.97,317.61,24.67
41,36,Student,2025-02,1287.58,Groceries,129.58,969.97,317.61,24.67
41,36,Student,2025-02,1287.58,Transport,109.14,969.97,317.61,24.67
41,36,Student,2025-02,1287.58,Entertainment,65.54,969.97,317.61,24.67
41,36,Student,2025-02,1287.58,Utilities,73.35,969.97,317.61,24.67
41,36,Student,2025-02,1287.58,Healthcare,59.18,969.97,317.61,24.67
41,36,Student,2025-02,1287.58,Education,22.55,969.97,317.61,24.67
41,36,Student,2025-02,1287.58,Shopping,109.48,969.97,317.61,24.67
41,36,Student,2025-03,1172.98,Rent,372.01,805.75,367.22,31.31
41,36,Student,2025-03,1172.98,Groceries,117.55,805.75,367.22,31.31
41,36,Student,2025-03,1172.98,Transport,112.88,805.75,367.22,31.31
41,36,Student,2025-03,1172.98,Entertainment,41.79,805.75,367.22,31.31
41,36,Student,2025-03,1172.98,Utilities,50.26,805.75,367.22,31.31
41,36,Student,2025-03,1172.98,Healthcare,39.08,805.75,367.22,31.31
41,36,Student,2025-03,1172.98,Education,21.91,805.75,367.22,31.31
41,36,Student,2025-03,1172.98,Shopping,50.27,805.75,367.22,31.31
41,36,Student,2025-04,1244.09,Rent,366.13,902.9,341.19,27.42
41,36,Student,2025-04,1244.09,Groceries,126.53,902.9,341.19,27.42
41,36,Student,2025-04,1244.09,Transport,82.09,902.9,341.19,27.42
41,36,Student,2025-04,1244.09,Entertainment,87.74,902.9,341.19,27.42
41,36,Student,2025-04,1244.09,Utilities,75.51,902.9,341.19,27.42
41,36,Student,2025-04,1244.09,Healthcare,60.95,902.9,341.19,27.42
41,36,Student,2025-04,1244.09,Education,43.43,902.9,341.19,27.42
41,36,Student,2025-04,1244.09,Shopping,60.54,902.9,341.19,27.42
41,36,Student,2025-05,1167.57,Rent,323.71,839.79,327.78,28.07
41,36,Student,2025-05,1167.57,Groceries,165.32,839.79,327.78,28.07
41,36,Student,2025-05,1167.57,Transport,115.62,839.79,327.78,28.07
41,36,Student,2025-05,1167.57,Entertainment,63.86,839.79,327.78,28.07
41,36,Student,2025-05,1167.57,Utilities,47.04,839.79,327.78,28.07
41,36,Student,2025-05,1167.57,Healthcare,29.89,839.79,327.78,28.07
41,36,Student,2025-05,1167.57,Education,18.8,839.79,327.78,28.07
41,36,Student,2025-05,1167.57,Shopping,75.56,839.79,327.78,28.07
41,36,Student,2025-06,1163.7,Rent,400.7,970.29,193.41,16.62
41,36,Student,2025-06,1163.7,Groceries,137.61,970.29,193.41,16.62
41,36,Student,2025-06,1163.7,Transport,111.28,970.29,193.41,16.62
41,36,Student,2025-06,1163.7,Entertainment,80.33,970.29,193.41,16.62
41,36,Student,2025-06,1163.7,Utilities,72.92,970.29,193.41,16.62
41,36,Student,2025-06,1163.7,Healthcare,51.52,970.29,193.41,16.62
41,36,Student,2025-06,1163.7,Education,36.47,970.29,193.41,16.62
41,36,Student,2025-06,1163.7,Shopping,79.46,970.29,193.41,16.62
41,36,Student,2025-07,1250.96,Rent,382.01,960.89,290.07,23.19
41,36,Student,2025-07,1250.96,Groceries,186.79,960.89,290.07,23.19
41,36,Student,2025-07,1250.96,Transport,108.35,960.89,290.07,23.19
41,36,Student,2025-07,1250.96,Entertainment,86.13,960.89,290.07,23.19
41,36,Student,2025-07,1250.96,Utilities,82.78,960.89,290.07,23.19
41,36,Student,2025-07,1250.96,Healthcare,35.81,960.89,290.07,23.19
41,36,Student,2025-07,1250.96,Education,5.24,960.89,290.07,23.19
41,36,Student,2025-07,1250.96,Shopping,73.77,960.89,290.07,23.19
41,36,Student,2025-08,1232.89,Rent,410.45,932.82,300.07,24.34
41,36,Student,2025-08,1232.89,Groceries,150.65,932.82,300.07,24.34
41,36,Student,2025-08,1232.89,Transport,96.83,932.82,300.07,24.34
41,36,Student,2025-08,1232.89,Entertainment,69.48,932.82,300.07,24.34
41,36,Student,2025-08,1232.89,Utilities,50.73,932.82,300.07,24.34
41,36,Student,2025-08,1232.89,Healthcare,55.0,932.82,300.07,24.34
41,36,Student,2025-08,1232.89,Education,51.04,932.82,300.07,24.34
41,36,Student,2025-08,1232.89,Shopping,48.64,932.82,300.07,24.34
41,36,Student,2025-09,1245.54,Rent,385.32,887.17,358.37,28.77
41,36,Student,2025-09,1245.54,Groceries,134.78,887.17,358.37,28.77
41,36,Student,2025-09,1245.54,Transport,69.97,887.17,358.37,28.77
41,36,Student,2025-09,1245.54,Entertainment,98.4,887.17,358.37,28.77
41,36,Student,2025-09,1245.54,Utilities,64.53,887.17,358.37,28.77
41,36,Student,2025-09,1245.54,Healthcare,36.24,887.17,358.37,28.77
41,36,Student,2025-09,1245.54,Education,10.67,887.17,358.37,28.77
41,36,Student,2025-09,1245.54,Shopping,87.26,887.17,358.37,28.77
41,36,Student,2025-10,1247.92,Rent,392.29,938.57,309.35,24.79
41,36,Student,2025-10,1247.92,Groceries,130.28,938.57,309.35,24.79
41,36,Student,2025-10,1247.92,Transport,118.15,938.57,309.35,24.79
41,36,Student,2025-10,1247.92,Entertainment,61.73,938.57,309.35,24.79
41,36,Student,2025-10,1247.92,Utilities,61.65,938.57,309.35,24.79
41,36,Student,2025-10,1247.92,Healthcare,48.04,938.57,309.35,24.79
41,36,Student,2025-10,1247.92,Education,24.34,938.57,309.35,24.79
41,36,Student,2025-10,1247.92,Shopping,102.1,938.57,309.35,24.79
41,36,Student,2025-11,1298.33,Rent,363.98,1003.33,295.0,22.72
41,36,Student,2025-11,1298.33,Groceries,185.92,1003.33,295.0,22.72
41,36,Student,2025-11,1298.33,Transport,115.65,1003.33,295.0,22.72
41,36,Student,2025-11,1298.33,Entertainment,99.38,1003.33,295.0,22.72
41,36,Student,2025-11,1298.33,Utilities,61.51,1003.33,295.0,22.72
41,36,Student,2025-11,1298.33,Healthcare,55.93,1003.33,295.0,22.72
41,36,Student,2025-11,1298.33,Education,17.82,1003.33,295.0,22.72
41,36,Student,2025-11,1298.33,Shopping,103.15,1003.33,295.0,22.72
41,36,Student,2025-12,1152.7,Rent,353.28,864.83,287.87,24.97
41,36,Student,2025-12,1152.7,Groceries,134.82,864.83,287.87,24.97
41,36,Student,2025-12,1152.7,Transport,76.23,864.83,287.87,24.97
41,36,Student,2025-12,1152.7,Entertainment,71.75,864.83,287.87,24.97
41,36,Student,2025-12,1152.7,Utilities,75.55,864.83,287.87,24.97
41,36,Student,2025-12,1152.7,Healthcare,51.14,864.83,287.87,24.97
41,36,Student,2025-12,1152.7,Education,49.17,864.83,287.87,24.97
41,36,Student,2025-12,1152.7,Shopping,52.88,864.83,287.87,24.97
42,30,Freelancer,2024-01,2756.88,Rent,952.25,2237.85,519.02,18.83
42,30,Freelancer,2024-01,2756.88,Groceries,382.54,2237.85,519.02,18.83
42,30,Freelancer,2024-01,2756.88,Transport,248.62,2237.85,519.02,18.83
42,30,Freelancer,2024-01,2756.88,Entertainment,155.98,2237.85,519.02,18.83
42,30,Freelancer,2024-01,2756.88,Utilities,125.72,2237.85,519.02,18.83
42,30,Freelancer,2024-01,2756.88,Healthcare,102.07,2237.85,519.02,18.83
42,30,Freelancer,2024-01,2756.88,Education,75.74,2237.85,519.02,18.83
42,30,Freelancer,2024-01,2756.88,Shopping,194.93,2237.85,519.02,18.83
42,30,Freelancer,2024-02,2740.65,Rent,793.14,1910.22,830.43,30.3
42,30,Freelancer,2024-02,2740.65,Groceries,310.42,1910.22,830.43,30.3
42,30,Freelancer,2024-02,2740.65,Transport,160.09,1910.22,830.43,30.3
42,30,Freelancer,2024-02,2740.65,Entertainment,177.3,1910.22,830.43,30.3
42,30,Freelancer,2024-02,2740.65,Utilities,162.69,1910.22,830.43,30.3
42,30,Freelancer,2024-02,2740.65,Healthcare,130.17,1910.22,830.43,30.3
42,30,Freelancer,2024-02,2740.65,Education,51.05,1910.22,830.43,30.3
42,30,Freelancer,2024-02,2740.65,Shopping,125.37,1910.22,830.43,30.3
42,30,Freelancer,2024-03,2793.29,Rent,914.42,2204.1,589.19,21.09
42,30,Freelancer,2024-03,2793.29,Groceries,342.96,2204.1,589.19,21.09
42,30,Freelancer,2024-03,2793.29,Transport,225.13,2204.1,589.19,21.09
42,30,Freelancer,2024-03,2793.29,Entertainment,135.97,2204.1,589.19,21.09
42,30,Freelancer,2024-03,2793.29,Utilities,170.55,2204.1,589.19,21.09
42,30,Freelancer,2024-03,2793.29,Healthcare,149.24,2204.1,589.19,21.09
42,30,Freelancer,2024-03,2793.29,Education,96.12,2204.1,589.19,21.09
42,30,Freelancer,2024-03,2793.29,Shopping,169.71,2204.1,589.19,21.09
42,30,Freelancer,2024-04,2689.04,Rent,844.98,2098.39,590.65,21.97
42,30,Freelancer,2024-04,2689.04,Groceries,360.31,2098.39,590.65,21.97
42,30,Freelancer,2024-04,2689.04,Transport,209.57,2098.39,590.65,21.97
42,30,Freelancer,2024-04,2689.04,Entertainment,164.7,2098.39,590.65,21.97
42,30,Freelancer,2024-04,2689.04,Utilities,115.35,2098.39,590.65,21.97
42,30,Freelancer,2024-04,2689.04,Healthcare,156.15,2098.39,590.65,21.97
42,30,Freelancer,2024-04,2689.04,Education,106.32,2098.39,590.65,21.97
42,30,Freelancer,2024-04,2689.04,Shopping,141.0,2098.39,590.65,21.97
42,30,Freelancer,2024-05,2725.11,Rent,694.17,1832.62,892.48,32.75
42,30,Freelancer,2024-05,2725.11,Groceries,278.13,1832.62,892.48,32.75
42,30,Freelancer,2024-05,2725.11,Transport,170.43,1832.62,892.48,32.75
42,30,Freelancer,2024-05,2725.11,Entertainment,175.73,1832.62,892.48,32.75
42,30,Freelancer,2024-05,2725.11,Utilities,178.67,1832.62,892.48,32.75
42,30,Freelancer,2024-05,2725.11,Healthcare,115.46,1832.62,892.48,32.75
42,30,Freelancer,2024-05,2725.11,Education,72.51,1832.62,892.48,32.75
42,30,Freelancer,2024-05,2725.11,Shopping,147.53,1832.62,892.48,32.75
42,30,Freelancer,2024-06,2586.19,Rent,677.16,1929.96,656.23,25.37
42,30,Freelancer,2024-06,2586.19,Groceries,356.98,1929.96,656.23,25.37
42,30,Freelancer,2024-06,2586.19,Transport,249.24,1929.96,656.23,25.37
42,30,Freelancer,2024-06,2586.19,Entertainment,136.85,1929.96,656.23,25.37
42,30,Freelancer,2024-06,2586.19,Utilities,154.61,1929.96,656.23,25.37
42,30,Freelancer,2024-06,2586.19,Healthcare,146.32,1929.96,656.23,25.37
42,30,Freelancer,2024-06,2586.19,Education,11.65,1929.96,656.23,25.37
42,30,Freelancer,2024-06,2586.19,Shopping,197.14,1929.96,656.23,25.37
42,30,Freelancer,2024-07,2743.81,Rent,850.21,2059.42,684.39,24.94
42,30,Freelancer,2024-07,2743.81,Groceries,314.51,2059.42,684.39,24.94
42,30,Freelancer,2024-07,2743.81,Transport,231.01,2059.42,684.39,24.94
42,30,Freelancer,2024-07,2743.81,Entertainment,191.35,2059.42,684.39,24.94
42,30,Freelancer,2024-07,2743.81,Utilities,119.04,2059.42,684.39,24.94
42,30,Freelancer,2024-07,2743.81,Healthcare,113.43,2059.42,684.39,24.94
42,30,Freelancer,2024-07,2743.81,Education,13.89,2059.42,684.39,24.94
42,30,Freelancer,2024-07,2743.81,Shopping,225.96,2059.42,684.39,24.94
42,30,Freelancer,2024-08,2706.0,Rent,895.14,1826.73,879.27,32.49
42,30,Freelancer,2024-08,2706.0,Groceries,320.4,1826.73,879.27,32.49
42,30,Freelancer,2024-08,2706.0,Transport,152.22,1826.73,879.27,32.49
42,30,Freelancer,2024-08,2706.0,Entertainment,86.79,1826.73,879.27,32.49
42,30,Freelancer,2024-08,2706.0,Utilities,131.09,1826.73,879.27,32.49
42,30,Freelancer,2024-08,2706.0,Healthcare,80.56,1826.73,879.27,32.49
42,30,Freelancer,2024-08,2706.0,Education,75.82,1826.73,879.27,32.49
42,30,Freelancer,2024-08,2706.0,Shopping,84.71,1826.73,879.27,32.49
42,30,Freelancer,2024-09,2710.48,Rent,783.81,1997.37,713.11,26.31
42,30,Freelancer,2024-09,2710.48,Groceries,349.26,1997.37,713.11,26.31
42,30,Freelancer,2024-09,2710.48,Transport,230.72,1997.37,713.11,26.31
42,30,Freelancer,2024-09,2710.48,Entertainment,167.25,1997.37,713.11,26.31
42,30,Freelancer,2024-09,2710.48,Utilities,188.49,1997.37,713.11,26.31
42,30,Freelancer,2024-09,2710.48,Healthcare,69.2,1997.37,713.11,26.31
42,30,Freelancer,2024-09,2710.48,Education,58.24,1997.37,713.11,26.31
42,30,Freelancer,2024-09,2710.48,Shopping,150.4,1997.37,713.11,26.31
42,30,Freelancer,2024-10,2674.64,Rent,846.2,1998.75,675.89,25.27
42,30,Freelancer,2024-10,2674.64,Groceries,332.97,1998.75,675.89,25.27
42,30,Freelancer,2024-10,2674.64,Transport,202.93,1998.75,675.89,25.27
42,30,Freelancer,2024-10,2674.64,Entertainment,138.06,1998.75,675.89,25.27
42,30,Freelancer,2024-10,2674.64,Utilities,186.56,1998.75,675.89,25.27
42,30,Freelancer,2024-10,2674.64,Healthcare,152.73,1998.75,675.89,25.27
42,30,Freelancer,2024-10,2674.64,Education,41.15,1998.75,675.89,25.27
42,30,Freelancer,2024-10,2674.64,Shopping,98.15,1998.75,675.89,25.27
42,30,Freelancer,2024-11,2821.0,Rent,986.55,2308.1,512.9,18.18
42,30,Freelancer,2024-11,2821.0,Groceries,323.37,2308.1,512.9,18.18
42,30,Freelancer,2024-11,2821.0,Transport,191.52,2308.1,512.9,18.18
42,30,Freelancer,2024-11,2821.0,Entertainment,217.45,2308.1,512.9,18.18
42,30,Freelancer,2024-11,2821.0,Utilities,173.02,2308.1,512.9,18.18
42,30,Freelancer,2024-11,2821.0,Healthcare,89.78,2308.1,512.9,18.18
42,30,Freelancer,2024-11,2821.0,Education,81.96,2308.1,512.9,18.18
42,30,Freelancer,2024-11,2821.0,Shopping,244.45,2308.1,512.9,18.18
42,30,Freelancer,2024-12,2811.32,Rent,911.38,2238.82,572.5,20.36
42,30,Freelancer,2024-12,2811.32,Groceries,384.73,2238.82,572.5,20.36
42,30,Freelancer,2024-12,2811.32,Transport,165.59,2238.82,572.5,20.36
42,30,Freelancer,2024-12,2811.32,Entertainment,200.26,2238.82,572.5,20.36
42,30,Freelancer,2024-12,2811.32,Utilities,135.74,2238.82,572.5,20.36
42,30,Freelancer,2024-12,2811.32,Healthcare,160.85,2238.82,572.5,20.36
42,30,Freelancer,2024-12,2811.32,Education,51.26,2238.82,572.5,20.36
42,30,Freelancer,2024-12,2811.32,Shopping,229.01,2238.82,572.5,20.36
42,30,Freelancer,2025-01,2622.42,Rent,790.54,1972.98,649.43,24.76
42,30,Freelancer,2025-01,2622.42,Groceries,276.26,1972.98,649.43,24.76
42,30,Freelancer,2025-01,2622.42,Transport,217.68,1972.98,649.43,24.76
42,30,Freelancer,2025-01,2622.42,Entertainment,188.3,1972.98,649.43,24.76
42,30,Freelancer,2025-01,2622.42,Utilities,161.42,1972.98,649.43,24.76
42,30,Freelancer,2025-01,2622.42,Healthcare,107.34,1972.98,649.43,24.76
42,30,Freelancer,2025-01,2622.42,Education,5.92,1972.98,649.43,24.76
42,30,Freelancer,2025-01,2622.42,Shopping,225.54,1972.98,649.43,24.76
42,30,Freelancer,2025-02,2774.51,Rent,900.57,2307.34,467.17,16.84
42,30,Freelancer,2025-02,2774.51,Groceries,387.69,2307.34,467.17,16.84
42,30,Freelancer,2025-02,2774.51,Transport,242.46,2307.34,467.17,16.84
42,30,Freelancer,2025-02,2774.51,Entertainment,144.43,2307.34,467.17,16.84
42,30,Freelancer,2025-02,2774.51,Utilities,172.04,2307.34,467.17,16.84
42,30,Freelancer,2025-02,2774.51,Healthcare,124.86,2307.34,467.17,16.84
42,30,Freelancer,2025-02,2774.51,Education,118.47,2307.34,467.17,16.84
42,30,Freelancer,2025-02,2774.51,Shopping,216.82,2307.34,467.17,16.84
42,30,Freelancer,2025-03,2544.56,Rent,732.55,1788.86,755.7,29.7
42,30,Freelancer,2025-03,2544.56,Groceries,258.87,1788.86,755.7,29.7
42,30,Freelancer,2025-03,2544.56,Transport,140.21,1788.86,755.7,29.7
42,30,Freelancer,2025-03,2544.56,Entertainment,152.85,1788.86,755.7,29.7
42,30,Freelancer,2025-03,2544.56,Utilities,168.49,1788.86,755.7,29.7
42,30,Freelancer,2025-03,2544.56,Healthcare,63.09,1788.86,755.7,29.7
42,30,Freelancer,2025-03,2544.56,Education,57.39,1788.86,755.7,29.7
42,30,Freelancer,2025-03,2544.56,Shopping,215.4,1788.86,755.7,29.7
42,30,Freelancer,2025-04,2812.18,Rent,849.19,2050.75,761.43,27.08
42,30,Freelancer,2025-04,2812.18,Groceries,389.71,2050.75,761.43,27.08
42,30,Freelancer,2025-04,2812.18,Transport,214.1,2050.75,761.43,27.08
42,30,Freelancer,2025-04,2812.18,Entertainment,106.59,2050.75,761.43,27.08
42,30,Freelancer,2025-04,2812.18,Utilities,123.01,2050.75,761.43,27.08
42,30,Freelancer,2025-04,2812.18,Healthcare,77.43,2050.75,761.43,27.08
42,30,Freelancer,2025-04,2812.18,Education,49.34,2050.75,761.43,27.08
42,30,Freelancer,2025-04,2812.18,Shopping,241.37,2050.75,761.43,27.08
42,30,Freelancer,2025-05,2807.12,Rent,823.27,1991.92,815.2,29.04
42,30,Freelancer,2025-05,2807.12,Groceries,349.92,1991.92,815.2,29.04
42,30,Freelancer,2025-05,2807.12,Transport,177.64,1991.92,815.2,29.04
42,30,Freelancer,2025-05,2807.12,Entertainment,183.07,1991.92,815.2,29.04
42,30,Freelancer,2025-05,2807.12,Utilities,179.89,1991.92,815.2,29.04
42,30,Freelancer,2025-05,2807.12,Healthcare,82.97,1991.92,815.2,29.04
42,30,Freelancer,2025-05,2807.12,Education,5.87,1991.92,815.2,29.04
42,30,Freelancer,2025-05,2807.12,Shopping,189.29,1991.92,815.2,29.04
42,30,Freelancer,2025-06,2725.0,Rent,790.83,2079.7,645.31,23.68
42,30,Freelancer,2025-06,2725.0,Groceries,360.23,2079.7,645.31,23.68
42,30,Freelancer,2025-06,2725.0,Transport,211.27,2079.7,645.31,23.68
42,30,Freelancer,2025-06,2725.0,Entertainment,115.89,2079.7,645.31,23.68
42,30,Freelancer,2025-06,2725.0,Utilities,141.51,2079.7,645.31,23.68
42,30,Freelancer,2025-06,2725.0,Healthcare,101.16,2079.7,645.31,23.68
42,30,Freelancer,2025-06,2725.0,Education,119.93,2079.7,645.31,23.68
42,30,Freelancer,2025-06,2725.0,Shopping,238.86,2079.7,645.31,23.68
42,30,Freelancer,2025-07,2839.43,Rent,914.06,2290.64,548.79,19.33
42,30,Freelancer,2025-07,2839.43,Groceries,367.0,2290.64,548.79,19.33
42,30,Freelancer,2025-07,2839.43,Transport,239.83,2290.64,548.79,19.33
42,30,Freelancer,2025-07,2839.43,Entertainment,218.51,2290.64,548.79,19.33
42,30,Freelancer,2025-07,2839.43,Utilities,134.87,2290.64,548.79,19.33
42,30,Freelancer,2025-07,2839.43,Healthcare,117.57,2290.64,548.79,19.33
42,30,Freelancer,2025-07,2839.43,Education,97.9,2290.64,548.79,19.33
42,30,Freelancer,2025-07,2839.43,Shopping,200.9,2290.64,548.79,19.33
42,30,Freelancer,2025-08,2617.59,Rent,807.98,2074.93,542.66,20.73
42,30,Freelancer,2025-08,2617.59,Groceries,365.93,2074.93,542.66,20.73
42,30,Freelancer,2025-08,2617.59,Transport,193.06,2074.93,542.66,20.73
42,30,Freelancer,2025-08,2617.59,Entertainment,182.35,2074.93,542.66,20.73
42,30,Freelancer,2025-08,2617.59,Utilities,132.96,2074.93,542.66,20.73
42,30,Freelancer,2025-08,2617.59,Healthcare,150.64,2074.93,542.66,20.73
42,30,Freelancer,2025-08,2617.59,Education,69.88,2074.93,542.66,20.73
42,30,Freelancer,2025-08,2617.59,Shopping,172.12,2074.93,542.66,20.73
42,30,Freelancer,2025-09,2541.1,Rent,678.54,1780.49,760.61,29.93
42,30,Freelancer,2025-09,2541.1,Groceries,334.53,1780.49,760.61,29.93
42,30,Freelancer,2025-09,2541.1,Transport,180.4,1780.49,760.61,29.93
42,30,Freelancer,2025-09,2541.1,Entertainment,140.8,1780.49,760.61,29.93
42,30,Freelancer,2025-09,2541.1,Utilities,106.44,1780.49,760.61,29.93
42,30,Freelancer,2025-09,2541.1,Healthcare,135.61,1780.49,760.61,29.93
42,30,Freelancer,2025-09,2541.1,Education,99.68,1780.49,760.61,29.93
42,30,Freelancer,2025-09,2541.1,Shopping,104.49,1780.49,760.61,29.93
42,30,Freelancer,2025-10,2749.87,Rent,912.49,2053.22,696.64,25.33
42,30,Freelancer,2025-10,2749.87,Groceries,363.1,2053.22,696.64,25.33
42,30,Freelancer,2025-10,2749.87,Transport,180.17,2053.22,696.64,25.33
42,30,Freelancer,2025-10,2749.87,Entertainment,172.71,2053.22,696.64,25.33
42,30,Freelancer,2025-10,2749.87,Utilities,127.36,2053.22,696.64,25.33
42,30,Freelancer,2025-10,2749.87,Healthcare,90.0,2053.22,696.64,25.33
42,30,Freelancer,2025-10,2749.87,Education,33.01,2053.22,696.64,25.33
42,30,Freelancer,2025-10,2749.87,Shopping,174.38,2053.22,696.64,25.33
42,30,Freelancer,2025-11,2567.71,Rent,881.57,1850.9,716.81,27.92
42,30,Freelancer,2025-11,2567.71,Groceries,299.59,1850.9,716.81,27.92
42,30,Freelancer,2025-11,2567.71,Transport,156.5,1850.9,716.81,27.92
42,30,Freelancer,2025-11,2567.71,Entertainment,140.78,1850.9,716.81,27.92
42,30,Freelancer,2025-11,2567.71,Utilities,124.05,1850.9,716.81,27.92
42,30,Freelancer,2025-11,2567.71,Healthcare,106.29,1850.9,716.81,27.92
42,30,Freelancer,2025-11,2567.71,Education,44.74,1850.9,716.81,27.92
42,30,Freelancer,2025-11,2567.71,Shopping,97.38,1850.9,716.81,27.92
42,30,Freelancer,2025-12,2622.3,Rent,770.55,1994.15,628.15,23.95
42,30,Freelancer,2025-12,2622.3,Groceries,266.2,1994.15,628.15,23.95
42,30,Freelancer,2025-12,2622.3,Transport,232.16,1994.15,628.15,23.95
42,30,Freelancer,2025-12,2622.3,Entertainment,160.2,1994.15,628.15,23.95
42,30,Freelancer,2025-12,2622.3,Utilities,152.2,1994.15,628.15,23.95
42,30,Freelancer,2025-12,2622.3,Healthcare,109.72,1994.15,628.15,23.95
42,30,Freelancer,2025-12,2622.3,Education,77.4,1994.15,628.15,23.95
42,30,Freelancer,2025-12,2622.3,Shopping,225.73,1994.15,628.15,23.95
43,24,Manager,2024-01,3899.12,Rent,1238.42,3229.62,669.5,17.17
43,24,Manager,2024-01,3899.12,Groceries,526.79,3229.62,669.5,17.17
43,24,Manager,2024-01,3899.12,Transport,335.5,3229.62,669.5,17.17
43,24,Manager,2024-01,3899.12,Entertainment,258.99,3229.62,669.5,17.17
43,24,Manager,2024-01,3899.12,Utilities,155.97,3229.62,669.5,17.17
43,24,Manager,2024-01,3899.12,Healthcare,226.76,3229.62,669.5,17.17
43,24,Manager,2024-01,3899.12,Education,158.74,3229.62,669.5,17.17
43,24,Manager,2024-01,3899.12,Shopping,328.46,3229.62,669.5,17.17
43,24,Manager,2024-02,3847.48,Rent,1321.17,3190.03,657.45,17.09
43,24,Manager,2024-02,3847.48,Groceries,540.53,3190.03,657.45,17.09
43,24,Manager,2024-02,3847.48,Transport,353.43,3190.03,657.45,17.09
43,24,Manager,2024-02,3847.48,Entertainment,133.37,3190.03,657.45,17.09
43,24,Manager,2024-02,3847.48,Utilities,239.17,3190.03,657.45,17.09
43,24,Manager,2024-02,3847.48,Healthcare,224.68,3190.03,657.45,17.09
43,24,Manager,2024-02,3847.48,Education,130.53,3190.03,657.45,17.09
43,24,Manager,2024-02,3847.48,Shopping,247.14,3190.03,657.45,17.09
43,24,Manager,2024-03,4336.07,Rent,1276.08,3334.03,1002.03,23.11
43,24,Manager,2024-03,4336.07,Groceries,563.54,3334.03,1002.03,23.11
43,24,Manager,2024-03,4336.07,Transport,320.08,3334.03,1002.03,23.11
43,24,Manager,2024-03,4336.07,Entertainment,332.33,3334.03,1002.03,23.11
43,24,Manager,2024-03,4336.07,Utilities,183.34,3334.03,1002.03,23.11
43,24,Manager,2024-03,4336.07,Healthcare,173.64,3334.03,1002.03,23.11
43,24,Manager,2024-03,4336.07,Education,148.93,3334.03,1002.03,23.11
43,24,Manager,2024-03,4336.07,Shopping,336.11,3334.03,1002.03,23.11
43,24,Manager,2024-04,4145.56,Rent,1413.19,3219.85,925.71,22.33
43,24,Manager,2024-04,4145.56,Groceries,609.81,3219.85,925.71,22.33
43,24,Manager,2024-04,4145.56,Transport,220.61,3219.85,925.71,22.33
43,24,Manager,2024-04,4145.56,Entertainment,207.77,3219.85,925.71,22.33
43,24,Manager,2024-04,4145.56,Utilities,168.74,3219.85,925.71,22.33
43,24,Manager,2024-04,4145.56,Healthcare,137.54,3219.85,925.71,22.33
43,24,Manager,2024-04,4145.56,Education,111.28,3219.85,925.71,22.33
43,24,Manager,2024-04,4145.56,Shopping,350.91,3219.85,925.71,22.33
43,24,Manager,2024-05,4284.02,Rent,1125.62,3032.93,1251.08,29.2
43,24,Manager,2024-05,4284.02,Groceries,448.33,3032.93,1251.08,29.2
43,24,Manager,2024-05,4284.02,Transport,340.42,3032.93,1251.08,29.2
43,24,Manager,2024-05,4284.02,Entertainment,242.5,3032.93,1251.08,29.2
43,24,Manager,2024-05,4284.02,Utilities,205.6,3032.93,1251.08,29.2
43,24,Manager,2024-05,4284.02,Healthcare,239.81,3032.93,1251.08,29.2
43,24,Manager,2024-05,4284.02,Education,198.64,3032.93,1251.08,29.2
43,24,Manager,2024-05,4284.02,Shopping,232.01,3032.93,1251.08,29.2
43,24,Manager,2024-06,4307.0,Rent,1242.12,3143.76,1163.24,27.01
43,24,Manager,2024-06,4307.0,Groceries,589.37,3143.76,1163.24,27.01
43,24,Manager,2024-06,4307.0,Transport,317.84,3143.76,1163.24,27.01
43,24,Manager,2024-06,4307.0,Entertainment,155.61,3143.76,1163.24,27.01
43,24,Manager,2024-06,4307.0,Utilities,292.18,3143.76,1163.24,27.01
43,24,Manager,2024-06,4307.0,Healthcare,164.37,3143.76,1163.24,27.01
43,24,Manager,2024-06,4307.0,Education,158.17,3143.76,1163.24,27.01
43,24,Manager,2024-06,4307.0,Shopping,224.1,3143.76,1163.24,27.01
43,24,Manager,2024-07,3849.18,Rent,1000.99,2770.09,1079.09,28.03
43,24,Manager,2024-07,3849.18,Groceries,480.42,2770.09,1079.09,28.03
43,24,Manager,2024-07,3849.18,Transport,325.25,2770.09,1079.09,28.03
43,24,Manager,2024-07,3849.18,Entertainment,179.9,2770.09,1079.09,28.03
43,24,Manager,2024-07,3849.18,Utilities,234.28,2770.09,1079.09,28.03
43,24,Manager,2024-07,3849.18,Healthcare,184.55,2770.09,1079.09,28.03
43,24,Manager,2024-07,3849.18,Education,135.48,2770.09,1079.09,28.03
43,24,Manager,2024-07,3849.18,Shopping,229.22,2770.09,1079.09,28.03
43,24,Manager,2024-08,4319.92,Rent,1291.31,2911.93,1407.98,32.59
43,24,Manager,2024-08,4319.92,Groceries,529.25,2911.93,1407.98,32.59
43,24,Manager,2024-08,4319.92,Transport,259.06,2911.93,1407.98,32.59
43,24,Manager,2024-08,4319.92,Entertainment,196.05,2911.93,1407.98,32.59
43,24,Manager,2024-08,4319.92,Utilities,178.28,2911.93,1407.98,32.59
43,24,Manager,2024-08,4319.92,Healthcare,195.87,2911.93,1407.98,32.59
43,24,Manager,2024-08,4319.92,Education,53.68,2911.93,1407.98,32.59
43,24,Manager,2024-08,4319.92,Shopping,208.43,2911.93,1407.98,32.59
43,24,Manager,2024-09,4244.22,Rent,1199.94,2973.75,1270.47,29.93
43,24,Manager,2024-09,4244.22,Groceries,475.82,2973.75,1270.47,29.93
43,24,Manager,2024-09,4244.22,Transport,248.09,2973.75,1270.47,29.93
43,24,Manager,2024-09,4244.22,Entertainment,291.76,2973.75,1270.47,29.93
43,24,Manager,2024-09,4244.22,Utilities,186.28,2973.75,1270.47,29.93
43,24,Manager,2024-09,4244.22,Healthcare,161.92,2973.75,1270.47,29.93
43,24,Manager,2024-09,4244.22,Education,107.58,2973.75,1270.47,29.93
43,24,Manager,2024-09,4244.22,Shopping,302.37,2973.75,1270.47,29.93
43,24,Manager,2024-10,4171.97,Rent,1381.22,2899.05,1272.92,30.51
43,24,Manager,2024-10,4171.97,Groceries,426.53,2899.05,1272.92,30.51
43,24,Manager,2024-10,4171.97,Transport,270.44,2899.05,1272.92,30.51
43,24,Manager,2024-10,4171.97,Entertainment,183.59,2899.05,1272.92,30.51
43,24,Manager,2024-10,4171.97,Utilities,185.15,2899.05,1272.92,30.51
43,24,Manager,2024-10,4171.97,Healthcare,131.7,2899.05,1272.92,30.51
43,24,Manager,2024-10,4171.97,Education,64.62,2899.05,1272.92,30.51
43,24,Manager,2024-10,4171.97,Shopping,255.8,2899.05,1272.92,30.51
43,24,Manager,2024-11,4187.95,Rent,1206.59,2812.87,1375.08,32.83
43,24,Manager,2024-11,4187.95,Groceries,569.45,2812.87,1375.08,32.83
43,24,Manager,2024-11,4187.95,Transport,279.79,2812.87,1375.08,32.83
43,24,Manager,2024-11,4187.95,Entertainment,186.42,2812.87,1375.08,32.83
43,24,Manager,2024-11,4187.95,Utilities,235.51,2812.87,1375.08,32.83
43,24,Manager,2024-11,4187.95,Healthcare,87.73,2812.87,1375.08,32.83
43,24,Manager,2024-11,4187.95,Education,16.71,2812.87,1375.08,32.83
43,24,Manager,2024-11,4187.95,Shopping,230.66,2812.87,1375.08,32.83
43,24,Manager,2024-12,4334.64,Rent,1396.41,3294.86,1039.78,23.99
43,24,Manager,2024-12,4334.64,Groceries,452.56,3294.86,1039.78,23.99
43,24,Manager,2024-12,4334.64,Transport,400.16,3294.86,1039.78,23.99
43,24,Manager,2024-12,4334.64,Entertainment,288.75,3294.86,1039.78,23.99
43,24,Manager,2024-12,4334.64,Utilities,252.83,3294.86,1039.78,23.99
43,24,Manager,2024-12,4334.64,Healthcare,228.92,3294.86,1039.78,23.99
43,24,Manager,2024-12,4334.64,Education,87.58,3294.86,1039.78,23.99
43,24,Manager,2024-12,4334.64,Shopping,187.65,3294.86,1039.78,23.99
43,24,Manager,2025-01,4108.26,Rent,1252.54,3435.58,672.68,16.37
43,24,Manager,2025-01,4108.26,Groceries,521.41,3435.58,672.68,16.37
43,24,Manager,2025-01,4108.26,Transport,321.49,3435.58,672.68,16.37
43,24,Manager,2025-01,4108.26,Entertainment,318.12,3435.58,672.68,16.37
43,24,Manager,2025-01,4108.26,Utilities,275.53,3435.58,672.68,16.37
43,24,Manager,2025-01,4108.26,Healthcare,226.07,3435.58,672.68,16.37
43,24,Manager,2025-01,4108.26,Education,164.62,3435.58,672.68,16.37
43,24,Manager,2025-01,4108.26,Shopping,355.8,3435.58,672.68,16.37
43,24,Manager,2025-02,3891.01,Rent,1075.91,2814.66,1076.34,27.66
43,24,Manager,2025-02,3891.01,Groceries,485.41,2814.66,1076.34,27.66
43,24,Manager,2025-02,3891.01,Transport,359.24,2814.66,1076.34,27.66
43,24,Manager,2025-02,3891.01,Entertainment,215.01,2814.66,1076.34,27.66
43,24,Manager,2025-02,3891.01,Utilities,242.96,2814.66,1076.34,27.66
43,24,Manager,2025-02,3891.01,Healthcare,99.45,2814.66,1076.34,27.66
43,24,Manager,2025-02,3891.01,Education,49.11,2814.66,1076.34,27.66
43,24,Manager,2025-02,3891.01,Shopping,287.57,2814.66,1076.34,27.66
43,24,Manager,2025-03,3925.81,Rent,1119.39,2778.81,1147.0,29.22
43,24,Manager,2025-03,3925.81,Groceries,444.57,2778.81,1147.0,29.22
43,24,Manager,2025-03,3925.81,Transport,264.96,2778.81,1147.0,29.22
43,24,Manager,2025-03,3925.81,Entertainment,256.81,2778.81,1147.0,29.22
43,24,Manager,2025-03,3925.81,Utilities,200.36,2778.81,1147.0,29.22
43,24,Manager,2025-03,3925.81,Healthcare,165.71,2778.81,1147.0,29.22
43,24,Manager,2025-03,3925.81,Education,19.62,2778.81,1147.0,29.22
43,24,Manager,2025-03,3925.81,Shopping,307.39,2778.81,1147.0,29.22
43,24,Manager,2025-04,4033.59,Rent,1269.99,3134.62,898.96,22.29
43,24,Manager,2025-04,4033.59,Groceries,549.66,3134.62,898.96,22.29
43,24,Manager,2025-04,4033.59,Transport,243.96,3134.62,898.96,22.29
43,24,Manager,2025-04,4033.59,Entertainment,299.43,3134.62,898.96,22.29
43,24,Manager,2025-04,4033.59,Utilities,235.91,3134.62,898.96,22.29
43,24,Manager,2025-04,4033.59,Healthcare,149.84,3134.62,898.96,22.29
43,24,Manager,2025-04,4033.59,Education,36.77,3134.62,898.96,22.29
43,24,Manager,2025-04,4033.59,Shopping,349.06,3134.62,898.96,22.29
43,24,Manager,2025-05,4235.95,Rent,1147.11,3103.22,1132.73,26.74
43,24,Manager,2025-05,4235.95,Groceries,495.12,3103.22,1132.73,26.74
43,24,Manager,2025-05,4235.95,Transport,383.28,3103.22,1132.73,26.74
43,24,Manager,2025-05,4235.95,Entertainment,274.42,3103.22,1132.73,26.74
43,24,Manager,2025-05,4235.95,Utilities,266.75,3103.22,1132.73,26.74
43,24,Manager,2025-05,4235.95,Healthcare,159.48,3103.22,1132.73,26.74
43,24,Manager,2025-05,4235.95,Education,151.75,3103.22,1132.73,26.74
43,24,Manager,2025-05,4235.95,Shopping,225.31,3103.22,1132.73,26.74
43,24,Manager,2025-06,3950.25,Rent,1237.49,3161.79,788.46,19.96
43,24,Manager,2025-06,3950.25,Groceries,587.8,3161.79,788.46,19.96
43,24,Manager,2025-06,3950.25,Transport,258.86,3161.79,788.46,19.96
43,24,Manager,2025-06,3950.25,Entertainment,209.55,3161.79,788.46,19.96
43,24,Manager,2025-06,3950.25,Utilities,237.88,3161.79,788.46,19.96
43,24,Manager,2025-06,3950.25,Healthcare,164.57,3161.79,788.46,19.96
43,24,Manager,2025-06,3950.25,Education,166.59,3161.79,788.46,19.96
43,24,Manager,2025-06,3950.25,Shopping,299.05,3161.79,788.46,19.96
43,24,Manager,2025-07,3869.89,Rent,1353.85,3225.06,644.83,16.66
43,24,Manager,2025-07,3869.89,Groceries,532.57,3225.06,644.83,16.66
43,24,Manager,2025-07,3869.89,Transport,360.65,3225.06,644.83,16.66
43,24,Manager,2025-07,3869.89,Entertainment,242.1,3225.06,644.83,16.66
43,24,Manager,2025-07,3869.89,Utilities,254.21,3225.06,644.83,16.66
43,24,Manager,2025-07,3869.89,Healthcare,94.79,3225.06,644.83,16.66
43,24,Manager,2025-07,3869.89,Education,67.29,3225.06,644.83,16.66
43,24,Manager,2025-07,3869.89,Shopping,319.6,3225.06,644.83,16.66
43,24,Manager,2025-08,3945.2,Rent,1017.17,2943.35,1001.86,25.39
43,24,Manager,2025-08,3945.2,Groceries,549.98,2943.35,1001.86,25.39
43,24,Manager,2025-08,3945.2,Transport,362.07,2943.35,1001.86,25.39
43,24,Manager,2025-08,3945.2,Entertainment,150.44,2943.35,1001.86,25.39
43,24,Manager,2025-08,3945.2,Utilities,258.93,2943.35,1001.86,25.39
43,24,Manager,2025-08,3945.2,Healthcare,187.28,2943.35,1001.86,25.39
43,24,Manager,2025-08,3945.2,Education,102.59,2943.35,1001.86,25.39
43,24,Manager,2025-08,3945.2,Shopping,314.89,2943.35,1001.86,25.39
43,24,Manager,2025-09,4059.52,Rent,1093.63,2992.69,1066.83,26.28
43,24,Manager,2025-09,4059.52,Groceries,463.77,2992.69,1066.83,26.28
43,24,Manager,2025-09,4059.52,Transport,305.51,2992.69,1066.83,26.28
43,24,Manager,2025-09,4059.52,Entertainment,229.63,2992.69,1066.83,26.28
43,24,Manager,2025-09,4059.52,Utilities,260.49,2992.69,1066.83,26.28
43,24,Manager,2025-09,4059.52,Healthcare,209.69,2992.69,1066.83,26.28
43,24,Manager,2025-09,4059.52,Education,118.0,2992.69,1066.83,26.28
43,24,Manager,2025-09,4059.52,Shopping,311.96,2992.69,1066.83,26.28
43,24,Manager,2025-10,3940.01,Rent,1004.73,2693.91,1246.1,31.63
43,24,Manager,2025-10,3940.01,Groceries,566.11,2693.91,1246.1,31.63
43,24,Manager,2025-10,3940.01,Transport,211.88,2693.91,1246.1,31.63
43,24,Manager,2025-10,3940.01,Entertainment,166.8,2693.91,1246.1,31.63
43,24,Manager,2025-10,3940.01,Utilities,239.79,2693.91,1246.1,31.63
43,24,Manager,2025-10,3940.01,Healthcare,143.33,2693.91,1246.1,31.63
43,24,Manager,2025-10,3940.01,Education,172.63,2693.91,1246.1,31.63
43,24,Manager,2025-10,3940.01,Shopping,188.64,2693.91,1246.1,31.63
43,24,Manager,2025-11,3845.5,Rent,1076.99,2800.81,1044.69,27.17
43,24,Manager,2025-11,3845.5,Groceries,495.7,2800.81,1044.69,27.17
43,24,Manager,2025-11,3845.5,Transport,264.56,2800.81,1044.69,27.17
43,24,Manager,2025-11,3845.5,Entertainment,218.21,2800.81,1044.69,27.17
43,24,Manager,2025-11,3845.5,Utilities,254.95,2800.81,1044.69,27.17
43,24,Manager,2025-11,3845.5,Healthcare,217.27,2800.81,1044.69,27.17
43,24,Manager,2025-11,3845.5,Education,51.14,2800.81,1044.69,27.17
43,24,Manager,2025-11,3845.5,Shopping,221.99,2800.81,1044.69,27.17
43,24,Manager,2025-12,4127.76,Rent,1423.71,3107.06,1020.7,24.73
43,24,Manager,2025-12,4127.76,Groceries,618.88,3107.06,1020.7,24.73
43,24,Manager,2025-12,4127.76,Transport,254.97,3107.06,1020.7,24.73
43,24,Manager,2025-12,4127.76,Entertainment,273.87,3107.06,1020.7,24.73
43,24,Manager,2025-12,4127.76,Utilities,211.92,3107.06,1020.7,24.73
43,24,Manager,2025-12,4127.76,Healthcare,83.89,3107.06,1020.7,24.73
43,24,Manager,2025-12,4127.76,Education,1.91,3107.06,1020.7,24.73
43,24,Manager,2025-12,4127.76,Shopping,237.9,3107.06,1020.7,24.73
44,40,Freelancer,2024-01,2353.43,Rent,657.55,1555.56,797.88,33.9
44,40,Freelancer,2024-01,2353.43,Groceries,301.23,1555.56,797.88,33.9
44,40,Freelancer,2024-01,2353.43,Transport,153.08,1555.56,797.88,33.9
44,40,Freelancer,2024-01,2353.43,Entertainment,90.27,1555.56,797.88,33.9
44,40,Freelancer,2024-01,2353.43,Utilities,122.88,1555.56,797.88,33.9
44,40,Freelancer,2024-01,2353.43,Healthcare,68.93,1555.56,797.88,33.9
44,40,Freelancer,2024-01,2353.43,Education,62.93,1555.56,797.88,33.9
44,40,Freelancer,2024-01,2353.43,Shopping,98.68,1555.56,797.88,33.9
44,40,Freelancer,2024-02,2300.88,Rent,611.43,1553.43,747.45,32.49
44,40,Freelancer,2024-02,2300.88,Groceries,307.28,1553.43,747.45,32.49
44,40,Freelancer,2024-02,2300.88,Transport,201.78,1553.43,747.45,32.49
44,40,Freelancer,2024-02,2300.88,Entertainment,81.73,1553.43,747.45,32.49
44,40,Freelancer,2024-02,2300.88,Utilities,124.33,1553.43,747.45,32.49
44,40,Freelancer,2024-02,2300.88,Healthcare,52.54,1553.43,747.45,32.49
44,40,Freelancer,2024-02,2300.88,Education,68.82,1553.43,747.45,32.49
44,40,Freelancer,2024-02,2300.88,Shopping,105.53,1553.43,747.45,32.49
44,40,Freelancer,2024-03,2306.54,Rent,695.99,1800.4,506.14,21.94
44,40,Freelancer,2024-03,2306.54,Groceries,337.26,1800.4,506.14,21.94
44,40,Freelancer,2024-03,2306.54,Transport,178.65,1800.4,506.14,21.94
44,40,Freelancer,2024-03,2306.54,Entertainment,136.43,1800.4,506.14,21.94
44,40,Freelancer,2024-03,2306.54,Utilities,120.05,1800.4,506.14,21.94
44,40,Freelancer,2024-03,2306.54,Healthcare,133.69,1800.4,506.14,21.94
44,40,Freelancer,2024-03,2306.54,Education,89.63,1800.4,506.14,21.94
44,40,Freelancer,2024-03,2306.54,Shopping,108.69,1800.4,506.14,21.94
44,40,Freelancer,2024-04,2399.73,Rent,703.7,1729.19,670.54,27.94
44,40,Freelancer,2024-04,2399.73,Groceries,339.4,1729.19,670.54,27.94
44,40,Freelancer,2024-04,2399.73,Transport,218.72,1729.19,670.54,27.94
44,40,Freelancer,2024-04,2399.73,Entertainment,94.65,1729.19,670.54,27.94
44,40,Freelancer,2024-04,2399.73,Utilities,146.47,1729.19,670.54,27.94
44,40,Freelancer,2024-04,2399.73,Healthcare,75.89,1729.19,670.54,27.94
44,40,Freelancer,2024-04,2399.73,Education,35.7,1729.19,670.54,27.94
44,40,Freelancer,2024-04,2399.73,Shopping,114.66,1729.19,670.54,27.94
44,40,Freelancer,2024-05,2364.81,Rent,645.55,1531.29,833.51,35.25
44,40,Freelancer,2024-05,2364.81,Groceries,236.59,1531.29,833.51,35.25
44,40,Freelancer,2024-05,2364.81,Transport,202.81,1531.29,833.51,35.25
44,40,Freelancer,2024-05,2364.81,Entertainment,91.19,1531.29,833.51,35.25
44,40,Freelancer,2024-05,2364.81,Utilities,102.0,1531.29,833.51,35.25
44,40,Freelancer,2024-05,2364.81,Healthcare,69.76,1531.29,833.51,35.25
44,40,Freelancer,2024-05,2364.81,Education,44.92,1531.29,833.51,35.25
44,40,Freelancer,2024-05,2364.81,Shopping,138.47,1531.29,833.51,35.25
44,40,Freelancer,2024-06,2164.34,Rent,751.15,1606.19,558.15,25.79
44,40,Freelancer,2024-06,2164.34,Groceries,293.92,1606.19,558.15,25.79
44,40,Freelancer,2024-06,2164.34,Transport,143.19,1606.19,558.15,25.79
44,40,Freelancer,2024-06,2164.34,Entertainment,99.42,1606.19,558.15,25.79
44,40,Freelancer,2024-06,2164.34,Utilities,115.7,1606.19,558.15,25.79
44,40,Freelancer,2024-06,2164.34,Healthcare,97.5,1606.19,558.15,25.79
44,40,Freelancer,2024-06,2164.34,Education,15.84,1606.19,558.15,25.79
44,40,Freelancer,2024-06,2164.34,Shopping,89.46,1606.19,558.15,25.79
44,40,Freelancer,2024-07,2404.21,Rent,662.66,1740.84,663.37,27.59
44,40,Freelancer,2024-07,2404.21,Groceries,286.12,1740.84,663.37,27.59
44,40,Freelancer,2024-07,2404.21,Transport,224.95,1740.84,663.37,27.59
44,40,Freelancer,2024-07,2404.21,Entertainment,151.84,1740.84,663.37,27.59
44,40,Freelancer,2024-07,2404.21,Utilities,120.81,1740.84,663.37,27.59
44,40,Freelancer,2024-07,2404.21,Healthcare,113.83,1740.84,663.37,27.59
44,40,Freelancer,2024-07,2404.21,Education,2.37,1740.84,663.37,27.59
44,40,Freelancer,2024-07,2404.21,Shopping,178.24,1740.84,663.37,27.59
44,40,Freelancer,2024-08,2294.58,Rent,760.24,1916.48,378.1,16.48
44,40,Freelancer,2024-08,2294.58,Groceries,338.98,1916.48,378.1,16.48
44,40,Freelancer,2024-08,2294.58,Transport,220.94,1916.48,378.1,16.48
44,40,Freelancer,2024-08,2294.58,Entertainment,173.16,1916.48,378.1,16.48
44,40,Freelancer,2024-08,2294.58,Utilities,127.04,1916.48,378.1,16.48
44,40,Freelancer,2024-08,2294.58,Healthcare,78.95,1916.48,378.1,16.48
44,40,Freelancer,2024-08,2294.58,Education,53.35,1916.48,378.1,16.48
44,40,Freelancer,2024-08,2294.58,Shopping,163.82,1916.48,378.1,16.48
44,40,Freelancer,2024-09,2411.44,Rent,652.77,1750.58,660.86,27.41
44,40,Freelancer,2024-09,2411.44,Groceries,351.85,1750.58,660.86,27.41
44,40,Freelancer,2024-09,2411.44,Transport,218.86,1750.58,660.86,27.41
44,40,Freelancer,2024-09,2411.44,Entertainment,190.37,1750.58,660.86,27.41
44,40,Freelancer,2024-09,2411.44,Utilities,160.14,1750.58,660.86,27.41
44,40,Freelancer,2024-09,2411.44,Healthcare,75.23,1750.58,660.86,27.41
44,40,Freelancer,2024-09,2411.44,Education,12.78,1750.58,660.86,27.41
44,40,Freelancer,2024-09,2411.44,Shopping,88.58,1750.58,660.86,27.41
44,40,Freelancer,2024-10,2236.94,Rent,696.63,1637.87,599.07,26.78
44,40,Freelancer,2024-10,2236.94,Groceries,313.66,1637.87,599.07,26.78
44,40,Freelancer,2024-10,2236.94,Transport,212.43,1637.87,599.07,26.78
44,40,Freelancer,2024-10,2236.94,Entertainment,136.87,1637.87,599.07,26.78
44,40,Freelancer,2024-10,2236.94,Utilities,89.86,1637.87,599.07,26.78
44,40,Freelancer,2024-10,2236.94,Healthcare,61.41,1637.87,599.07,26.78
44,40,Freelancer,2024-10,2236.94,Education,11.15,1637.87,599.07,26.78
44,40,Freelancer,2024-10,2236.94,Shopping,115.87,1637.87,599.07,26.78
44,40,Freelancer,2024-11,2298.8,Rent,584.68,1598.96,699.84,30.44
44,40,Freelancer,2024-11,2298.8,Groceries,269.93,1598.96,699.84,30.44
44,40,Freelancer,2024-11,2298.8,Transport,135.53,1598.96,699.84,30.44
44,40,Freelancer,2024-11,2298.8,Entertainment,143.34,1598.96,699.84,30.44
44,40,Freelancer,2024-11,2298.8,Utilities,123.97,1598.96,699.84,30.44
44,40,Freelancer,2024-11,2298.8,Healthcare,91.52,1598.96,699.84,30.44
44,40,Freelancer,2024-11,2298.8,Education,49.16,1598.96,699.84,30.44
44,40,Freelancer,2024-11,2298.8,Shopping,200.83,1598.96,699.84,30.44
44,40,Freelancer,2024-12,2214.43,Rent,668.02,1668.82,545.61,24.64
44,40,Freelancer,2024-12,2214.43,Groceries,302.94,1668.82,545.61,24.64
44,40,Freelancer,2024-12,2214.43,Transport,172.38,1668.82,545.61,24.64
44,40,Freelancer,2024-12,2214.43,Entertainment,169.3,1668.82,545.61,24.64
44,40,Freelancer,2024-12,2214.43,Utilities,113.69,1668.82,545.61,24.64
44,40,Freelancer,2024-12,2214.43,Healthcare,85.36,1668.82,545.61,24.64
44,40,Freelancer,2024-12,2214.43,Education,9.8,1668.82,545.61,24.64
44,40,Freelancer,2024-12,2214.43,Shopping,147.35,1668.82,545.61,24.64
44,40,Freelancer,2025-01,2236.06,Rent,594.86,1514.22,721.84,32.28
44,40,Freelancer,2025-01,2236.06,Groceries,284.49,1514.22,721.84,32.28
44,40,Freelancer,2025-01,2236.06,Transport,171.32,1514.22,721.84,32.28
44,40,Freelancer,2025-01,2236.06,Entertainment,75.56,1514.22,721.84,32.28
44,40,Freelancer,2025-01,2236.06,Utilities,136.28,1514.22,721.84,32.28
44,40,Freelancer,2025-01,2236.06,Healthcare,100.51,1514.22,721.84,32.28
44,40,Freelancer,2025-01,2236.06,Education,21.13,1514.22,721.84,32.28
44,40,Freelancer,2025-01,2236.06,Shopping,130.06,1514.22,721.84,32.28
44,40,Freelancer,2025-02,2363.26,Rent,715.93,1715.2,648.06,27.42
44,40,Freelancer,2025-02,2363.26,Groceries,283.06,1715.2,648.06,27.42
44,40,Freelancer,2025-02,2363.26,Transport,156.25,1715.2,648.06,27.42
44,40,Freelancer,2025-02,2363.26,Entertainment,143.02,1715.2,648.06,27.42
44,40,Freelancer,2025-02,2363.26,Utilities,161.11,1715.2,648.06,27.42
44,40,Freelancer,2025-02,2363.26,Healthcare,110.77,1715.2,648.06,27.42
44,40,Freelancer,2025-02,2363.26,Education,8.83,1715.2,648.06,27.42
44,40,Freelancer,2025-02,2363.26,Shopping,136.22,1715.2,648.06,27.42
44,40,Freelancer,2025-03,2413.45,Rent,626.16,1786.25,627.2,25.99
44,40,Freelancer,2025-03,2413.45,Groceries,360.68,1786.25,627.2,25.99
44,40,Freelancer,2025-03,2413.45,Transport,235.2,1786.25,627.2,25.99
44,40,Freelancer,2025-03,2413.45,Entertainment,81.85,1786.25,627.2,25.99
44,40,Freelancer,2025-03,2413.45,Utilities,164.12,1786.25,627.2,25.99
44,40,Freelancer,2025-03,2413.45,Healthcare,83.33,1786.25,627.2,25.99
44,40,Freelancer,2025-03,2413.45,Education,101.93,1786.25,627.2,25.99
44,40,Freelancer,2025-03,2413.45,Shopping,132.99,1786.25,627.2,25.99
44,40,Freelancer,2025-04,2280.99,Rent,714.92,1638.84,642.15,28.15
44,40,Freelancer,2025-04,2280.99,Groceries,316.43,1638.84,642.15,28.15
44,40,Freelancer,2025-04,2280.99,Transport,117.9,1638.84,642.15,28.15
44,40,Freelancer,2025-04,2280.99,Entertainment,136.08,1638.84,642.15,28.15
44,40,Freelancer,2025-04,2280.99,Utilities,104.02,1638.84,642.15,28.15
44,40,Freelancer,2025-04,2280.99,Healthcare,77.18,1638.84,642.15,28.15
44,40,Freelancer,2025-04,2280.99,Education,39.69,1638.84,642.15,28.15
44,40,Freelancer,2025-04,2280.99,Shopping,132.63,1638.84,642.15,28.15
44,40,Freelancer,2025-05,2249.58,Rent,586.55,1547.21,702.37,31.22
44,40,Freelancer,2025-05,2249.58,Groceries,241.34,1547.21,702.37,31.22
44,40,Freelancer,2025-05,2249.58,Transport,116.24,1547.21,702.37,31.22
44,40,Freelancer,2025-05,2249.58,Entertainment,120.38,1547.21,702.37,31.22
44,40,Freelancer,2025-05,2249.58,Utilities,154.4,1547.21,702.37,31.22
44,40,Freelancer,2025-05,2249.58,Healthcare,55.4,1547.21,702.37,31.22
44,40,Freelancer,2025-05,2249.58,Education,106.43,1547.21,702.37,31.22
44,40,Freelancer,2025-05,2249.58,Shopping,166.47,1547.21,702.37,31.22
44,40,Freelancer,2025-06,2338.88,Rent,735.64,1746.7,592.18,25.32
44,40,Freelancer,2025-06,2338.88,Groceries,330.57,1746.7,592.18,25.32
44,40,Freelancer,2025-06,2338.88,Transport,129.45,1746.7,592.18,25.32
44,40,Freelancer,2025-06,2338.88,Entertainment,129.19,1746.7,592.18,25.32
44,40,Freelancer,2025-06,2338.88,Utilities,142.47,1746.7,592.18,25.32
44,40,Freelancer,2025-06,2338.88,Healthcare,101.68,1746.7,592.18,25.32
44,40,Freelancer,2025-06,2338.88,Education,97.39,1746.7,592.18,25.32
44,40,Freelancer,2025-06,2338.88,Shopping,80.31,1746.7,592.18,25.32
44,40,Freelancer,2025-07,2354.54,Rent,714.37,1771.46,583.08,24.76
44,40,Freelancer,2025-07,2354.54,Groceries,280.09,1771.46,583.08,24.76
44,40,Freelancer,2025-07,2354.54,Transport,157.79,1771.46,583.08,24.76
44,40,Freelancer,2025-07,2354.54,Entertainment,143.73,1771.46,583.08,24.76
44,40,Freelancer,2025-07,2354.54,Utilities,157.12,1771.46,583.08,24.76
44,40,Freelancer,2025-07,2354.54,Healthcare,93.82,1771.46,583.08,24.76
44,40,Freelancer,2025-07,2354.54,Education,97.09,1771.46,583.08,24.76
44,40,Freelancer,2025-07,2354.54,Shopping,127.45,1771.46,583.08,24.76
44,40,Freelancer,2025-08,2181.36,Rent,558.76,1377.85,803.51,36.84
44,40,Freelancer,2025-08,2181.36,Groceries,223.73,1377.85,803.51,36.84
44,40,Freelancer,2025-08,2181.36,Transport,150.53,1377.85,803.51,36.84
44,40,Freelancer,2025-08,2181.36,Entertainment,102.22,1377.85,803.51,36.84
44,40,Freelancer,2025-08,2181.36,Utilities,134.24,1377.85,803.51,36.84
44,40,Freelancer,2025-08,2181.36,Healthcare,108.44,1377.85,803.51,36.84
44,40,Freelancer,2025-08,2181.36,Education,5.55,1377.85,803.51,36.84
44,40,Freelancer,2025-08,2181.36,Shopping,94.38,1377.85,803.51,36.84
44,40,Freelancer,2025-09,2231.95,Rent,680.21,1582.21,649.74,29.11
44,40,Freelancer,2025-09,2231.95,Groceries,239.32,1582.21,649.74,29.11
44,40,Freelancer,2025-09,2231.95,Transport,126.55,1582.21,649.74,29.11
44,40,Freelancer,2025-09,2231.95,Entertainment,172.28,1582.21,649.74,29.11
44,40,Freelancer,2025-09,2231.95,Utilities,143.13,1582.21,649.74,29.11
44,40,Freelancer,2025-09,2231.95,Healthcare,60.77,1582.21,649.74,29.11
44,40,Freelancer,2025-09,2231.95,Education,45.37,1582.21,649.74,29.11
44,40,Freelancer,2025-09,2231.95,Shopping,114.58,1582.21,649.74,29.11
44,40,Freelancer,2025-10,2384.07,Rent,717.66,1675.02,709.05,29.74
44,40,Freelancer,2025-10,2384.07,Groceries,253.65,1675.02,709.05,29.74
44,40,Freelancer,2025-10,2384.07,Transport,207.29,1675.02,709.05,29.74
44,40,Freelancer,2025-10,2384.07,Entertainment,118.83,1675.02,709.05,29.74
44,40,Freelancer,2025-10,2384.07,Utilities,114.17,1675.02,709.05,29.74
44,40,Freelancer,2025-10,2384.07,Healthcare,83.49,1675.02,709.05,29.74
44,40,Freelancer,2025-10,2384.07,Education,59.33,1675.02,709.05,29.74
44,40,Freelancer,2025-10,2384.07,Shopping,120.6,1675.02,709.05,29.74
44,40,Freelancer,2025-11,2222.43,Rent,644.17,1606.75,615.67,27.7
44,40,Freelancer,2025-11,2222.43,Groceries,224.37,1606.75,615.67,27.7
44,40,Freelancer,2025-11,2222.43,Transport,196.96,1606.75,615.67,27.7
44,40,Freelancer,2025-11,2222.43,Entertainment,85.67,1606.75,615.67,27.7
44,40,Freelancer,2025-11,2222.43,Utilities,91.82,1606.75,615.67,27.7
44,40,Freelancer,2025-11,2222.43,Healthcare,102.56,1606.75,615.67,27.7
44,40,Freelancer,2025-11,2222.43,Education,86.0,1606.75,615.67,27.7
44,40,Freelancer,2025-11,2222.43,Shopping,175.19,1606.75,615.67,27.7
44,40,Freelancer,2025-12,2296.49,Rent,621.29,1737.81,558.68,24.33
44,40,Freelancer,2025-12,2296.49,Groceries,314.3,1737.81,558.68,24.33
44,40,Freelancer,2025-12,2296.49,Transport,195.17,1737.81,558.68,24.33
44,40,Freelancer,2025-12,2296.49,Entertainment,97.17,1737.81,558.68,24.33
44,40,Freelancer,2025-12,2296.49,Utilities,154.1,1737.81,558.68,24.33
44,40,Freelancer,2025-12,2296.49,Healthcare,55.52,1737.81,558.68,24.33
44,40,Freelancer,2025-12,2296.49,Education,112.84,1737.81,558.68,24.33
44,40,Freelancer,2025-12,2296.49,Shopping,187.43,1737.81,558.68,24.33
45,59,Student,2024-01,808.98,Rent,276.5,670.39,138.58,17.13
45,59,Student,2024-01,808.98,Groceries,96.55,670.39,138.58,17.13
45,59,Student,2024-01,808.98,Transport,63.21,670.39,138.58,17.13
45,59,Student,2024-01,808.98,Entertainment,56.75,670.39,138.58,17.13
45,59,Student,2024-01,808.98,Utilities,42.73,670.39,138.58,17.13
45,59,Student,2024-01,808.98,Healthcare,23.74,670.39,138.58,17.13
45,59,Student,2024-01,808.98,Education,40.23,670.39,138.58,17.13
45,59,Student,2024-01,808.98,Shopping,70.7,670.39,138.58,17.13
45,59,Student,2024-02,847.72,Rent,270.29,679.97,167.75,19.79
45,59,Student,2024-02,847.72,Groceries,97.27,679.97,167.75,19.79
45,59,Student,2024-02,847.72,Transport,81.1,679.97,167.75,19.79
45,59,Student,2024-02,847.72,Entertainment,37.11,679.97,167.75,19.79
45,59,Student,2024-02,847.72,Utilities,54.27,679.97,167.75,19.79
45,59,Student,2024-02,847.72,Healthcare,48.09,679.97,167.75,19.79
45,59,Student,2024-02,847.72,Education,25.56,679.97,167.75,19.79
45,59,Student,2024-02,847.72,Shopping,66.28,679.97,167.75,19.79
45,59,Student,2024-03,842.34,Rent,226.85,610.84,231.49,27.48
45,59,Student,2024-03,842.34,Groceries,112.36,610.84,231.49,27.48
45,59,Student,2024-03,842.34,Transport,46.05,610.84,231.49,27.48
45,59,Student,2024-03,842.34,Entertainment,46.66,610.84,231.49,27.48
45,59,Student,2024-03,842.34,Utilities,37.79,610.84,231.49,27.48
45,59,Student,2024-03,842.34,Healthcare,30.87,610.84,231.49,27.48
45,59,Student,2024-03,842.34,Education,35.08,610.84,231.49,27.48
45,59,Student,2024-03,842.34,Shopping,75.16,610.84,231.49,27.48
45,59,Student,2024-04,793.07,Rent,240.45,635.29,157.78,19.89
45,59,Student,2024-04,793.07,Groceries,99.58,635.29,157.78,19.89
45,59,Student,2024-04,793.07,Transport,77.5,635.29,157.78,19.89
45,59,Student,2024-04,793.07,Entertainment,42.77,635.29,157.78,19.89
45,59,Student,2024-04,793.07,Utilities,48.36,635.29,157.78,19.89
45,59,Student,2024-04,793.07,Healthcare,45.1,635.29,157.78,19.89
45,59,Student,2024-04,793.07,Education,14.81,635.29,157.78,19.89
45,59,Student,2024-04,793.07,Shopping,66.72,635.29,157.78,19.89
45,59,Student,2024-05,855.42,Rent,293.46,628.04,227.38,26.58
45,59,Student,2024-05,855.42,Groceries,97.11,628.04,227.38,26.58
45,59,Student,2024-05,855.42,Transport,59.89,628.04,227.38,26.58
45,59,Student,2024-05,855.42,Entertainment,62.89,628.04,227.38,26.58
45,59,Student,2024-05,855.42,Utilities,43.43,628.04,227.38,26.58
45,59,Student,2024-05,855.42,Healthcare,37.65,628.04,227.38,26.58
45,59,Student,2024-05,855.42,Education,5.05,628.04,227.38,26.58
45,59,Student,2024-05,855.42,Shopping,28.55,628.04,227.38,26.58
45,59,Student,2024-06,802.85,Rent,247.19,598.47,204.38,25.46
45,59,Student,2024-06,802.85,Groceries,96.05,598.47,204.38,25.46
45,59,Student,2024-06,802.85,Transport,63.33,598.47,204.38,25.46
45,59,Student,2024-06,802.85,Entertainment,44.76,598.47,204.38,25.46
45,59,Student,2024-06,802.85,Utilities,48.63,598.47,204.38,25.46
45,59,Student,2024-06,802.85,Healthcare,36.92,598.47,204.38,25.46
45,59,Student,2024-06,802.85,Education,17.03,598.47,204.38,25.46
45,59,Student,2024-06,802.85,Shopping,44.56,598.47,204.38,25.46
45,59,Student,2024-07,774.64,Rent,233.42,551.85,222.8,28.76
45,59,Student,2024-07,774.64,Groceries,100.21,551.85,222.8,28.76
45,59,Student,2024-07,774.64,Transport,57.19,551.85,222.8,28.76
45,59,Student,2024-07,774.64,Entertainment,35.85,551.85,222.8,28.76
45,59,Student,2024-07,774.64,Utilities,47.76,551.85,222.8,28.76
45,59,Student,2024-07,774.64,Healthcare,17.81,551.85,222.8,28.76
45,59,Student,2024-07,774.64,Education,35.42,551.85,222.8,28.76
45,59,Student,2024-07,774.64,Shopping,24.2,551.85,222.8,28.76
45,59,Student,2024-08,860.08,Rent,254.79,571.91,288.17,33.5
45,59,Student,2024-08,860.08,Groceries,103.75,571.91,288.17,33.5
45,59,Student,2024-08,860.08,Transport,54.03,571.91,288.17,33.5
45,59,Student,2024-08,860.08,Entertainment,26.24,571.91,288.17,33.5
45,59,Student,2024-08,860.08,Utilities,41.49,571.91,288.17,33.5
45,59,Student,2024-08,860.08,Healthcare,20.97,571.91,288.17,33.5
45,59,Student,2024-08,860.08,Education,28.38,571.91,288.17,33.5
45,59,Student,2024-08,860.08,Shopping,42.27,571.91,288.17,33.5
45,59,Student,2024-09,839.79,Rent,227.32,569.58,270.21,32.18
45,59,Student,2024-09,839.79,Groceries,121.78,569.58,270.21,32.18
45,59,Student,2024-09,839.79,Transport,63.95,569.58,270.21,32.18
45,59,Student,2024-09,839.79,Entertainment,30.0,569.58,270.21,32.18
45,59,Student,2024-09,839.79,Utilities,43.69,569.58,270.21,32.18
45,59,Student,2024-09,839.79,Healthcare,23.74,569.58,270.21,32.18
45,59,Student,2024-09,839.79,Education,8.38,569.58,270.21,32.18
45,59,Student,2024-09,839.79,Shopping,50.71,569.58,270.21,32.18
45,59,Student,2024-10,829.88,Rent,283.12,662.0,167.87,20.23
45,59,Student,2024-10,829.88,Groceries,103.82,662.0,167.87,20.23
45,59,Student,2024-10,829.88,Transport,81.57,662.0,167.87,20.23
45,59,Student,2024-10,829.88,Entertainment,63.97,662.0,167.87,20.23
45,59,Student,2024-10,829.88,Utilities,54.73,662.0,167.87,20.23
45,59,Student,2024-10,829.88,Healthcare,33.19,662.0,167.87,20.23
45,59,Student,2024-10,829.88,Education,5.85,662.0,167.87,20.23
45,59,Student,2024-10,829.88,Shopping,35.75,662.0,167.87,20.23
45,59,Student,2024-11,827.36,Rent,241.73,577.77,249.59,30.17
45,59,Student,2024-11,827.36,Groceries,88.81,577.77,249.59,30.17
45,59,Student,2024-11,827.36,Transport,61.18,577.77,249.59,30.17
45,59,Student,2024-11,827.36,Entertainment,25.54,577.77,249.59,30.17
45,59,Student,2024-11,827.36,Utilities,51.31,577.77,249.59,30.17
45,59,Student,2024-11,827.36,Healthcare,18.98,577.77,249.59,30.17
45,59,Student,2024-11,827.36,Education,26.03,577.77,249.59,30.17
45,59,Student,2024-11,827.36,Shopping,64.19,577.77,249.59,30.17
45,59,Student,2024-12,773.79,Rent,233.58,542.36,231.44,29.91
45,59,Student,2024-12,773.79,Groceries,107.52,542.36,231.44,29.91
45,59,Student,2024-12,773.79,Transport,48.77,542.36,231.44,29.91
45,59,Student,2024-12,773.79,Entertainment,29.52,542.36,231.44,29.91
45,59,Student,2024-12,773.79,Utilities,38.77,542.36,231.44,29.91
45,59,Student,2024-12,773.79,Healthcare,32.64,542.36,231.44,29.91
45,59,Student,2024-12,773.79,Education,22.26,542.36,231.44,29.91
45,59,Student,2024-12,773.79,Shopping,29.29,542.36,231.44,29.91
45,59,Student,2025-01,807.59,Rent,223.56,606.73,200.86,24.87
45,59,Student,2025-01,807.59,Groceries,114.76,606.73,200.86,24.87
45,59,Student,2025-01,807.59,Transport,53.04,606.73,200.86,24.87
45,59,Student,2025-01,807.59,Entertainment,58.09,606.73,200.86,24.87
45,59,Student,2025-01,807.59,Utilities,42.69,606.73,200.86,24.87
45,59,Student,2025-01,807.59,Healthcare,39.62,606.73,200.86,24.87
45,59,Student,2025-01,807.59,Education,20.6,606.73,200.86,24.87
45,59,Student,2025-01,807.59,Shopping,54.36,606.73,200.86,24.87
45,59,Student,2025-02,801.12,Rent,261.82,621.54,179.58,22.42
45,59,Student,2025-02,801.12,Groceries,97.14,621.54,179.58,22.42
45,59,Student,2025-02,801.12,Transport,58.38,621.54,179.58,22.42
45,59,Student,2025-02,801.12,Entertainment,44.77,621.54,179.58,22.42
45,59,Student,2025-02,801.12,Utilities,52.04,621.54,179.58,22.42
45,59,Student,2025-02,801.12,Healthcare,37.15,621.54,179.58,22.42
45,59,Student,2025-02,801.12,Education,13.99,621.54,179.58,22.42
45,59,Student,2025-02,801.12,Shopping,56.25,621.54,179.58,22.42
45,59,Student,2025-03,826.81,Rent,283.68,673.96,152.85,18.49
45,59,Student,2025-03,826.81,Groceries,117.47,673.96,152.85,18.49
45,59,Student,2025-03,826.81,Transport,68.11,673.96,152.85,18.49
45,59,Student,2025-03,826.81,Entertainment,38.92,673.96,152.85,18.49
45,59,Student,2025-03,826.81,Utilities,52.41,673.96,152.85,18.49
45,59,Student,2025-03,826.81,Healthcare,35.56,673.96,152.85,18.49
45,59,Student,2025-03,826.81,Education,40.73,673.96,152.85,18.49
45,59,Student,2025-03,826.81,Shopping,37.08,673.96,152.85,18.49
45,59,Student,2025-04,768.28,Rent,197.44,547.05,221.23,28.8
45,59,Student,2025-04,768.28,Groceries,101.41,547.05,221.23,28.8
45,59,Student,2025-04,768.28,Transport,74.5,547.05,221.23,28.8
45,59,Student,2025-04,768.28,Entertainment,23.12,547.05,221.23,28.8
45,59,Student,2025-04,768.28,Utilities,47.46,547.05,221.23,28.8
45,59,Student,2025-04,768.28,Healthcare,35.56,547.05,221.23,28.8
45,59,Student,2025-04,768.28,Education,28.13,547.05,221.23,28.8
45,59,Student,2025-04,768.28,Shopping,39.43,547.05,221.23,28.8
45,59,Student,2025-05,845.33,Rent,215.11,579.15,266.19,31.49
45,59,Student,2025-05,845.33,Groceries,116.46,579.15,266.19,31.49
45,59,Student,2025-05,845.33,Transport,53.55,579.15,266.19,31.49
45,59,Student,2025-05,845.33,Entertainment,45.51,579.15,266.19,31.49
45,59,Student,2025-05,845.33,Utilities,54.68,579.15,266.19,31.49
45,59,Student,2025-05,845.33,Healthcare,26.08,579.15,266.19,31.49
45,59,Student,2025-05,845.33,Education,7.83,579.15,266.19,31.49
45,59,Student,2025-05,845.33,Shopping,59.92,579.15,266.19,31.49
45,59,Student,2025-06,815.47,Rent,245.82,549.58,265.9,32.61
45,59,Student,2025-06,815.47,Groceries,92.02,549.58,265.9,32.61
45,59,Student,2025-06,815.47,Transport,42.2,549.58,265.9,32.61
45,59,Student,2025-06,815.47,Entertainment,41.19,549.58,265.9,32.61
45,59,Student,2025-06,815.47,Utilities,35.23,549.58,265.9,32.61
45,59,Student,2025-06,815.47,Healthcare,45.86,549.58,265.9,32.61
45,59,Student,2025-06,815.47,Education,1.68,549.58,265.9,32.61
45,59,Student,2025-06,815.47,Shopping,45.58,549.58,265.9,32.61
45,59,Student,2025-07,765.43,Rent,198.67,515.07,250.36,32.71
45,59,Student,2025-07,765.43,Groceries,101.76,515.07,250.36,32.71
45,59,Student,2025-07,765.43,Transport,63.04,515.07,250.36,32.71
45,59,Student,2025-07,765.43,Entertainment,24.23,515.07,250.36,32.71
45,59,Student,2025-07,765.43,Utilities,30.64,515.07,250.36,32.71
45,59,Student,2025-07,765.43,Healthcare,17.72,515.07,250.36,32.71
45,59,Student,2025-07,765.43,Education,29.2,515.07,250.36,32.71
45,59,Student,2025-07,765.43,Shopping,49.81,515.07,250.36,32.71
45,59,Student,2025-08,763.96,Rent,228.28,586.9,177.06,23.18
45,59,Student,2025-08,763.96,Groceries,103.59,586.9,177.06,23.18
45,59,Student,2025-08,763.96,Transport,71.39,586.9,177.06,23.18
45,59,Student,2025-08,763.96,Entertainment,58.6,586.9,177.06,23.18
45,59,Student,2025-08,763.96,Utilities,38.06,586.9,177.06,23.18
45,59,Student,2025-08,763.96,Healthcare,19.43,586.9,177.06,23.18
45,59,Student,2025-08,763.96,Education,9.05,586.9,177.06,23.18
45,59,Student,2025-08,763.96,Shopping,58.5,586.9,177.06,23.18
45,59,Student,2025-09,861.03,Rent,255.42,573.8,287.23,33.36
45,59,Student,2025-09,861.03,Groceries,99.25,573.8,287.23,33.36
45,59,Student,2025-09,861.03,Transport,61.53,573.8,287.23,33.36
45,59,Student,2025-09,861.03,Entertainment,38.95,573.8,287.23,33.36
45,59,Student,2025-09,861.03,Utilities,41.07,573.8,287.23,33.36
45,59,Student,2025-09,861.03,Healthcare,37.67,573.8,287.23,33.36
45,59,Student,2025-09,861.03,Education,0.68,573.8,287.23,33.36
45,59,Student,2025-09,861.03,Shopping,39.24,573.8,287.23,33.36
45,59,Student,2025-10,828.78,Rent,209.85,539.81,288.98,34.87
45,59,Student,2025-10,828.78,Groceries,86.33,539.81,288.98,34.87
45,59,Student,2025-10,828.78,Transport,53.6,539.81,288.98,34.87
45,59,Student,2025-10,828.78,Entertainment,61.24,539.81,288.98,34.87
45,59,Student,2025-10,828.78,Utilities,52.17,539.81,288.98,34.87
45,59,Student,2025-10,828.78,Healthcare,17.31,539.81,288.98,34.87
45,59,Student,2025-10,828.78,Education,20.79,539.81,288.98,34.87
45,59,Student,2025-10,828.78,Shopping,38.52,539.81,288.98,34.87
45,59,Student,2025-11,827.46,Rent,266.57,683.57,143.89,17.39
45,59,Student,2025-11,827.46,Groceries,118.45,683.57,143.89,17.39
45,59,Student,2025-11,827.46,Transport,61.04,683.57,143.89,17.39
45,59,Student,2025-11,827.46,Entertainment,65.97,683.57,143.89,17.39
45,59,Student,2025-11,827.46,Utilities,57.43,683.57,143.89,17.39
45,59,Student,2025-11,827.46,Healthcare,45.75,683.57,143.89,17.39
45,59,Student,2025-11,827.46,Education,23.78,683.57,143.89,17.39
45,59,Student,2025-11,827.46,Shopping,44.58,683.57,143.89,17.39
45,59,Student,2025-12,797.9,Rent,200.44,546.08,251.81,31.56
45,59,Student,2025-12,797.9,Groceries,89.73,546.08,251.81,31.56
45,59,Student,2025-12,797.9,Transport,68.57,546.08,251.81,31.56
45,59,Student,2025-12,797.9,Entertainment,48.02,546.08,251.81,31.56
45,59,Student,2025-12,797.9,Utilities,53.85,546.08,251.81,31.56
45,59,Student,2025-12,797.9,Healthcare,17.55,546.08,251.81,31.56
45,59,Student,2025-12,797.9,Education,6.19,546.08,251.81,31.56
45,59,Student,2025-12,797.9,Shopping,61.72,546.08,251.81,31.56
46,43,Engineer,2024-01,4068.16,Rent,1422.41,3329.68,738.48,18.15
46,43,Engineer,2024-01,4068.16,Groceries,566.95,3329.68,738.48,18.15
46,43,Engineer,2024-01,4068.16,Transport,286.55,3329.68,738.48,18.15
46,43,Engineer,2024-01,4068.16,Entertainment,289.52,3329.68,738.48,18.15
46,43,Engineer,2024-01,4068.16,Utilities,245.79,3329.68,738.48,18.15
46,43,Engineer,2024-01,4068.16,Healthcare,209.91,3329.68,738.48,18.15
46,43,Engineer,2024-01,4068.16,Education,165.82,3329.68,738.48,18.15
46,43,Engineer,2024-01,4068.16,Shopping,142.73,3329.68,738.48,18.15
46,43,Engineer,2024-02,4344.6,Rent,1089.1,3257.09,1087.51,25.03
46,43,Engineer,2024-02,4344.6,Groceries,443.9,3257.09,1087.51,25.03
46,43,Engineer,2024-02,4344.6,Transport,413.6,3257.09,1087.51,25.03
46,43,Engineer,2024-02,4344.6,Entertainment,244.94,3257.09,1087.51,25.03
46,43,Engineer,2024-02,4344.6,Utilities,269.7,3257.09,1087.51,25.03
46,43,Engineer,2024-02,4344.6,Healthcare,232.61,3257.09,1087.51,25.03
46,43,Engineer,2024-02,4344.6,Education,206.28,3257.09,1087.51,25.03
46,43,Engineer,2024-02,4344.6,Shopping,356.96,3257.09,1087.51,25.03
46,43,Engineer,2024-03,4268.09,Rent,1210.42,3139.99,1128.1,26.43
46,43,Engineer,2024-03,4268.09,Groceries,459.78,3139.99,1128.1,26.43
46,43,Engineer,2024-03,4268.09,Transport,298.84,3139.99,1128.1,26.43
46,43,Engineer,2024-03,4268.09,Entertainment,206.25,3139.99,1128.1,26.43
46,43,Engineer,2024-03,4268.09,Utilities,242.37,3139.99,1128.1,26.43
46,43,Engineer,2024-03,4268.09,Healthcare,198.98,3139.99,1128.1,26.43
46,43,Engineer,2024-03,4268.09,Education,208.78,3139.99,1128.1,26.43
46,43,Engineer,2024-03,4268.09,Shopping,314.57,3139.99,1128.1,26.43
46,43,Engineer,2024-04,4355.99,Rent,1234.96,2970.82,1385.16,31.8
46,43,Engineer,2024-04,4355.99,Groceries,443.11,2970.82,1385.16,31.8
46,43,Engineer,2024-04,4355.99,Transport,280.55,2970.82,1385.16,31.8
46,43,Engineer,2024-04,4355.99,Entertainment,298.05,2970.82,1385.16,31.8
46,43,Engineer,2024-04,4355.99,Utilities,201.06,2970.82,1385.16,31.8
46,43,Engineer,2024-04,4355.99,Healthcare,211.21,2970.82,1385.16,31.8
46,43,Engineer,2024-04,4355.99,Education,126.28,2970.82,1385.16,31.8
46,43,Engineer,2024-04,4355.99,Shopping,175.6,2970.82,1385.16,31.8
46,43,Engineer,2024-05,4146.65,Rent,1242.46,3326.95,819.7,19.77
46,43,Engineer,2024-05,4146.65,Groceries,501.41,3326.95,819.7,19.77
46,43,Engineer,2024-05,4146.65,Transport,368.75,3326.95,819.7,19.77
46,43,Engineer,2024-05,4146.65,Entertainment,276.67,3326.95,819.7,19.77
46,43,Engineer,2024-05,4146.65,Utilities,237.34,3326.95,819.7,19.77
46,43,Engineer,2024-05,4146.65,Healthcare,219.32,3326.95,819.7,19.77
46,43,Engineer,2024-05,4146.65,Education,116.66,3326.95,819.7,19.77
46,43,Engineer,2024-05,4146.65,Shopping,364.34,3326.95,819.7,19.77
46,43,Engineer,2024-06,4122.33,Rent,1324.97,2999.08,1123.25,27.25
46,43,Engineer,2024-06,4122.33,Groceries,488.48,2999.08,1123.25,27.25
46,43,Engineer,2024-06,4122.33,Transport,263.62,2999.08,1123.25,27.25
46,43,Engineer,2024-06,4122.33,Entertainment,160.85,2999.08,1123.25,27.25
46,43,Engineer,2024-06,4122.33,Utilities,233.22,2999.08,1123.25,27.25
46,43,Engineer,2024-06,4122.33,Healthcare,117.98,2999.08,1123.25,27.25
46,43,Engineer,2024-06,4122.33,Education,41.3,2999.08,1123.25,27.25
46,43,Engineer,2024-06,4122.33,Shopping,368.67,2999.08,1123.25,27.25
46,43,Engineer,2024-07,4442.54,Rent,1443.06,3619.48,823.06,18.53
46,43,Engineer,2024-07,4442.54,Groceries,620.64,3619.48,823.06,18.53
46,43,Engineer,2024-07,4442.54,Transport,437.35,3619.48,823.06,18.53
46,43,Engineer,2024-07,4442.54,Entertainment,260.62,3619.48,823.06,18.53
46,43,Engineer,2024-07,4442.54,Utilities,207.05,3619.48,823.06,18.53
46,43,Engineer,2024-07,4442.54,Healthcare,242.07,3619.48,823.06,18.53
46,43,Engineer,2024-07,4442.54,Education,164.98,3619.48,823.06,18.53
46,43,Engineer,2024-07,4442.54,Shopping,243.71,3619.48,823.06,18.53
46,43,Engineer,2024-08,4262.76,Rent,1241.0,3310.88,951.88,22.33
46,43,Engineer,2024-08,4262.76,Groceries,624.48,3310.88,951.88,22.33
46,43,Engineer,2024-08,4262.76,Transport,286.36,3310.88,951.88,22.33
46,43,Engineer,2024-08,4262.76,Entertainment,333.24,3310.88,951.88,22.33
46,43,Engineer,2024-08,4262.76,Utilities,286.92,3310.88,951.88,22.33
46,43,Engineer,2024-08,4262.76,Healthcare,192.77,3310.88,951.88,22.33
46,43,Engineer,2024-08,4262.76,Education,123.58,3310.88,951.88,22.33
46,43,Engineer,2024-08,4262.76,Shopping,222.54,3310.88,951.88,22.33
46,43,Engineer,2024-09,4013.37,Rent,1054.56,2890.4,1122.97,27.98
46,43,Engineer,2024-09,4013.37,Groceries,552.69,2890.4,1122.97,27.98
46,43,Engineer,2024-09,4013.37,Transport,295.29,2890.4,1122.97,27.98
46,43,Engineer,2024-09,4013.37,Entertainment,150.47,2890.4,1122.97,27.98
46,43,Engineer,2024-09,4013.37,Utilities,192.32,2890.4,1122.97,27.98
46,43,Engineer,2024-09,4013.37,Healthcare,232.43,2890.4,1122.97,27.98
46,43,Engineer,2024-09,4013.37,Education,73.67,2890.4,1122.97,27.98
46,43,Engineer,2024-09,4013.37,Shopping,338.97,2890.4,1122.97,27.98
46,43,Engineer,2024-10,4170.21,Rent,1269.09,3073.63,1096.58,26.3
46,43,Engineer,2024-10,4170.21,Groceries,421.29,3073.63,1096.58,26.3
46,43,Engineer,2024-10,4170.21,Transport,317.33,3073.63,1096.58,26.3
46,43,Engineer,2024-10,4170.21,Entertainment,257.92,3073.63,1096.58,26.3
46,43,Engineer,2024-10,4170.21,Utilities,196.12,3073.63,1096.58,26.3
46,43,Engineer,2024-10,4170.21,Healthcare,179.98,3073.63,1096.58,26.3
46,43,Engineer,2024-10,4170.21,Education,134.94,3073.63,1096.58,26.3
46,43,Engineer,2024-10,4170.21,Shopping,296.97,3073.63,1096.58,26.3
46,43,Engineer,2024-11,4428.66,Rent,1245.05,3516.68,911.97,20.59
46,43,Engineer,2024-11,4428.66,Groceries,568.59,3516.68,911.97,20.59
46,43,Engineer,2024-11,4428.66,Transport,438.79,3516.68,911.97,20.59
46,43,Engineer,2024-11,4428.66,Entertainment,331.74,3516.68,911.97,20.59
46,43,Engineer,2024-11,4428.66,Utilities,303.72,3516.68,911.97,20.59
46,43,Engineer,2024-11,4428.66,Healthcare,156.98,3516.68,911.97,20.59
46,43,Engineer,2024-11,4428.66,Education,174.25,3516.68,911.97,20.59
46,43,Engineer,2024-11,4428.66,Shopping,297.58,3516.68,911.97,20.59
46,43,Engineer,2024-12,4048.65,Rent,1345.76,2869.14,1179.51,29.13
46,43,Engineer,2024-12,4048.65,Groceries,541.93,2869.14,1179.51,29.13
46,43,Engineer,2024-12,4048.65,Transport,242.7,2869.14,1179.51,29.13
46,43,Engineer,2024-12,4048.65,Entertainment,137.6,2869.14,1179.51,29.13
46,43,Engineer,2024-12,4048.65,Utilities,263.61,2869.14,1179.51,29.13
46,43,Engineer,2024-12,4048.65,Healthcare,93.75,2869.14,1179.51,29.13
46,43,Engineer,2024-12,4048.65,Education,18.49,2869.14,1179.51,29.13
46,43,Engineer,2024-12,4048.65,Shopping,225.29,2869.14,1179.51,29.13
46,43,Engineer,2025-01,4077.17,Rent,1391.81,3287.11,790.06,19.38
46,43,Engineer,2025-01,4077.17,Groceries,503.59,3287.11,790.06,19.38
46,43,Engineer,2025-01,4077.17,Transport,319.88,3287.11,790.06,19.38
46,43,Engineer,2025-01,4077.17,Entertainment,311.52,3287.11,790.06,19.38
46,43,Engineer,2025-01,4077.17,Utilities,227.95,3287.11,790.06,19.38
46,43,Engineer,2025-01,4077.17,Healthcare,139.21,3287.11,790.06,19.38
46,43,Engineer,2025-01,4077.17,Education,162.51,3287.11,790.06,19.38
46,43,Engineer,2025-01,4077.17,Shopping,230.65,3287.11,790.06,19.38
46,43,Engineer,2025-02,4177.79,Rent,1346.6,3418.08,759.71,18.18
46,43,Engineer,2025-02,4177.79,Groceries,585.23,3418.08,759.71,18.18
46,43,Engineer,2025-02,4177.79,Transport,374.27,3418.08,759.71,18.18
46,43,Engineer,2025-02,4177.79,Entertainment,329.56,3418.08,759.71,18.18
46,43,Engineer,2025-02,4177.79,Utilities,265.71,3418.08,759.71,18.18
46,43,Engineer,2025-02,4177.79,Healthcare,212.22,3418.08,759.71,18.18
46,43,Engineer,2025-02,4177.79,Education,179.12,3418.08,759.71,18.18
46,43,Engineer,2025-02,4177.79,Shopping,125.38,3418.08,759.71,18.18
46,43,Engineer,2025-03,4201.87,Rent,1360.4,3269.72,932.15,22.18
46,43,Engineer,2025-03,4201.87,Groceries,546.18,3269.72,932.15,22.18
46,43,Engineer,2025-03,4201.87,Transport,247.4,3269.72,932.15,22.18
46,43,Engineer,2025-03,4201.87,Entertainment,189.87,3269.72,932.15,22.18
46,43,Engineer,2025-03,4201.87,Utilities,210.53,3269.72,932.15,22.18
46,43,Engineer,2025-03,4201.87,Healthcare,179.48,3269.72,932.15,22.18
46,43,Engineer,2025-03,4201.87,Education,174.71,3269.72,932.15,22.18
46,43,Engineer,2025-03,4201.87,Shopping,361.15,3269.72,932.15,22.18
46,43,Engineer,2025-04,4414.24,Rent,1475.66,3351.55,1062.7,24.07
46,43,Engineer,2025-04,4414.24,Groceries,545.18,3351.55,1062.7,24.07
46,43,Engineer,2025-04,4414.24,Transport,306.74,3351.55,1062.7,24.07
46,43,Engineer,2025-04,4414.24,Entertainment,219.1,3351.55,1062.7,24.07
46,43,Engineer,2025-04,4414.24,Utilities,258.15,3351.55,1062.7,24.07
46,43,Engineer,2025-04,4414.24,Healthcare,110.22,3351.55,1062.7,24.07
46,43,Engineer,2025-04,4414.24,Education,127.9,3351.55,1062.7,24.07
46,43,Engineer,2025-04,4414.24,Shopping,308.59,3351.55,1062.7,24.07
46,43,Engineer,2025-05,4243.77,Rent,1465.44,3195.06,1048.7,24.71
46,43,Engineer,2025-05,4243.77,Groceries,553.43,3195.06,1048.7,24.71
46,43,Engineer,2025-05,4243.77,Transport,258.87,3195.06,1048.7,24.71
46,43,Engineer,2025-05,4243.77,Entertainment,229.0,3195.06,1048.7,24.71
46,43,Engineer,2025-05,4243.77,Utilities,255.74,3195.06,1048.7,24.71
46,43,Engineer,2025-05,4243.77,Healthcare,139.81,3195.06,1048.7,24.71
46,43,Engineer,2025-05,4243.77,Education,16.9,3195.06,1048.7,24.71
46,43,Engineer,2025-05,4243.77,Shopping,275.87,3195.06,1048.7,24.71
46,43,Engineer,2025-06,4522.59,Rent,1350.03,3416.03,1106.56,24.47
46,43,Engineer,2025-06,4522.59,Groceries,657.16,3416.03,1106.56,24.47
46,43,Engineer,2025-06,4522.59,Transport,414.95,3416.03,1106.56,24.47
46,43,Engineer,2025-06,4522.59,Entertainment,169.01,3416.03,1106.56,24.47
46,43,Engineer,2025-06,4522.59,Utilities,276.99,3416.03,1106.56,24.47
46,43,Engineer,2025-06,4522.59,Healthcare,169.23,3416.03,1106.56,24.47
46,43,Engineer,2025-06,4522.59,Education,56.59,3416.03,1106.56,24.47
46,43,Engineer,2025-06,4522.59,Shopping,322.08,3416.03,1106.56,24.47
46,43,Engineer,2025-07,4410.17,Rent,1181.88,3248.92,1161.25,26.33
46,43,Engineer,2025-07,4410.17,Groceries,642.66,3248.92,1161.25,26.33
46,43,Engineer,2025-07,4410.17,Transport,386.14,3248.92,1161.25,26.33
46,43,Engineer,2025-07,4410.17,Entertainment,338.12,3248.92,1161.25,26.33
46,43,Engineer,2025-07,4410.17,Utilities,218.36,3248.92,1161.25,26.33
46,43,Engineer,2025-07,4410.17,Healthcare,253.91,3248.92,1161.25,26.33
46,43,Engineer,2025-07,4410.17,Education,81.26,3248.92,1161.25,26.33
46,43,Engineer,2025-07,4410.17,Shopping,146.59,3248.92,1161.25,26.33
46,43,Engineer,2025-08,4421.3,Rent,1416.37,3252.0,1169.3,26.45
46,43,Engineer,2025-08,4421.3,Groceries,574.31,3252.0,1169.3,26.45
46,43,Engineer,2025-08,4421.3,Transport,329.36,3252.0,1169.3,26.45
46,43,Engineer,2025-08,4421.3,Entertainment,139.75,3252.0,1169.3,26.45
46,43,Engineer,2025-08,4421.3,Utilities,259.7,3252.0,1169.3,26.45
46,43,Engineer,2025-08,4421.3,Healthcare,162.14,3252.0,1169.3,26.45
46,43,Engineer,2025-08,4421.3,Education,123.84,3252.0,1169.3,26.45
46,43,Engineer,2025-08,4421.3,Shopping,246.53,3252.0,1169.3,26.45
46,43,Engineer,2025-09,4532.55,Rent,1406.95,3389.74,1142.81,25.21
46,43,Engineer,2025-09,4532.55,Groceries,623.05,3389.74,1142.81,25.21
46,43,Engineer,2025-09,4532.55,Transport,438.83,3389.74,1142.81,25.21
46,43,Engineer,2025-09,4532.55,Entertainment,270.05,3389.74,1142.81,25.21
46,43,Engineer,2025-09,4532.55,Utilities,182.94,3389.74,1142.81,25.21
46,43,Engineer,2025-09,4532.55,Healthcare,96.87,3389.74,1142.81,25.21
46,43,Engineer,2025-09,4532.55,Education,159.17,3389.74,1142.81,25.21
46,43,Engineer,2025-09,4532.55,Shopping,211.87,3389.74,1142.81,25.21
46,43,Engineer,2025-10,4320.72,Rent,1167.58,3215.22,1105.5,25.59
46,43,Engineer,2025-10,4320.72,Groceries,490.46,3215.22,1105.5,25.59
46,43,Engineer,2025-10,4320.72,Transport,325.06,3215.22,1105.5,25.59
46,43,Engineer,2025-10,4320.72,Entertainment,340.38,3215.22,1105.5,25.59
46,43,Engineer,2025-10,4320.72,Utilities,252.71,3215.22,1105.5,25.59
46,43,Engineer,2025-10,4320.72,Healthcare,248.21,3215.22,1105.5,25.59
46,43,Engineer,2025-10,4320.72,Education,207.26,3215.22,1105.5,25.59
46,43,Engineer,2025-10,4320.72,Shopping,183.57,3215.22,1105.5,25.59
46,43,Engineer,2025-11,4173.8,Rent,1364.83,3287.31,886.49,21.24
46,43,Engineer,2025-11,4173.8,Groceries,598.27,3287.31,886.49,21.24
46,43,Engineer,2025-11,4173.8,Transport,317.05,3287.31,886.49,21.24
46,43,Engineer,2025-11,4173.8,Entertainment,332.49,3287.31,886.49,21.24
46,43,Engineer,2025-11,4173.8,Utilities,168.4,3287.31,886.49,21.24
46,43,Engineer,2025-11,4173.8,Healthcare,133.49,3287.31,886.49,21.24
46,43,Engineer,2025-11,4173.8,Education,130.05,3287.31,886.49,21.24
46,43,Engineer,2025-11,4173.8,Shopping,242.74,3287.31,886.49,21.24
46,43,Engineer,2025-12,4067.2,Rent,1166.39,3023.41,1043.79,25.66
46,43,Engineer,2025-12,4067.2,Groceries,411.9,3023.41,1043.79,25.66
46,43,Engineer,2025-12,4067.2,Transport,334.07,3023.41,1043.79,25.66
46,43,Engineer,2025-12,4067.2,Entertainment,303.56,3023.41,1043.79,25.66
46,43,Engineer,2025-12,4067.2,Utilities,270.66,3023.41,1043.79,25.66
46,43,Engineer,2025-12,4067.2,Healthcare,195.15,3023.41,1043.79,25.66
46,43,Engineer,2025-12,4067.2,Education,94.72,3023.41,1043.79,25.66
46,43,Engineer,2025-12,4067.2,Shopping,246.97,3023.41,1043.79,25.66
47,55,Designer,2024-01,3137.15,Rent,1071.26,2397.99,739.16,23.56
47,55,Designer,2024-01,3137.15,Groceries,397.94,2397.99,739.16,23.56
47,55,Designer,2024-01,3137.15,Transport,271.01,2397.99,739.16,23.56
47,55,Designer,2024-01,3137.15,Entertainment,113.17,2397.99,739.16,23.56
47,55,Designer,2024-01,3137.15,Utilities,182.76,2397.99,739.16,23.56
47,55,Designer,2024-01,3137.15,Healthcare,150.93,2397.99,739.16,23.56
47,55,Designer,2024-01,3137.15,Education,71.02,2397.99,739.16,23.56
47,55,Designer,2024-01,3137.15,Shopping,139.91,2397.99,739.16,23.56
47,55,Designer,2024-02,3158.83,Rent,1024.38,2411.92,746.91,23.65
47,55,Designer,2024-02,3158.83,Groceries,458.01,2411.92,746.91,23.65
47,55,Designer,2024-02,3158.83,Transport,287.2,2411.92,746.91,23.65
47,55,Designer,2024-02,3158.83,Entertainment,251.19,2411.92,746.91,23.65
47,55,Designer,2024-02,3158.83,Utilities,144.56,2411.92,746.91,23.65
47,55,Designer,2024-02,3158.83,Healthcare,74.14,2411.92,746.91,23.65
47,55,Designer,2024-02,3158.83,Education,53.23,2411.92,746.91,23.65
47,55,Designer,2024-02,3158.83,Shopping,119.22,2411.92,746.91,23.65
47,55,Designer,2024-03,3022.12,Rent,946.84,2318.39,703.73,23.29
47,55,Designer,2024-03,3022.12,Groceries,389.59,2318.39,703.73,23.29
47,55,Designer,2024-03,3022.12,Transport,190.28,2318.39,703.73,23.29
47,55,Designer,2024-03,3022.12,Entertainment,227.99,2318.39,703.73,23.29
47,55,Designer,2024-03,3022.12,Utilities,122.8,2318.39,703.73,23.29
47,55,Designer,2024-03,3022.12,Healthcare,102.51,2318.39,703.73,23.29
47,55,Designer,2024-03,3022.12,Education,108.64,2318.39,703.73,23.29
47,55,Designer,2024-03,3022.12,Shopping,229.73,2318.39,703.73,23.29
47,55,Designer,2024-04,2980.82,Rent,750.25,1907.0,1073.82,36.02
47,55,Designer,2024-04,2980.82,Groceries,390.2,1907.0,1073.82,36.02
47,55,Designer,2024-04,2980.82,Transport,158.44,1907.0,1073.82,36.02
47,55,Designer,2024-04,2980.82,Entertainment,105.5,1907.0,1073.82,36.02
47,55,Designer,2024-04,2980.82,Utilities,177.38,1907.0,1073.82,36.02
47,55,Designer,2024-04,2980.82,Healthcare,96.88,1907.0,1073.82,36.02
47,55,Designer,2024-04,2980.82,Education,51.87,1907.0,1073.82,36.02
47,55,Designer,2024-04,2980.82,Shopping,176.49,1907.0,1073.82,36.02
47,55,Designer,2024-05,3197.89,Rent,1108.21,2413.72,784.17,24.52
47,55,Designer,2024-05,3197.89,Groceries,386.35,2413.72,784.17,24.52
47,55,Designer,2024-05,3197.89,Transport,202.35,2413.72,784.17,24.52
47,55,Designer,2024-05,3197.89,Entertainment,144.32,2413.72,784.17,24.52
47,55,Designer,2024-05,3197.89,Utilities,153.7,2413.72,784.17,24.52
47,55,Designer,2024-05,3197.89,Healthcare,132.04,2413.72,784.17,24.52
47,55,Designer,2024-05,3197.89,Education,97.03,2413.72,784.17,24.52
47,55,Designer,2024-05,3197.89,Shopping,189.72,2413.72,784.17,24.52
47,55,Designer,2024-06,2977.69,Rent,807.34,2118.52,859.17,28.85
47,55,Designer,2024-06,2977.69,Groceries,369.61,2118.52,859.17,28.85
47,55,Designer,2024-06,2977.69,Transport,199.67,2118.52,859.17,28.85
47,55,Designer,2024-06,2977.69,Entertainment,169.97,2118.52,859.17,28.85
47,55,Designer,2024-06,2977.69,Utilities,179.42,2118.52,859.17,28.85
47,55,Designer,2024-06,2977.69,Healthcare,134.99,2118.52,859.17,28.85
47,55,Designer,2024-06,2977.69,Education,68.86,2118.52,859.17,28.85
47,55,Designer,2024-06,2977.69,Shopping,188.68,2118.52,859.17,28.85
47,55,Designer,2024-07,2930.16,Rent,739.64,2072.61,857.55,29.27
47,55,Designer,2024-07,2930.16,Groceries,384.59,2072.61,857.55,29.27
47,55,Designer,2024-07,2930.16,Transport,183.51,2072.61,857.55,29.27
47,55,Designer,2024-07,2930.16,Entertainment,185.91,2072.61,857.55,29.27
47,55,Designer,2024-07,2930.16,Utilities,182.87,2072.61,857.55,29.27
47,55,Designer,2024-07,2930.16,Healthcare,165.96,2072.61,857.55,29.27
47,55,Designer,2024-07,2930.16,Education,140.37,2072.61,857.55,29.27
47,55,Designer,2024-07,2930.16,Shopping,89.76,2072.61,857.55,29.27
47,55,Designer,2024-08,3202.44,Rent,1019.34,2375.23,827.21,25.83
47,55,Designer,2024-08,3202.44,Groceries,423.29,2375.23,827.21,25.83
47,55,Designer,2024-08,3202.44,Transport,162.56,2375.23,827.21,25.83
47,55,Designer,2024-08,3202.44,Entertainment,233.98,2375.23,827.21,25.83
47,55,Designer,2024-08,3202.44,Utilities,142.08,2375.23,827.21,25.83
47,55,Designer,2024-08,3202.44,Healthcare,171.31,2375.23,827.21,25.83
47,55,Designer,2024-08,3202.44,Education,2.49,2375.23,827.21,25.83
47,55,Designer,2024-08,3202.44,Shopping,220.19,2375.23,827.21,25.83
47,55,Designer,2024-09,2988.03,Rent,807.0,2077.63,910.4,30.47
47,55,Designer,2024-09,2988.03,Groceries,314.87,2077.63,910.4,30.47
47,55,Designer,2024-09,2988.03,Transport,215.16,2077.63,910.4,30.47
47,55,Designer,2024-09,2988.03,Entertainment,108.06,2077.63,910.4,30.47
47,55,Designer,2024-09,2988.03,Utilities,163.13,2077.63,910.4,30.47
47,55,Designer,2024-09,2988.03,Healthcare,134.49,2077.63,910.4,30.47
47,55,Designer,2024-09,2988.03,Education,123.61,2077.63,910.4,30.47
47,55,Designer,2024-09,2988.03,Shopping,211.31,2077.63,910.4,30.47
47,55,Designer,2024-10,2845.39,Rent,798.82,2180.23,665.17,23.38
47,55,Designer,2024-10,2845.39,Groceries,325.51,2180.23,665.17,23.38
47,55,Designer,2024-10,2845.39,Transport,272.45,2180.23,665.17,23.38
47,55,Designer,2024-10,2845.39,Entertainment,208.82,2180.23,665.17,23.38
47,55,Designer,2024-10,2845.39,Utilities,145.41,2180.23,665.17,23.38
47,55,Designer,2024-10,2845.39,Healthcare,65.01,2180.23,665.17,23.38
47,55,Designer,2024-10,2845.39,Education,127.2,2180.23,665.17,23.38
47,55,Designer,2024-10,2845.39,Shopping,237.0,2180.23,665.17,23.38
47,55,Designer,2024-11,3150.1,Rent,1053.73,2325.09,825.01,26.19
47,55,Designer,2024-11,3150.1,Groceries,390.65,2325.09,825.01,26.19
47,55,Designer,2024-11,3150.1,Transport,185.45,2325.09,825.01,26.19
47,55,Designer,2024-11,3150.1,Entertainment,169.71,2325.09,825.01,26.19
47,55,Designer,2024-11,3150.1,Utilities,172.74,2325.09,825.01,26.19
47,55,Designer,2024-11,3150.1,Healthcare,124.74,2325.09,825.01,26.19
47,55,Designer,2024-11,3150.1,Education,84.86,2325.09,825.01,26.19
47,55,Designer,2024-11,3150.1,Shopping,143.2,2325.09,825.01,26.19
47,55,Designer,2024-12,2961.57,Rent,868.98,2080.59,880.98,29.75
47,55,Designer,2024-12,2961.57,Groceries,315.57,2080.59,880.98,29.75
47,55,Designer,2024-12,2961.57,Transport,215.51,2080.59,880.98,29.75
47,55,Designer,2024-12,2961.57,Entertainment,208.86,2080.59,880.98,29.75
47,55,Designer,2024-12,2961.57,Utilities,192.03,2080.59,880.98,29.75
47,55,Designer,2024-12,2961.57,Healthcare,107.99,2080.59,880.98,29.75
47,55,Designer,2024-12,2961.57,Education,76.82,2080.59,880.98,29.75
47,55,Designer,2024-12,2961.57,Shopping,94.83,2080.59,880.98,29.75
47,55,Designer,2025-01,3080.51,Rent,894.77,2182.51,898.0,29.15
47,55,Designer,2025-01,3080.51,Groceries,376.67,2182.51,898.0,29.15
47,55,Designer,2025-01,3080.51,Transport,288.59,2182.51,898.0,29.15
47,55,Designer,2025-01,3080.51,Entertainment,163.55,2182.51,898.0,29.15
47,55,Designer,2025-01,3080.51,Utilities,125.18,2182.51,898.0,29.15
47,55,Designer,2025-01,3080.51,Healthcare,89.64,2182.51,898.0,29.15
47,55,Designer,2025-01,3080.51,Education,73.26,2182.51,898.0,29.15
47,55,Designer,2025-01,3080.51,Shopping,170.86,2182.51,898.0,29.15
47,55,Designer,2025-02,3152.27,Rent,958.96,2288.31,863.96,27.41
47,55,Designer,2025-02,3152.27,Groceries,423.92,2288.31,863.96,27.41
47,55,Designer,2025-02,3152.27,Transport,231.59,2288.31,863.96,27.41
47,55,Designer,2025-02,3152.27,Entertainment,163.86,2288.31,863.96,27.41
47,55,Designer,2025-02,3152.27,Utilities,168.3,2288.31,863.96,27.41
47,55,Designer,2025-02,3152.27,Healthcare,114.86,2288.31,863.96,27.41
47,55,Designer,2025-02,3152.27,Education,84.89,2288.31,863.96,27.41
47,55,Designer,2025-02,3152.27,Shopping,141.94,2288.31,863.96,27.41
47,55,Designer,2025-03,3164.11,Rent,896.42,1957.5,1206.61,38.13
47,55,Designer,2025-03,3164.11,Groceries,339.75,1957.5,1206.61,38.13
47,55,Designer,2025-03,3164.11,Transport,173.48,1957.5,1206.61,38.13
47,55,Designer,2025-03,3164.11,Entertainment,97.05,1957.5,1206.61,38.13
47,55,Designer,2025-03,3164.11,Utilities,166.7,1957.5,1206.61,38.13
47,55,Designer,2025-03,3164.11,Healthcare,87.03,1957.5,1206.61,38.13
47,55,Designer,2025-03,3164.11,Education,3.42,1957.5,1206.61,38.13
47,55,Designer,2025-03,3164.11,Shopping,193.65,1957.5,1206.61,38.13
47,55,Designer,2025-04,3082.65,Rent,797.1,2279.95,802.71,26.04
47,55,Designer,2025-04,3082.65,Groceries,379.31,2279.95,802.71,26.04
47,55,Designer,2025-04,3082.65,Transport,268.75,2279.95,802.71,26.04
47,55,Designer,2025-04,3082.65,Entertainment,244.42,2279.95,802.71,26.04
47,55,Designer,2025-04,3082.65,Utilities,185.01,2279.95,802.71,26.04
47,55,Designer,2025-04,3082.65,Healthcare,91.84,2279.95,802.71,26.04
47,55,Designer,2025-04,3082.65,Education,110.44,2279.95,802.71,26.04
47,55,Designer,2025-04,3082.65,Shopping,203.07,2279.95,802.71,26.04
47,55,Designer,2025-05,2901.97,Rent,972.48,2360.5,541.46,18.66
47,55,Designer,2025-05,2901.97,Groceries,352.21,2360.5,541.46,18.66
47,55,Designer,2025-05,2901.97,Transport,284.68,2360.5,541.46,18.66
47,55,Designer,2025-05,2901.97,Entertainment,191.95,2360.5,541.46,18.66
47,55,Designer,2025-05,2901.97,Utilities,172.19,2360.5,541.46,18.66
47,55,Designer,2025-05,2901.97,Healthcare,142.59,2360.5,541.46,18.66
47,55,Designer,2025-05,2901.97,Education,69.37,2360.5,541.46,18.66
47,55,Designer,2025-05,2901.97,Shopping,175.03,2360.5,541.46,18.66
47,55,Designer,2025-06,3148.73,Rent,1001.59,2575.85,572.89,18.19
47,55,Designer,2025-06,3148.73,Groceries,456.13,2575.85,572.89,18.19
47,55,Designer,2025-06,3148.73,Transport,297.69,2575.85,572.89,18.19
47,55,Designer,2025-06,3148.73,Entertainment,248.2,2575.85,572.89,18.19
47,55,Designer,2025-06,3148.73,Utilities,192.09,2575.85,572.89,18.19
47,55,Designer,2025-06,3148.73,Healthcare,126.24,2575.85,572.89,18.19
47,55,Designer,2025-06,3148.73,Education,26.18,2575.85,572.89,18.19
47,55,Designer,2025-06,3148.73,Shopping,227.73,2575.85,572.89,18.19
47,55,Designer,2025-07,2932.76,Rent,816.17,2214.97,717.79,24.47
47,55,Designer,2025-07,2932.76,Groceries,328.22,2214.97,717.79,24.47
47,55,Designer,2025-07,2932.76,Transport,274.96,2214.97,717.79,24.47
47,55,Designer,2025-07,2932.76,Entertainment,215.26,2214.97,717.79,24.47
47,55,Designer,2025-07,2932.76,Utilities,172.82,2214.97,717.79,24.47
47,55,Designer,2025-07,2932.76,Healthcare,114.14,2214.97,717.79,24.47
47,55,Designer,2025-07,2932.76,Education,98.56,2214.97,717.79,24.47
47,55,Designer,2025-07,2932.76,Shopping,194.83,2214.97,717.79,24.47
47,55,Designer,2025-08,2980.67,Rent,858.32,2134.93,845.74,28.37
47,55,Designer,2025-08,2980.67,Groceries,355.12,2134.93,845.74,28.37
47,55,Designer,2025-08,2980.67,Transport,236.83,2134.93,845.74,28.37
47,55,Designer,2025-08,2980.67,Entertainment,185.94,2134.93,845.74,28.37
47,55,Designer,2025-08,2980.67,Utilities,159.62,2134.93,845.74,28.37
47,55,Designer,2025-08,2980.67,Healthcare,175.11,2134.93,845.74,28.37
47,55,Designer,2025-08,2980.67,Education,12.5,2134.93,845.74,28.37
47,55,Designer,2025-08,2980.67,Shopping,151.49,2134.93,845.74,28.37
47,55,Designer,2025-09,2981.96,Rent,750.54,1942.3,1039.66,34.87
47,55,Designer,2025-09,2981.96,Groceries,352.61,1942.3,1039.66,34.87
47,55,Designer,2025-09,2981.96,Transport,189.91,1942.3,1039.66,34.87
47,55,Designer,2025-09,2981.96,Entertainment,164.91,1942.3,1039.66,34.87
47,55,Designer,2025-09,2981.96,Utilities,149.37,1942.3,1039.66,34.87
47,55,Designer,2025-09,2981.96,Healthcare,146.26,1942.3,1039.66,34.87
47,55,Designer,2025-09,2981.96,Education,76.03,1942.3,1039.66,34.87
47,55,Designer,2025-09,2981.96,Shopping,112.68,1942.3,1039.66,34.87
47,55,Designer,2025-10,3109.7,Rent,808.28,2426.1,683.6,21.98
47,55,Designer,2025-10,3109.7,Groceries,441.43,2426.1,683.6,21.98
47,55,Designer,2025-10,3109.7,Transport,300.31,2426.1,683.6,21.98
47,55,Designer,2025-10,3109.7,Entertainment,143.43,2426.1,683.6,21.98
47,55,Designer,2025-10,3109.7,Utilities,210.79,2426.1,683.6,21.98
47,55,Designer,2025-10,3109.7,Healthcare,160.83,2426.1,683.6,21.98
47,55,Designer,2025-10,3109.7,Education,143.42,2426.1,683.6,21.98
47,55,Designer,2025-10,3109.7,Shopping,217.6,2426.1,683.6,21.98
47,55,Designer,2025-11,2911.17,Rent,988.2,2223.62,687.55,23.62
47,55,Designer,2025-11,2911.17,Groceries,317.94,2223.62,687.55,23.62
47,55,Designer,2025-11,2911.17,Transport,176.57,2223.62,687.55,23.62
47,55,Designer,2025-11,2911.17,Entertainment,126.79,2223.62,687.55,23.62
47,55,Designer,2025-11,2911.17,Utilities,143.02,2223.62,687.55,23.62
47,55,Designer,2025-11,2911.17,Healthcare,118.13,2223.62,687.55,23.62
47,55,Designer,2025-11,2911.17,Education,103.85,2223.62,687.55,23.62
47,55,Designer,2025-11,2911.17,Shopping,249.12,2223.62,687.55,23.62
47,55,Designer,2025-12,2854.36,Rent,986.0,2321.09,533.27,18.68
47,55,Designer,2025-12,2854.36,Groceries,416.93,2321.09,533.27,18.68
47,55,Designer,2025-12,2854.36,Transport,150.42,2321.09,533.27,18.68
47,55,Designer,2025-12,2854.36,Entertainment,137.06,2321.09,533.27,18.68
47,55,Designer,2025-12,2854.36,Utilities,183.8,2321.09,533.27,18.68
47,55,Designer,2025-12,2854.36,Healthcare,126.91,2321.09,533.27,18.68
47,55,Designer,2025-12,2854.36,Education,111.19,2321.09,533.27,18.68
47,55,Designer,2025-12,2854.36,Shopping,208.77,2321.09,533.27,18.68
48,48,Engineer,2024-01,4040.68,Rent,1246.25,3136.44,904.24,22.38
48,48,Engineer,2024-01,4040.68,Groceries,413.88,3136.44,904.24,22.38
48,48,Engineer,2024-01,4040.68,Transport,324.01,3136.44,904.24,22.38
48,48,Engineer,2024-01,4040.68,Entertainment,282.93,3136.44,904.24,22.38
48,48,Engineer,2024-01,4040.68,Utilities,232.54,3136.44,904.24,22.38
48,48,Engineer,2024-01,4040.68,Healthcare,241.96,3136.44,904.24,22.38
48,48,Engineer,2024-01,4040.68,Education,92.1,3136.44,904.24,22.38
48,48,Engineer,2024-01,4040.68,Shopping,302.77,3136.44,904.24,22.38
48,48,Engineer,2024-02,4384.87,Rent,1530.95,3591.44,793.42,18.09
48,48,Engineer,2024-02,4384.87,Groceries,594.86,3591.44,793.42,18.09
48,48,Engineer,2024-02,4384.87,Transport,255.21,3591.44,793.42,18.09
48,48,Engineer,2024-02,4384.87,Entertainment,341.04,3591.44,793.42,18.09
48,48,Engineer,2024-02,4384.87,Utilities,263.24,3591.44,793.42,18.09
48,48,Engineer,2024-02,4384.87,Healthcare,98.11,3591.44,793.42,18.09
48,48,Engineer,2024-02,4384.87,Education,144.17,3591.44,793.42,18.09
48,48,Engineer,2024-02,4384.87,Shopping,363.89,3591.44,793.42,18.09
48,48,Engineer,2024-03,4335.29,Rent,1237.3,3306.71,1028.58,23.73
48,48,Engineer,2024-03,4335.29,Groceries,611.47,3306.71,1028.58,23.73
48,48,Engineer,2024-03,4335.29,Transport,386.39,3306.71,1028.58,23.73
48,48,Engineer,2024-03,4335.29,Entertainment,248.02,3306.71,1028.58,23.73
48,48,Engineer,2024-03,4335.29,Utilities,193.49,3306.71,1028.58,23.73
48,48,Engineer,2024-03,4335.29,Healthcare,130.23,3306.71,1028.58,23.73
48,48,Engineer,2024-03,4335.29,Education,160.08,3306.71,1028.58,23.73
48,48,Engineer,2024-03,4335.29,Shopping,339.73,3306.71,1028.58,23.73
48,48,Engineer,2024-04,4171.56,Rent,1196.4,2734.09,1437.47,34.46
48,48,Engineer,2024-04,4171.56,Groceries,433.35,2734.09,1437.47,34.46
48,48,Engineer,2024-04,4171.56,Transport,357.39,2734.09,1437.47,34.46
48,48,Engineer,2024-04,4171.56,Entertainment,125.89,2734.09,1437.47,34.46
48,48,Engineer,2024-04,4171.56,Utilities,172.69,2734.09,1437.47,34.46
48,48,Engineer,2024-04,4171.56,Healthcare,84.16,2734.09,1437.47,34.46
48,48,Engineer,2024-04,4171.56,Education,134.6,2734.09,1437.47,34.46
48,48,Engineer,2024-04,4171.56,Shopping,229.62,2734.09,1437.47,34.46
48,48,Engineer,2024-05,4181.61,Rent,1427.06,3235.83,945.79,22.62
48,48,Engineer,2024-05,4181.61,Groceries,458.47,3235.83,945.79,22.62
48,48,Engineer,2024-05,4181.61,Transport,290.49,3235.83,945.79,22.62
48,48,Engineer,2024-05,4181.61,Entertainment,322.05,3235.83,945.79,22.62
48,48,Engineer,2024-05,4181.61,Utilities,220.84,3235.83,945.79,22.62
48,48,Engineer,2024-05,4181.61,Healthcare,176.41,3235.83,945.79,22.62
48,48,Engineer,2024-05,4181.61,Education,16.8,3235.83,945.79,22.62
48,48,Engineer,2024-05,4181.61,Shopping,323.7,3235.83,945.79,22.62
48,48,Engineer,2024-06,4250.46,Rent,1402.87,3245.05,1005.41,23.65
48,48,Engineer,2024-06,4250.46,Groceries,478.98,3245.05,1005.41,23.65
48,48,Engineer,2024-06,4250.46,Transport,302.31,3245.05,1005.41,23.65
48,48,Engineer,2024-06,4250.46,Entertainment,294.67,3245.05,1005.41,23.65
48,48,Engineer,2024-06,4250.46,Utilities,294.2,3245.05,1005.41,23.65
48,48,Engineer,2024-06,4250.46,Healthcare,95.15,3245.05,1005.41,23.65
48,48,Engineer,2024-06,4250.46,Education,172.67,3245.05,1005.41,23.65
48,48,Engineer,2024-06,4250.46,Shopping,204.2,3245.05,1005.41,23.65
48,48,Engineer,2024-07,4320.83,Rent,1205.55,3140.46,1180.37,27.32
48,48,Engineer,2024-07,4320.83,Groceries,564.61,3140.46,1180.37,27.32
48,48,Engineer,2024-07,4320.83,Transport,292.48,3140.46,1180.37,27.32
48,48,Engineer,2024-07,4320.83,Entertainment,201.7,3140.46,1180.37,27.32
48,48,Engineer,2024-07,4320.83,Utilities,177.75,3140.46,1180.37,27.32
48,48,Engineer,2024-07,4320.83,Healthcare,111.82,3140.46,1180.37,27.32
48,48,Engineer,2024-07,4320.83,Education,198.13,3140.46,1180.37,27.32
48,48,Engineer,2024-07,4320.83,Shopping,388.43,3140.46,1180.37,27.32
48,48,Engineer,2024-08,4447.17,Rent,1239.34,3567.57,879.6,19.78
48,48,Engineer,2024-08,4447.17,Groceries,534.2,3567.57,879.6,19.78
48,48,Engineer,2024-08,4447.17,Transport,386.79,3567.57,879.6,19.78
48,48,Engineer,2024-08,4447.17,Entertainment,348.77,3567.57,879.6,19.78
48,48,Engineer,2024-08,4447.17,Utilities,238.65,3567.57,879.6,19.78
48,48,Engineer,2024-08,4447.17,Healthcare,236.5,3567.57,879.6,19.78
48,48,Engineer,2024-08,4447.17,Education,216.81,3567.57,879.6,19.78
48,48,Engineer,2024-08,4447.17,Shopping,366.48,3567.57,879.6,19.78
48,48,Engineer,2024-09,4142.91,Rent,1039.05,2749.83,1393.08,33.63
48,48,Engineer,2024-09,4142.91,Groceries,516.22,2749.83,1393.08,33.63
48,48,Engineer,2024-09,4142.91,Transport,317.21,2749.83,1393.08,33.63
48,48,Engineer,2024-09,4142.91,Entertainment,165.98,2749.83,1393.08,33.63
48,48,Engineer,2024-09,4142.91,Utilities,201.1,2749.83,1393.08,33.63
48,48,Engineer,2024-09,4142.91,Healthcare,209.66,2749.83,1393.08,33.63
48,48,Engineer,2024-09,4142.91,Education,97.43,2749.83,1393.08,33.63
48,48,Engineer,2024-09,4142.91,Shopping,203.17,2749.83,1393.08,33.63
48,48,Engineer,2024-10,4360.35,Rent,1374.71,3273.75,1086.6,24.92
48,48,Engineer,2024-10,4360.35,Groceries,603.78,3273.75,1086.6,24.92
48,48,Engineer,2024-10,4360.35,Transport,252.18,3273.75,1086.6,24.92
48,48,Engineer,2024-10,4360.35,Entertainment,292.47,3273.75,1086.6,24.92
48,48,Engineer,2024-10,4360.35,Utilities,252.83,3273.75,1086.6,24.92
48,48,Engineer,2024-10,4360.35,Healthcare,97.25,3273.75,1086.6,24.92
48,48,Engineer,2024-10,4360.35,Education,169.5,3273.75,1086.6,24.92
48,48,Engineer,2024-10,4360.35,Shopping,231.03,3273.75,1086.6,24.92
48,48,Engineer,2024-11,4199.67,Rent,1238.09,3026.77,1172.9,27.93
48,48,Engineer,2024-11,4199.67,Groceries,492.66,3026.77,1172.9,27.93
48,48,Engineer,2024-11,4199.67,Transport,281.02,3026.77,1172.9,27.93
48,48,Engineer,2024-11,4199.67,Entertainment,295.67,3026.77,1172.9,27.93
48,48,Engineer,2024-11,4199.67,Utilities,183.67,3026.77,1172.9,27.93
48,48,Engineer,2024-11,4199.67,Healthcare,247.04,3026.77,1172.9,27.93
48,48,Engineer,2024-11,4199.67,Education,116.53,3026.77,1172.9,27.93
48,48,Engineer,2024-11,4199.67,Shopping,172.08,3026.77,1172.9,27.93
48,48,Engineer,2024-12,4090.16,Rent,1264.48,3000.93,1089.23,26.63
48,48,Engineer,2024-12,4090.16,Groceries,538.47,3000.93,1089.23,26.63
48,48,Engineer,2024-12,4090.16,Transport,215.35,3000.93,1089.23,26.63
48,48,Engineer,2024-12,4090.16,Entertainment,172.4,3000.93,1089.23,26.63
48,48,Engineer,2024-12,4090.16,Utilities,261.21,3000.93,1089.23,26.63
48,48,Engineer,2024-12,4090.16,Healthcare,89.92,3000.93,1089.23,26.63
48,48,Engineer,2024-12,4090.16,Education,174.87,3000.93,1089.23,26.63
48,48,Engineer,2024-12,4090.16,Shopping,284.22,3000.93,1089.23,26.63
48,48,Engineer,2025-01,4256.87,Rent,1211.69,2886.93,1369.94,32.18
48,48,Engineer,2025-01,4256.87,Groceries,429.78,2886.93,1369.94,32.18
48,48,Engineer,2025-01,4256.87,Transport,388.49,2886.93,1369.94,32.18
48,48,Engineer,2025-01,4256.87,Entertainment,158.08,2886.93,1369.94,32.18
48,48,Engineer,2025-01,4256.87,Utilities,209.81,2886.93,1369.94,32.18
48,48,Engineer,2025-01,4256.87,Healthcare,182.04,2886.93,1369.94,32.18
48,48,Engineer,2025-01,4256.87,Education,52.36,2886.93,1369.94,32.18
48,48,Engineer,2025-01,4256.87,Shopping,254.68,2886.93,1369.94,32.18
48,48,Engineer,2025-02,4463.02,Rent,1325.76,3351.63,1111.39,24.9
48,48,Engineer,2025-02,4463.02,Groceries,658.07,3351.63,1111.39,24.9
48,48,Engineer,2025-02,4463.02,Transport,412.27,3351.63,1111.39,24.9
48,48,Engineer,2025-02,4463.02,Entertainment,208.21,3351.63,1111.39,24.9
48,48,Engineer,2025-02,4463.02,Utilities,232.07,3351.63,1111.39,24.9
48,48,Engineer,2025-02,4463.02,Healthcare,164.83,3351.63,1111.39,24.9
48,48,Engineer,2025-02,4463.02,Education,139.73,3351.63,1111.39,24.9
48,48,Engineer,2025-02,4463.02,Shopping,210.69,3351.63,1111.39,24.9
48,48,Engineer,2025-03,4550.94,Rent,1414.74,3243.96,1306.98,28.72
48,48,Engineer,2025-03,4550.94,Groceries,545.98,3243.96,1306.98,28.72
48,48,Engineer,2025-03,4550.94,Transport,374.32,3243.96,1306.98,28.72
48,48,Engineer,2025-03,4550.94,Entertainment,226.5,3243.96,1306.98,28.72
48,48,Engineer,2025-03,4550.94,Utilities,293.69,3243.96,1306.98,28.72
48,48,Engineer,2025-03,4550.94,Healthcare,194.39,3243.96,1306.98,28.72
48,48,Engineer,2025-03,4550.94,Education,9.55,3243.96,1306.98,28.72
48,48,Engineer,2025-03,4550.94,Shopping,184.79,3243.96,1306.98,28.72
48,48,Engineer,2025-04,4493.62,Rent,1376.35,3139.81,1353.8,30.13
48,48,Engineer,2025-04,4493.62,Groceries,662.89,3139.81,1353.8,30.13
48,48,Engineer,2025-04,4493.62,Transport,240.95,3139.81,1353.8,30.13
48,48,Engineer,2025-04,4493.62,Entertainment,201.15,3139.81,1353.8,30.13
48,48,Engineer,2025-04,4493.62,Utilities,205.84,3139.81,1353.8,30.13
48,48,Engineer,2025-04,4493.62,Healthcare,189.42,3139.81,1353.8,30.13
48,48,Engineer,2025-04,4493.62,Education,86.01,3139.81,1353.8,30.13
48,48,Engineer,2025-04,4493.62,Shopping,177.21,3139.81,1353.8,30.13
48,48,Engineer,2025-05,4371.42,Rent,1327.29,3185.13,1186.29,27.14
48,48,Engineer,2025-05,4371.42,Groceries,497.19,3185.13,1186.29,27.14
48,48,Engineer,2025-05,4371.42,Transport,323.44,3185.13,1186.29,27.14
48,48,Engineer,2025-05,4371.42,Entertainment,294.14,3185.13,1186.29,27.14
48,48,Engineer,2025-05,4371.42,Utilities,201.78,3185.13,1186.29,27.14
48,48,Engineer,2025-05,4371.42,Healthcare,138.64,3185.13,1186.29,27.14
48,48,Engineer,2025-05,4371.42,Education,75.65,3185.13,1186.29,27.14
48,48,Engineer,2025-05,4371.42,Shopping,327.0,3185.13,1186.29,27.14
48,48,Engineer,2025-06,4483.68,Rent,1289.68,3603.2,880.48,19.64
48,48,Engineer,2025-06,4483.68,Groceries,514.87,3603.2,880.48,19.64
48,48,Engineer,2025-06,4483.68,Transport,423.58,3603.2,880.48,19.64
48,48,Engineer,2025-06,4483.68,Entertainment,358.55,3603.2,880.48,19.64
48,48,Engineer,2025-06,4483.68,Utilities,269.52,3603.2,880.48,19.64
48,48,Engineer,2025-06,4483.68,Healthcare,267.22,3603.2,880.48,19.64
48,48,Engineer,2025-06,4483.68,Education,147.95,3603.2,880.48,19.64
48,48,Engineer,2025-06,4483.68,Shopping,331.83,3603.2,880.48,19.64
48,48,Engineer,2025-07,4231.71,Rent,1241.15,3022.51,1209.2,28.57
48,48,Engineer,2025-07,4231.71,Groceries,453.67,3022.51,1209.2,28.57
48,48,Engineer,2025-07,4231.71,Transport,385.67,3022.51,1209.2,28.57
48,48,Engineer,2025-07,4231.71,Entertainment,323.95,3022.51,1209.2,28.57
48,48,Engineer,2025-07,4231.71,Utilities,248.41,3022.51,1209.2,28.57
48,48,Engineer,2025-07,4231.71,Healthcare,142.8,3022.51,1209.2,28.57
48,48,Engineer,2025-07,4231.71,Education,32.59,3022.51,1209.2,28.57
48,48,Engineer,2025-07,4231.71,Shopping,194.28,3022.51,1209.2,28.57
48,48,Engineer,2025-08,4158.45,Rent,1294.74,3011.13,1147.32,27.59
48,48,Engineer,2025-08,4158.45,Groceries,612.34,3011.13,1147.32,27.59
48,48,Engineer,2025-08,4158.45,Transport,217.96,3011.13,1147.32,27.59
48,48,Engineer,2025-08,4158.45,Entertainment,124.97,3011.13,1147.32,27.59
48,48,Engineer,2025-08,4158.45,Utilities,241.21,3011.13,1147.32,27.59
48,48,Engineer,2025-08,4158.45,Healthcare,130.42,3011.13,1147.32,27.59
48,48,Engineer,2025-08,4158.45,Education,183.09,3011.13,1147.32,27.59
48,48,Engineer,2025-08,4158.45,Shopping,206.4,3011.13,1147.32,27.59
48,48,Engineer,2025-09,4177.32,Rent,1156.91,2610.37,1566.95,37.51
48,48,Engineer,2025-09,4177.32,Groceries,447.99,2610.37,1566.95,37.51
48,48,Engineer,2025-09,4177.32,Transport,330.33,2610.37,1566.95,37.51
48,48,Engineer,2025-09,4177.32,Entertainment,160.45,2610.37,1566.95,37.51
48,48,Engineer,2025-09,4177.32,Utilities,220.31,2610.37,1566.95,37.51
48,48,Engineer,2025-09,4177.32,Healthcare,160.57,2610.37,1566.95,37.51
48,48,Engineer,2025-09,4177.32,Education,4.28,2610.37,1566.95,37.51
48,48,Engineer,2025-09,4177.32,Shopping,129.53,2610.37,1566.95,37.51
48,48,Engineer,2025-10,4304.04,Rent,1375.59,3234.16,1069.88,24.86
48,48,Engineer,2025-10,4304.04,Groceries,633.16,3234.16,1069.88,24.86
48,48,Engineer,2025-10,4304.04,Transport,253.75,3234.16,1069.88,24.86
48,48,Engineer,2025-10,4304.04,Entertainment,151.34,3234.16,1069.88,24.86
48,48,Engineer,2025-10,4304.04,Utilities,178.89,3234.16,1069.88,24.86
48,48,Engineer,2025-10,4304.04,Healthcare,161.15,3234.16,1069.88,24.86
48,48,Engineer,2025-10,4304.04,Education,134.1,3234.16,1069.88,24.86
48,48,Engineer,2025-10,4304.04,Shopping,346.19,3234.16,1069.88,24.86
48,48,Engineer,2025-11,4393.35,Rent,1189.88,3341.95,1051.4,23.93
48,48,Engineer,2025-11,4393.35,Groceries,540.77,3341.95,1051.4,23.93
48,48,Engineer,2025-11,4393.35,Transport,419.64,3341.95,1051.4,23.93
48,48,Engineer,2025-11,4393.35,Entertainment,203.58,3341.95,1051.4,23.93
48,48,Engineer,2025-11,4393.35,Utilities,241.47,3341.95,1051.4,23.93
48,48,Engineer,2025-11,4393.35,Healthcare,256.32,3341.95,1051.4,23.93
48,48,Engineer,2025-11,4393.35,Education,161.39,3341.95,1051.4,23.93
48,48,Engineer,2025-11,4393.35,Shopping,328.91,3341.95,1051.4,23.93
48,48,Engineer,2025-12,4156.75,Rent,1211.57,2884.41,1272.34,30.61
48,48,Engineer,2025-12,4156.75,Groceries,432.79,2884.41,1272.34,30.61
48,48,Engineer,2025-12,4156.75,Transport,333.9,2884.41,1272.34,30.61
48,48,Engineer,2025-12,4156.75,Entertainment,146.26,2884.41,1272.34,30.61
48,48,Engineer,2025-12,4156.75,Utilities,270.51,2884.41,1272.34,30.61
48,48,Engineer,2025-12,4156.75,Healthcare,218.57,2884.41,1272.34,30.61
48,48,Engineer,2025-12,4156.75,Education,110.9,2884.41,1272.34,30.61
48,48,Engineer,2025-12,4156.75,Shopping,159.91,2884.41,1272.34,30.61
49,41,Doctor,2024-01,6716.97,Rent,2021.46,4896.75,1820.23,27.1
49,41,Doctor,2024-01,6716.97,Groceries,922.63,4896.75,1820.23,27.1
49,41,Doctor,2024-01,6716.97,Transport,491.2,4896.75,1820.23,27.1
49,41,Doctor,2024-01,6716.97,Entertainment,403.48,4896.75,1820.23,27.1
49,41,Doctor,2024-01,6716.97,Utilities,427.82,4896.75,1820.23,27.1
49,41,Doctor,2024-01,6716.97,Healthcare,192.16,4896.75,1820.23,27.1
49,41,Doctor,2024-01,6716.97,Education,22.14,4896.75,1820.23,27.1
49,41,Doctor,2024-01,6716.97,Shopping,415.84,4896.75,1820.23,27.1
49,41,Doctor,2024-02,6503.7,Rent,2124.47,5015.95,1487.74,22.88
49,41,Doctor,2024-02,6503.7,Groceries,884.25,5015.95,1487.74,22.88
49,41,Doctor,2024-02,6503.7,Transport,611.9,5015.95,1487.74,22.88
49,41,Doctor,2024-02,6503.7,Entertainment,403.09,5015.95,1487.74,22.88
49,41,Doctor,2024-02,6503.7,Utilities,273.26,5015.95,1487.74,22.88
49,41,Doctor,2024-02,6503.7,Healthcare,195.93,5015.95,1487.74,22.88
49,41,Doctor,2024-02,6503.7,Education,262.73,5015.95,1487.74,22.88
49,41,Doctor,2024-02,6503.7,Shopping,260.33,5015.95,1487.74,22.88
49,41,Doctor,2024-03,7065.26,Rent,2317.59,5485.06,1580.21,22.37
49,41,Doctor,2024-03,7065.26,Groceries,823.14,5485.06,1580.21,22.37
49,41,Doctor,2024-03,7065.26,Transport,467.12,5485.06,1580.21,22.37
49,41,Doctor,2024-03,7065.26,Entertainment,409.01,5485.06,1580.21,22.37
49,41,Doctor,2024-03,7065.26,Utilities,465.17,5485.06,1580.21,22.37
49,41,Doctor,2024-03,7065.26,Healthcare,204.58,5485.06,1580.21,22.37
49,41,Doctor,2024-03,7065.26,Education,332.51,5485.06,1580.21,22.37
49,41,Doctor,2024-03,7065.26,Shopping,465.93,5485.06,1580.21,22.37
49,41,Doctor,2024-04,7324.4,Rent,1896.74,5183.85,2140.54,29.22
49,41,Doctor,2024-04,7324.4,Groceries,778.79,5183.85,2140.54,29.22
49,41,Doctor,2024-04,7324.4,Transport,668.95,5183.85,2140.54,29.22
49,41,Doctor,2024-04,7324.4,Entertainment,536.42,5183.85,2140.54,29.22
49,41,Doctor,2024-04,7324.4,Utilities,390.86,5183.85,2140.54,29.22
49,41,Doctor,2024-04,7324.4,Healthcare,355.69,5183.85,2140.54,29.22
49,41,Doctor,2024-04,7324.4,Education,317.72,5183.85,2140.54,29.22
49,41,Doctor,2024-04,7324.4,Shopping,238.69,5183.85,2140.54,29.22
49,41,Doctor,2024-05,6955.37,Rent,2332.47,5382.53,1572.84,22.61
49,41,Doctor,2024-05,6955.37,Groceries,834.0,5382.53,1572.84,22.61
49,41,Doctor,2024-05,6955.37,Transport,452.93,5382.53,1572.84,22.61
49,41,Doctor,2024-05,6955.37,Entertainment,485.38,5382.53,1572.84,22.61
49,41,Doctor,2024-05,6955.37,Utilities,348.28,5382.53,1572.84,22.61
49,41,Doctor,2024-05,6955.37,Healthcare,139.99,5382.53,1572.84,22.61
49,41,Doctor,2024-05,6955.37,Education,333.71,5382.53,1572.84,22.61
49,41,Doctor,2024-05,6955.37,Shopping,455.77,5382.53,1572.84,22.61
49,41,Doctor,2024-06,7172.08,Rent,2384.93,5212.34,1959.74,27.32
49,41,Doctor,2024-06,7172.08,Groceries,741.02,5212.34,1959.74,27.32
49,41,Doctor,2024-06,7172.08,Transport,419.87,5212.34,1959.74,27.32
49,41,Doctor,2024-06,7172.08,Entertainment,326.73,5212.34,1959.74,27.32
49,41,Doctor,2024-06,7172.08,Utilities,355.89,5212.34,1959.74,27.32
49,41,Doctor,2024-06,7172.08,Healthcare,332.44,5212.34,1959.74,27.32
49,41,Doctor,2024-06,7172.08,Education,223.46,5212.34,1959.74,27.32
49,41,Doctor,2024-06,7172.08,Shopping,428.0,5212.34,1959.74,27.32
49,41,Doctor,2024-07,6635.31,Rent,1912.28,4638.48,1996.82,30.09
49,41,Doctor,2024-07,6635.31,Groceries,843.88,4638.48,1996.82,30.09
49,41,Doctor,2024-07,6635.31,Transport,487.03,4638.48,1996.82,30.09
49,41,Doctor,2024-07,6635.31,Entertainment,241.29,4638.48,1996.82,30.09
49,41,Doctor,2024-07,6635.31,Utilities,394.7,4638.48,1996.82,30.09
49,41,Doctor,2024-07,6635.31,Healthcare,152.09,4638.48,1996.82,30.09
49,41,Doctor,2024-07,6635.31,Education,125.47,4638.48,1996.82,30.09
49,41,Doctor,2024-07,6635.31,Shopping,481.73,4638.48,1996.82,30.09
49,41,Doctor,2024-08,6466.54,Rent,1985.22,4747.15,1719.39,26.59
49,41,Doctor,2024-08,6466.54,Groceries,754.81,4747.15,1719.39,26.59
49,41,Doctor,2024-08,6466.54,Transport,326.18,4747.15,1719.39,26.59
49,41,Doctor,2024-08,6466.54,Entertainment,255.55,4747.15,1719.39,26.59
49,41,Doctor,2024-08,6466.54,Utilities,441.2,4747.15,1719.39,26.59
49,41,Doctor,2024-08,6466.54,Healthcare,264.13,4747.15,1719.39,26.59
49,41,Doctor,2024-08,6466.54,Education,322.43,4747.15,1719.39,26.59
49,41,Doctor,2024-08,6466.54,Shopping,397.62,4747.15,1719.39,26.59
49,41,Doctor,2024-09,6928.88,Rent,2003.72,4527.65,2401.23,34.66
49,41,Doctor,2024-09,6928.88,Groceries,800.3,4527.65,2401.23,34.66
49,41,Doctor,2024-09,6928.88,Transport,433.59,4527.65,2401.23,34.66
49,41,Doctor,2024-09,6928.88,Entertainment,326.84,4527.65,2401.23,34.66
49,41,Doctor,2024-09,6928.88,Utilities,372.74,4527.65,2401.23,34.66
49,41,Doctor,2024-09,6928.88,Healthcare,191.79,4527.65,2401.23,34.66
49,41,Doctor,2024-09,6928.88,Education,77.91,4527.65,2401.23,34.66
49,41,Doctor,2024-09,6928.88,Shopping,320.76,4527.65,2401.23,34.66
49,41,Doctor,2024-10,6845.33,Rent,2158.21,5065.12,1780.21,26.01
49,41,Doctor,2024-10,6845.33,Groceries,977.56,5065.12,1780.21,26.01
49,41,Doctor,2024-10,6845.33,Transport,440.54,5065.12,1780.21,26.01
49,41,Doctor,2024-10,6845.33,Entertainment,268.24,5065.12,1780.21,26.01
49,41,Doctor,2024-10,6845.33,Utilities,351.61,5065.12,1780.21,26.01
49,41,Doctor,2024-10,6845.33,Healthcare,381.8,5065.12,1780.21,26.01
49,41,Doctor,2024-10,6845.33,Education,3.37,5065.12,1780.21,26.01
49,41,Doctor,2024-10,6845.33,Shopping,483.77,5065.12,1780.21,26.01
49,41,Doctor,2024-11,6869.95,Rent,1828.13,4893.72,1976.24,28.77
49,41,Doctor,2024-11,6869.95,Groceries,797.27,4893.72,1976.24,28.77
49,41,Doctor,2024-11,6869.95,Transport,420.77,4893.72,1976.24,28.77
49,41,Doctor,2024-11,6869.95,Entertainment,507.63,4893.72,1976.24,28.77
49,41,Doctor,2024-11,6869.95,Utilities,374.11,4893.72,1976.24,28.77
49,41,Doctor,2024-11,6869.95,Healthcare,292.14,4893.72,1976.24,28.77
49,41,Doctor,2024-11,6869.95,Education,203.93,4893.72,1976.24,28.77
49,41,Doctor,2024-11,6869.95,Shopping,469.75,4893.72,1976.24,28.77
49,41,Doctor,2024-12,6886.19,Rent,1733.85,4637.43,2248.75,32.66
49,41,Doctor,2024-12,6886.19,Groceries,803.87,4637.43,2248.75,32.66
49,41,Doctor,2024-12,6886.19,Transport,407.62,4637.43,2248.75,32.66
49,41,Doctor,2024-12,6886.19,Entertainment,440.77,4637.43,2248.75,32.66
49,41,Doctor,2024-12,6886.19,Utilities,287.16,4637.43,2248.75,32.66
49,41,Doctor,2024-12,6886.19,Healthcare,293.02,4637.43,2248.75,32.66
49,41,Doctor,2024-12,6886.19,Education,72.52,4637.43,2248.75,32.66
49,41,Doctor,2024-12,6886.19,Shopping,598.62,4637.43,2248.75,32.66
49,41,Doctor,2025-01,6744.98,Rent,1905.61,5176.38,1568.6,23.26
49,41,Doctor,2025-01,6744.98,Groceries,985.91,5176.38,1568.6,23.26
49,41,Doctor,2025-01,6744.98,Transport,478.0,5176.38,1568.6,23.26
49,41,Doctor,2025-01,6744.98,Entertainment,527.07,5176.38,1568.6,23.26
49,41,Doctor,2025-01,6744.98,Utilities,274.69,5176.38,1568.6,23.26
49,41,Doctor,2025-01,6744.98,Healthcare,217.55,5176.38,1568.6,23.26
49,41,Doctor,2025-01,6744.98,Education,224.67,5176.38,1568.6,23.26
49,41,Doctor,2025-01,6744.98,Shopping,562.88,5176.38,1568.6,23.26
49,41,Doctor,2025-02,6675.14,Rent,2289.89,5486.91,1188.24,17.8
49,41,Doctor,2025-02,6675.14,Groceries,865.81,5486.91,1188.24,17.8
49,41,Doctor,2025-02,6675.14,Transport,601.1,5486.91,1188.24,17.8
49,41,Doctor,2025-02,6675.14,Entertainment,332.83,5486.91,1188.24,17.8
49,41,Doctor,2025-02,6675.14,Utilities,309.5,5486.91,1188.24,17.8
49,41,Doctor,2025-02,6675.14,Healthcare,376.81,5486.91,1188.24,17.8
49,41,Doctor,2025-02,6675.14,Education,311.44,5486.91,1188.24,17.8
49,41,Doctor,2025-02,6675.14,Shopping,399.54,5486.91,1188.24,17.8
49,41,Doctor,2025-03,6454.6,Rent,1684.51,4198.34,2256.26,34.96
49,41,Doctor,2025-03,6454.6,Groceries,830.39,4198.34,2256.26,34.96
49,41,Doctor,2025-03,6454.6,Transport,330.4,4198.34,2256.26,34.96
49,41,Doctor,2025-03,6454.6,Entertainment,321.73,4198.34,2256.26,34.96
49,41,Doctor,2025-03,6454.6,Utilities,316.93,4198.34,2256.26,34.96
49,41,Doctor,2025-03,6454.6,Healthcare,313.53,4198.34,2256.26,34.96
49,41,Doctor,2025-03,6454.6,Education,17.94,4198.34,2256.26,34.96
49,41,Doctor,2025-03,6454.6,Shopping,382.91,4198.34,2256.26,34.96
49,41,Doctor,2025-04,6959.93,Rent,2169.61,5527.17,1432.75,20.59
49,41,Doctor,2025-04,6959.93,Groceries,836.99,5527.17,1432.75,20.59
49,41,Doctor,2025-04,6959.93,Transport,453.92,5527.17,1432.75,20.59
49,41,Doctor,2025-04,6959.93,Entertainment,446.3,5527.17,1432.75,20.59
49,41,Doctor,2025-04,6959.93,Utilities,455.37,5527.17,1432.75,20.59
49,41,Doctor,2025-04,6959.93,Healthcare,332.3,5527.17,1432.75,20.59
49,41,Doctor,2025-04,6959.93,Education,324.37,5527.17,1432.75,20.59
49,41,Doctor,2025-04,6959.93,Shopping,508.32,5527.17,1432.75,20.59
49,41,Doctor,2025-05,7123.63,Rent,1900.52,4879.08,2244.55,31.51
49,41,Doctor,2025-05,7123.63,Groceries,861.8,4879.08,2244.55,31.51
49,41,Doctor,2025-05,7123.63,Transport,528.95,4879.08,2244.55,31.51
49,41,Doctor,2025-05,7123.63,Entertainment,305.0,4879.08,2244.55,31.51
49,41,Doctor,2025-05,7123.63,Utilities,397.9,4879.08,2244.55,31.51
49,41,Doctor,2025-05,7123.63,Healthcare,225.33,4879.08,2244.55,31.51
49,41,Doctor,2025-05,7123.63,Education,244.88,4879.08,2244.55,31.51
49,41,Doctor,2025-05,7123.63,Shopping,414.72,4879.08,2244.55,31.51
49,41,Doctor,2025-06,6853.76,Rent,2387.6,5206.06,1647.69,24.04
49,41,Doctor,2025-06,6853.76,Groceries,819.86,5206.06,1647.69,24.04
49,41,Doctor,2025-06,6853.76,Transport,466.84,5206.06,1647.69,24.04
49,41,Doctor,2025-06,6853.76,Entertainment,314.79,5206.06,1647.69,24.04
49,41,Doctor,2025-06,6853.76,Utilities,458.12,5206.06,1647.69,24.04
49,41,Doctor,2025-06,6853.76,Healthcare,273.25,5206.06,1647.69,24.04
49,41,Doctor,2025-06,6853.76,Education,205.62,5206.06,1647.69,24.04
49,41,Doctor,2025-06,6853.76,Shopping,279.97,5206.06,1647.69,24.04
49,41,Doctor,2025-07,6926.24,Rent,1921.79,5296.75,1629.49,23.53
49,41,Doctor,2025-07,6926.24,Groceries,945.65,5296.75,1629.49,23.53
49,41,Doctor,2025-07,6926.24,Transport,634.63,5296.75,1629.49,23.53
49,41,Doctor,2025-07,6926.24,Entertainment,455.33,5296.75,1629.49,23.53
49,41,Doctor,2025-07,6926.24,Utilities,428.78,5296.75,1629.49,23.53
49,41,Doctor,2025-07,6926.24,Healthcare,280.51,5296.75,1629.49,23.53
49,41,Doctor,2025-07,6926.24,Education,246.62,5296.75,1629.49,23.53
49,41,Doctor,2025-07,6926.24,Shopping,383.45,5296.75,1629.49,23.53
49,41,Doctor,2025-08,7023.79,Rent,1937.89,4544.38,2479.42,35.3
49,41,Doctor,2025-08,7023.79,Groceries,726.88,4544.38,2479.42,35.3
49,41,Doctor,2025-08,7023.79,Transport,496.4,4544.38,2479.42,35.3
49,41,Doctor,2025-08,7023.79,Entertainment,372.89,4544.38,2479.42,35.3
49,41,Doctor,2025-08,7023.79,Utilities,334.98,4544.38,2479.42,35.3
49,41,Doctor,2025-08,7023.79,Healthcare,344.93,4544.38,2479.42,35.3
49,41,Doctor,2025-08,7023.79,Education,25.83,4544.38,2479.42,35.3
49,41,Doctor,2025-08,7023.79,Shopping,304.59,4544.38,2479.42,35.3
49,41,Doctor,2025-09,7109.46,Rent,2088.14,5116.27,1993.19,28.04
49,41,Doctor,2025-09,7109.46,Groceries,961.66,5116.27,1993.19,28.04
49,41,Doctor,2025-09,7109.46,Transport,557.2,5116.27,1993.19,28.04
49,41,Doctor,2025-09,7109.46,Entertainment,551.24,5116.27,1993.19,28.04
49,41,Doctor,2025-09,7109.46,Utilities,411.88,5116.27,1993.19,28.04
49,41,Doctor,2025-09,7109.46,Healthcare,146.42,5116.27,1993.19,28.04
49,41,Doctor,2025-09,7109.46,Education,125.44,5116.27,1993.19,28.04
49,41,Doctor,2025-09,7109.46,Shopping,274.31,5116.27,1993.19,28.04
49,41,Doctor,2025-10,7264.84,Rent,1891.77,4809.23,2455.6,33.8
49,41,Doctor,2025-10,7264.84,Groceries,867.32,4809.23,2455.6,33.8
49,41,Doctor,2025-10,7264.84,Transport,445.37,4809.23,2455.6,33.8
49,41,Doctor,2025-10,7264.84,Entertainment,525.51,4809.23,2455.6,33.8
49,41,Doctor,2025-10,7264.84,Utilities,357.84,4809.23,2455.6,33.8
49,41,Doctor,2025-10,7264.84,Healthcare,433.53,4809.23,2455.6,33.8
49,41,Doctor,2025-10,7264.84,Education,14.03,4809.23,2455.6,33.8
49,41,Doctor,2025-10,7264.84,Shopping,273.86,4809.23,2455.6,33.8
49,41,Doctor,2025-11,6647.11,Rent,2200.93,4559.22,2087.89,31.41
49,41,Doctor,2025-11,6647.11,Groceries,956.69,4559.22,2087.89,31.41
49,41,Doctor,2025-11,6647.11,Transport,356.1,4559.22,2087.89,31.41
49,41,Doctor,2025-11,6647.11,Entertainment,210.2,4559.22,2087.89,31.41
49,41,Doctor,2025-11,6647.11,Utilities,414.36,4559.22,2087.89,31.41
49,41,Doctor,2025-11,6647.11,Healthcare,168.4,4559.22,2087.89,31.41
49,41,Doctor,2025-11,6647.11,Education,44.2,4559.22,2087.89,31.41
49,41,Doctor,2025-11,6647.11,Shopping,208.33,4559.22,2087.89,31.41
49,41,Doctor,2025-12,6492.82,Rent,1794.41,4498.63,1994.2,30.71
49,41,Doctor,2025-12,6492.82,Groceries,670.39,4498.63,1994.2,30.71
49,41,Doctor,2025-12,6492.82,Transport,444.39,4498.63,1994.2,30.71
49,41,Doctor,2025-12,6492.82,Entertainment,465.14,4498.63,1994.2,30.71
49,41,Doctor,2025-12,6492.82,Utilities,323.28,4498.63,1994.2,30.71
49,41,Doctor,2025-12,6492.82,Healthcare,318.88,4498.63,1994.2,30.71
49,41,Doctor,2025-12,6492.82,Education,30.49,4498.63,1994.2,30.71
49,41,Doctor,2025-12,6492.82,Shopping,451.66,4498.63,1994.2,30.71
50,48,Freelancer,2024-01,3534.41,Rent,931.76,2598.55,935.86,26.48
50,48,Freelancer,2024-01,3534.41,Groceries,512.12,2598.55,935.86,26.48
50,48,Freelancer,2024-01,3534.41,Transport,219.59,2598.55,935.86,26.48
50,48,Freelancer,2024-01,3534.41,Entertainment,168.44,2598.55,935.86,26.48
50,48,Freelancer,2024-01,3534.41,Utilities,242.13,2598.55,935.86,26.48
50,48,Freelancer,2024-01,3534.41,Healthcare,152.47,2598.55,935.86,26.48
50,48,Freelancer,2024-01,3534.41,Education,64.64,2598.55,935.86,26.48
50,48,Freelancer,2024-01,3534.41,Shopping,307.41,2598.55,935.86,26.48
50,48,Freelancer,2024-02,3349.88,Rent,869.25,2527.76,822.12,24.54
50,48,Freelancer,2024-02,3349.88,Groceries,501.95,2527.76,822.12,24.54
50,48,Freelancer,2024-02,3349.88,Transport,212.36,2527.76,822.12,24.54
50,48,Freelancer,2024-02,3349.88,Entertainment,243.08,2527.76,822.12,24.54
50,48,Freelancer,2024-02,3349.88,Utilities,150.63,2527.76,822.12,24.54
50,48,Freelancer,2024-02,3349.88,Healthcare,165.0,2527.76,822.12,24.54
50,48,Freelancer,2024-02,3349.88,Education,87.84,2527.76,822.12,24.54
50,48,Freelancer,2024-02,3349.88,Shopping,297.65,2527.76,822.12,24.54
50,48,Freelancer,2024-03,3448.03,Rent,870.63,2388.58,1059.45,30.73
50,48,Freelancer,2024-03,3448.03,Groceries,448.91,2388.58,1059.45,30.73
50,48,Freelancer,2024-03,3448.03,Transport,197.45,2388.58,1059.45,30.73
50,48,Freelancer,2024-03,3448.03,Entertainment,241.11,2388.58,1059.45,30.73
50,48,Freelancer,2024-03,3448.03,Utilities,226.53,2388.58,1059.45,30.73
50,48,Freelancer,2024-03,3448.03,Healthcare,135.45,2388.58,1059.45,30.73
50,48,Freelancer,2024-03,3448.03,Education,135.03,2388.58,1059.45,30.73
50,48,Freelancer,2024-03,3448.03,Shopping,133.46,2388.58,1059.45,30.73
50,48,Freelancer,2024-04,3421.38,Rent,990.13,2426.65,994.74,29.07
50,48,Freelancer,2024-04,3421.38,Groceries,446.72,2426.65,994.74,29.07
50,48,Freelancer,2024-04,3421.38,Transport,178.68,2426.65,994.74,29.07
50,48,Freelancer,2024-04,3421.38,Entertainment,231.31,2426.65,994.74,29.07
50,48,Freelancer,2024-04,3421.38,Utilities,144.98,2426.65,994.74,29.07
50,48,Freelancer,2024-04,3421.38,Healthcare,158.27,2426.65,994.74,29.07
50,48,Freelancer,2024-04,3421.38,Education,3.16,2426.65,994.74,29.07
50,48,Freelancer,2024-04,3421.38,Shopping,273.41,2426.65,994.74,29.07
50,48,Freelancer,2024-05,3282.16,Rent,989.74,2328.42,953.74,29.06
50,48,Freelancer,2024-05,3282.16,Groceries,371.13,2328.42,953.74,29.06
50,48,Freelancer,2024-05,3282.16,Transport,282.7,2328.42,953.74,29.06
50,48,Freelancer,2024-05,3282.16,Entertainment,151.2,2328.42,953.74,29.06
50,48,Freelancer,2024-05,3282.16,Utilities,202.64,2328.42,953.74,29.06
50,48,Freelancer,2024-05,3282.16,Healthcare,103.04,2328.42,953.74,29.06
50,48,Freelancer,2024-05,3282.16,Education,123.49,2328.42,953.74,29.06
50,48,Freelancer,2024-05,3282.16,Shopping,104.49,2328.42,953.74,29.06
50,48,Freelancer,2024-06,3329.81,Rent,998.49,2381.75,948.06,28.47
50,48,Freelancer,2024-06,3329.81,Groceries,340.48,2381.75,948.06,28.47
50,48,Freelancer,2024-06,3329.81,Transport,197.46,2381.75,948.06,28.47
50,48,Freelancer,2024-06,3329.81,Entertainment,255.49,2381.75,948.06,28.47
50,48,Freelancer,2024-06,3329.81,Utilities,230.77,2381.75,948.06,28.47
50,48,Freelancer,2024-06,3329.81,Healthcare,165.13,2381.75,948.06,28.47
50,48,Freelancer,2024-06,3329.81,Education,41.99,2381.75,948.06,28.47
50,48,Freelancer,2024-06,3329.81,Shopping,151.94,2381.75,948.06,28.47
50,48,Freelancer,2024-07,3488.81,Rent,913.23,2580.19,908.62,26.04
50,48,Freelancer,2024-07,3488.81,Groceries,514.3,2580.19,908.62,26.04
50,48,Freelancer,2024-07,3488.81,Transport,213.66,2580.19,908.62,26.04
50,48,Freelancer,2024-07,3488.81,Entertainment,279.04,2580.19,908.62,26.04
50,48,Freelancer,2024-07,3488.81,Utilities,191.44,2580.19,908.62,26.04
50,48,Freelancer,2024-07,3488.81,Healthcare,177.43,2580.19,908.62,26.04
50,48,Freelancer,2024-07,3488.81,Education,0.38,2580.19,908.62,26.04
50,48,Freelancer,2024-07,3488.81,Shopping,290.7,2580.19,908.62,26.04
50,48,Freelancer,2024-08,3323.97,Rent,1053.01,2419.47,904.5,27.21
50,48,Freelancer,2024-08,3323.97,Groceries,466.41,2419.47,904.5,27.21
50,48,Freelancer,2024-08,3323.97,Transport,193.48,2419.47,904.5,27.21
50,48,Freelancer,2024-08,3323.97,Entertainment,173.26,2419.47,904.5,27.21
50,48,Freelancer,2024-08,3323.97,Utilities,182.2,2419.47,904.5,27.21
50,48,Freelancer,2024-08,3323.97,Healthcare,107.98,2419.47,904.5,27.21
50,48,Freelancer,2024-08,3323.97,Education,80.07,2419.47,904.5,27.21
50,48,Freelancer,2024-08,3323.97,Shopping,163.05,2419.47,904.5,27.21
50,48,Freelancer,2024-09,3363.77,Rent,1066.09,2575.21,788.57,23.44
50,48,Freelancer,2024-09,3363.77,Groceries,442.77,2575.21,788.57,23.44
50,48,Freelancer,2024-09,3363.77,Transport,207.25,2575.21,788.57,23.44
50,48,Freelancer,2024-09,3363.77,Entertainment,251.86,2575.21,788.57,23.44
50,48,Freelancer,2024-09,3363.77,Utilities,221.62,2575.21,788.57,23.44
50,48,Freelancer,2024-09,3363.77,Healthcare,135.77,2575.21,788.57,23.44
50,48,Freelancer,2024-09,3363.77,Education,72.87,2575.21,788.57,23.44
50,48,Freelancer,2024-09,3363.77,Shopping,176.97,2575.21,788.57,23.44
50,48,Freelancer,2024-10,3515.78,Rent,1115.09,2561.54,954.24,27.14
50,48,Freelancer,2024-10,3515.78,Groceries,386.06,2561.54,954.24,27.14
50,48,Freelancer,2024-10,3515.78,Transport,293.82,2561.54,954.24,27.14
50,48,Freelancer,2024-10,3515.78,Entertainment,149.85,2561.54,954.24,27.14
50,48,Freelancer,2024-10,3515.78,Utilities,142.59,2561.54,954.24,27.14
50,48,Freelancer,2024-10,3515.78,Healthcare,168.65,2561.54,954.24,27.14
50,48,Freelancer,2024-10,3515.78,Education,113.35,2561.54,954.24,27.14
50,48,Freelancer,2024-10,3515.78,Shopping,192.13,2561.54,954.24,27.14
50,48,Freelancer,2024-11,3436.13,Rent,1184.49,2649.76,786.36,22.89
50,48,Freelancer,2024-11,3436.13,Groceries,445.87,2649.76,786.36,22.89
50,48,Freelancer,2024-11,3436.13,Transport,284.83,2649.76,786.36,22.89
50,48,Freelancer,2024-11,3436.13,Entertainment,114.06,2649.76,786.36,22.89
50,48,Freelancer,2024-11,3436.13,Utilities,154.56,2649.76,786.36,22.89
50,48,Freelancer,2024-11,3436.13,Healthcare,110.09,2649.76,786.36,22.89
50,48,Freelancer,2024-11,3436.13,Education,92.67,2649.76,786.36,22.89
50,48,Freelancer,2024-11,3436.13,Shopping,263.19,2649.76,786.36,22.89
50,48,Freelancer,2024-12,3346.45,Rent,955.87,2454.13,892.32,26.66
50,48,Freelancer,2024-12,3346.45,Groceries,377.5,2454.13,892.32,26.66
50,48,Freelancer,2024-12,3346.45,Transport,209.92,2454.13,892.32,26.66
50,48,Freelancer,2024-12,3346.45,Entertainment,259.16,2454.13,892.32,26.66
50,48,Freelancer,2024-12,3346.45,Utilities,197.65,2454.13,892.32,26.66
50,48,Freelancer,2024-12,3346.45,Healthcare,87.8,2454.13,892.32,26.66
50,48,Freelancer,2024-12,3346.45,Education,120.85,2454.13,892.32,26.66
50,48,Freelancer,2024-12,3346.45,Shopping,245.37,2454.13,892.32,26.66
50,48,Freelancer,2025-01,3497.88,Rent,921.59,2337.25,1160.63,33.18
50,48,Freelancer,2025-01,3497.88,Groceries,421.14,2337.25,1160.63,33.18
50,48,Freelancer,2025-01,3497.88,Transport,193.57,2337.25,1160.63,33.18
50,48,Freelancer,2025-01,3497.88,Entertainment,247.76,2337.25,1160.63,33.18
50,48,Freelancer,2025-01,3497.88,Utilities,208.67,2337.25,1160.63,33.18
50,48,Freelancer,2025-01,3497.88,Healthcare,140.92,2337.25,1160.63,33.18
50,48,Freelancer,2025-01,3497.88,Education,59.99,2337.25,1160.63,33.18
50,48,Freelancer,2025-01,3497.88,Shopping,143.61,2337.25,1160.63,33.18
50,48,Freelancer,2025-02,3252.23,Rent,1128.28,2479.9,772.33,23.75
50,48,Freelancer,2025-02,3252.23,Groceries,357.69,2479.9,772.33,23.75
50,48,Freelancer,2025-02,3252.23,Transport,172.35,2479.9,772.33,23.75
50,48,Freelancer,2025-02,3252.23,Entertainment,253.94,2479.9,772.33,23.75
50,48,Freelancer,2025-02,3252.23,Utilities,183.65,2479.9,772.33,23.75
50,48,Freelancer,2025-02,3252.23,Healthcare,168.68,2479.9,772.33,23.75
50,48,Freelancer,2025-02,3252.23,Education,7.12,2479.9,772.33,23.75
50,48,Freelancer,2025-02,3252.23,Shopping,208.2,2479.9,772.33,23.75
50,48,Freelancer,2025-03,3380.21,Rent,1105.99,2398.72,981.49,29.04
50,48,Freelancer,2025-03,3380.21,Groceries,344.52,2398.72,981.49,29.04
50,48,Freelancer,2025-03,3380.21,Transport,236.9,2398.72,981.49,29.04
50,48,Freelancer,2025-03,3380.21,Entertainment,236.46,2398.72,981.49,29.04
50,48,Freelancer,2025-03,3380.21,Utilities,188.21,2398.72,981.49,29.04
50,48,Freelancer,2025-03,3380.21,Healthcare,141.97,2398.72,981.49,29.04
50,48,Freelancer,2025-03,3380.21,Education,16.42,2398.72,981.49,29.04
50,48,Freelancer,2025-03,3380.21,Shopping,128.24,2398.72,981.49,29.04
50,48,Freelancer,2025-04,3502.5,Rent,1112.06,2684.0,818.5,23.37
50,48,Freelancer,2025-04,3502.5,Groceries,521.72,2684.0,818.5,23.37
50,48,Freelancer,2025-04,3502.5,Transport,299.81,2684.0,818.5,23.37
50,48,Freelancer,2025-04,3502.5,Entertainment,191.45,2684.0,818.5,23.37
50,48,Freelancer,2025-04,3502.5,Utilities,230.18,2684.0,818.5,23.37
50,48,Freelancer,2025-04,3502.5,Healthcare,84.69,2684.0,818.5,23.37
50,48,Freelancer,2025-04,3502.5,Education,78.68,2684.0,818.5,23.37
50,48,Freelancer,2025-04,3502.5,Shopping,165.41,2684.0,818.5,23.37
50,48,Freelancer,2025-05,3251.43,Rent,1061.11,2433.16,818.27,25.17
50,48,Freelancer,2025-05,3251.43,Groceries,408.18,2433.16,818.27,25.17
50,48,Freelancer,2025-05,3251.43,Transport,253.09,2433.16,818.27,25.17
50,48,Freelancer,2025-05,3251.43,Entertainment,164.4,2433.16,818.27,25.17
50,48,Freelancer,2025-05,3251.43,Utilities,174.96,2433.16,818.27,25.17
50,48,Freelancer,2025-05,3251.43,Healthcare,80.12,2433.16,818.27,25.17
50,48,Freelancer,2025-05,3251.43,Education,109.4,2433.16,818.27,25.17
50,48,Freelancer,2025-05,3251.43,Shopping,181.91,2433.16,818.27,25.17
50,48,Freelancer,2025-06,3563.81,Rent,960.91,2769.42,794.39,22.29
50,48,Freelancer,2025-06,3563.81,Groceries,392.92,2769.42,794.39,22.29
50,48,Freelancer,2025-06,3563.81,Transport,293.26,2769.42,794.39,22.29
50,48,Freelancer,2025-06,3563.81,Entertainment,257.66,2769.42,794.39,22.29
50,48,Freelancer,2025-06,3563.81,Utilities,193.04,2769.42,794.39,22.29
50,48,Freelancer,2025-06,3563.81,Healthcare,174.91,2769.42,794.39,22.29
50,48,Freelancer,2025-06,3563.81,Education,178.07,2769.42,794.39,22.29
50,48,Freelancer,2025-06,3563.81,Shopping,318.66,2769.42,794.39,22.29
50,48,Freelancer,2025-07,3532.04,Rent,1144.23,2668.56,863.47,24.45
50,48,Freelancer,2025-07,3532.04,Groceries,396.93,2668.56,863.47,24.45
50,48,Freelancer,2025-07,3532.04,Transport,323.81,2668.56,863.47,24.45
50,48,Freelancer,2025-07,3532.04,Entertainment,177.5,2668.56,863.47,24.45
50,48,Freelancer,2025-07,3532.04,Utilities,243.22,2668.56,863.47,24.45
50,48,Freelancer,2025-07,3532.04,Healthcare,82.14,2668.56,863.47,24.45
50,48,Freelancer,2025-07,3532.04,Education,76.97,2668.56,863.47,24.45
50,48,Freelancer,2025-07,3532.04,Shopping,223.76,2668.56,863.47,24.45
50,48,Freelancer,2025-08,3383.25,Rent,917.06,2369.63,1013.62,29.96
50,48,Freelancer,2025-08,3383.25,Groceries,438.64,2369.63,1013.62,29.96
50,48,Freelancer,2025-08,3383.25,Transport,297.04,2369.63,1013.62,29.96
50,48,Freelancer,2025-08,3383.25,Entertainment,210.58,2369.63,1013.62,29.96
50,48,Freelancer,2025-08,3383.25,Utilities,159.13,2369.63,1013.62,29.96
50,48,Freelancer,2025-08,3383.25,Healthcare,166.67,2369.63,1013.62,29.96
50,48,Freelancer,2025-08,3383.25,Education,43.46,2369.63,1013.62,29.96
50,48,Freelancer,2025-08,3383.25,Shopping,137.06,2369.63,1013.62,29.96
50,48,Freelancer,2025-09,3508.49,Rent,1172.82,2757.65,750.84,21.4
50,48,Freelancer,2025-09,3508.49,Groceries,435.32,2757.65,750.84,21.4
50,48,Freelancer,2025-09,3508.49,Transport,268.64,2757.65,750.84,21.4
50,48,Freelancer,2025-09,3508.49,Entertainment,158.36,2757.65,750.84,21.4
50,48,Freelancer,2025-09,3508.49,Utilities,192.4,2757.65,750.84,21.4
50,48,Freelancer,2025-09,3508.49,Healthcare,88.69,2757.65,750.84,21.4
50,48,Freelancer,2025-09,3508.49,Education,167.68,2757.65,750.84,21.4
50,48,Freelancer,2025-09,3508.49,Shopping,273.74,2757.65,750.84,21.4
50,48,Freelancer,2025-10,3498.54,Rent,1062.92,2587.41,911.13,26.04
50,48,Freelancer,2025-10,3498.54,Groceries,488.43,2587.41,911.13,26.04
50,48,Freelancer,2025-10,3498.54,Transport,261.47,2587.41,911.13,26.04
50,48,Freelancer,2025-10,3498.54,Entertainment,157.43,2587.41,911.13,26.04
50,48,Freelancer,2025-10,3498.54,Utilities,156.77,2587.41,911.13,26.04
50,48,Freelancer,2025-10,3498.54,Healthcare,160.59,2587.41,911.13,26.04
50,48,Freelancer,2025-10,3498.54,Education,162.58,2587.41,911.13,26.04
50,48,Freelancer,2025-10,3498.54,Shopping,137.2,2587.41,911.13,26.04
50,48,Freelancer,2025-11,3284.5,Rent,963.54,2230.24,1054.25,32.1
50,48,Freelancer,2025-11,3284.5,Groceries,460.96,2230.24,1054.25,32.1
50,48,Freelancer,2025-11,3284.5,Transport,212.49,2230.24,1054.25,32.1
50,48,Freelancer,2025-11,3284.5,Entertainment,140.23,2230.24,1054.25,32.1
50,48,Freelancer,2025-11,3284.5,Utilities,192.47,2230.24,1054.25,32.1
50,48,Freelancer,2025-11,3284.5,Healthcare,136.06,2230.24,1054.25,32.1
50,48,Freelancer,2025-11,3284.5,Education,9.89,2230.24,1054.25,32.1
50,48,Freelancer,2025-11,3284.5,Shopping,114.59,2230.24,1054.25,32.1
50,48,Freelancer,2025-12,3487.59,Rent,1034.11,2585.1,902.49,25.88
50,48,Freelancer,2025-12,3487.59,Groceries,518.08,2585.1,902.49,25.88
50,48,Freelancer,2025-12,3487.59,Transport,292.7,2585.1,902.49,25.88
50,48,Freelancer,2025-12,3487.59,Entertainment,106.38,2585.1,902.49,25.88
50,48,Freelancer,2025-12,3487.59,Utilities,189.83,2585.1,902.49,25.88
50,48,Freelancer,2025-12,3487.59,Healthcare,127.57,2585.1,902.49,25.88
50,48,Freelancer,2025-12,3487.59,Education,18.61,2585.1,902.49,25.88
50,48,Freelancer,2025-12,3487.59,Shopping,297.81,2585.1,902.49,25.88
